 CÓDIGO ;Número;Ramal/Estrada;Classificação;Segmentação;Rodovia/Estrada de acesso;Ponto de referencia ;Local de Início ;Local Termino ;Município;Calha;Extensão (km);Extensão de Obra (km);Und;Latitude Inicial;Longitude Inicial;Latitude Final;Longitude Final;Traçado KML;Traçado SHP;Ficha de Cadastro;Fotos;Relatorio;Mapa ;Assentamento Oficial;Acesso a Comunidades ou Distritos;Zona Agrícola ou Agropecuária;Zonas ou Pontos de Turísticos ;Atividade Industrial ;Nota Uso de Solo;População;Qtd. Sub-Vicinais ;Nota Nível de Ocupação;Acesso intermodal;Via de Acesso Alternativa ;Boa trafegabilidade terrestre;Infraestrutura de Acesso ;Acesso a serviços publicos;Nota de Vulnerabilidade de Transporte;Relevo;Tipo de Terreno;Unidades de Conservação;Sitio Arqueológico ;Terra Indigena ;OAES;Nota de Dificuldade de Elaboração de projeto e execução;Desenvolvimento Local;Vulnerabilidade de transporte ;Dificuldade de Elaboração;Soma;Prioridade;Revestimento;Qualidade do Pavimento Existente ;Fonte;Situação;ANO DE CONCLUSÃO;numero_ct_cv;RESUMO DO OBJETO;Custo Estimado ;Custo Contratatado 
 RMALV ;1;RAMAL DO JARAUÁ ;ESTRADA;PRIMÁRIO;AM-363;AM-362 - KM 4,33;Início do Ramal do Jarauá - Am-362 - Km 4,33;Fim do Ramal do Jarauá - Km 2,7;ALVARÃES;INTERIOR;2,60;;km;"  3°14'9.57""S";" 64°49'45.33""W";"  3°15'4.63""S";" 64°50'48.25""W";Ok;;;;;;;;;;;;;;;;;;;;;;;;;;;;;;;;;LEITO NATURAL;;;A VISITAR;;;;R$ 6.500.000,00;
RMMAO;333;RAMAL DE ACESSO A UNIDADE PRISIONAL;ESTRADA;PRIMÁRIO;BR-174;BR-174 - KM 08 ;Início Ramal Acesso Unidade Prisional - Manaus - Br-174 - 8 Km;Fim do Ramal de Acesso a Unidade Prisional - Manaus - 2,16 Km;MANAUS;RMM;2,16;2,16;km;"  2°54'36.75""S";" 60° 2'18.22""W";"  2°54'24.05""S";" 60° 1'18.47""W";Ok;;;;;;;;;;;;;;;;;;;;;;;;;;;;;;;;;PAVIMENTADA;;SEINFRA ;CONCLUÍDO;;CT-00002/2022-SEINFRA;Ramais de Acesso as Unidades Prisionais, localizados na Rodovia BR-174, kM 8– em Manaus;R$ 5.400.000,00;R$ 2.798.055,65
RMCRO;63;RAMAL SÃO JOSÉ;ESTRADA;PRIMÁRIO;AM-354;AM-354 - KM 11,13;Início do Ramal do São José - Am-354 - Km 11,13;Fim do Ramal do São José - Km 4,74;CAREIRO;RMM;4,74;14,42;km;"  3°41'8.51""S";" 60°20'46.15""W";"  3°39'46.53""S";" 60°18'37.40""W";Ok;;;;;;;;;;;;;;;;;;;;;;;;;;;;;;;;;PAVIMENTADA;;SEINFRA ;VISITADO / CONCLUÍDO;;CT-00004/2017-SEINFRA;Ramal do São José;R$ 11.850.000,00;R$ 10.309.060,36
RMATZ;4;RAMAL DO kM 21 - AM-254 ;ESTRADA;PRIMÁRIO;AM-254 ;AM-254 - KM 21,82;Início do Ramal do Km 21 - Am-254 - Km 21,82;Fim do Ramal do Km 21 - Am-254 - Ramal do Maçarico - Km 7;AUTAZES;RMM;7,00;;km;"  3°32'23.71""S";" 59°46'55.54""W";"  3°35'24.70""S";" 59°49'9.30""W";Ok;;;;;;;;;;;;;;;;;;;;;;;;;;;;;;;;;LEITO NATURAL;;SEINFRA ;VISITADO;;;;R$ 17.500.000,00;
RMATZ;5;RAMAL DO kM 26 - AM-254 ;ESTRADA;PRIMÁRIO;AM-254 ;AM-254 - KM 26,38;Início do Ramal do Km 26 - Am-254 - Km 26,38;Fim do Ramal do Km 26 - Am-254 - Km 9,74;AUTAZES;RMM;9,74;;km;"  3°33'58.92""S";" 59°45'2.05""W";"  3°38'2.22""S";" 59°48'23.42""W";Ok;;;;;;;;;;;;;;;;;;;;;;;;;;;;;;;;;LEITO NATURAL;;SEINFRA ;A VISITAR;;;;R$ 24.350.000,00;
RMATZ;6;RAMAL DO kM 26 - MD - AM-254;ESTRADA;PRIMÁRIO;AM-254 ;AM-254 - KM 26,40;Início do Ramal do Km 26 - MD - Am-254 - Km 26,40;Fim Ramal do Km 26 - MD - Am-254 - Km 5,65;AUTAZES;RMM;5,65;;km;"  3°33'58.79""S";" 59°45'1.59""W";"  3°31'18.32""S";" 59°44'4.04""W";Ok;;;;;;;;;;;;;;;;;;;;;;;;;;;;;;;;;LEITO NATURAL;;SEINFRA ;A VISITAR;;;;R$ 14.125.000,00;
RMATZ;7;RAMAL DO kM 29 - MD - AM-254 ;ESTRADA;PRIMÁRIO;AM-254 ;AM-254 - KM 29,30;Início do Ramal do KM 29 - MD - Am-254 - Km 29,30 ;Fim do Ramal do Km 29 - MD - AM-254 - Km 15,3;AUTAZES;RMM;15,30;;km;"  3°34'27.07""S";" 59°43'33.71""W";"  3°26'36.17""S";" 59°41'46.83""W";Ok;;;;;;;;;;;;;;;;;;;;;;;;;;;;;;;;;LEITO NATURAL;;SEINFRA ;A VISITAR;;;;R$ 38.250.000,00;
RMATZ;8;RAMAL DO kM 29 - AM-254;ESTRADA;PRIMÁRIO;AM-254 ;AM-254 - KM 29,47;Início do Ramal do Km 29 -Am-254 - Km 29,47;Fim do Ramal do Km 29 - Am-254 - Km 7,89;AUTAZES;RMM;7,89;;km;"  3°34'28.39""S";" 59°43'28.58""W";"  3°38'39.36""S";" 59°43'50.74""W";Ok;;;;;;;;;;;;;;;;;;;;;;;;;;;;;;;;;LEITO NATURAL;;SEINFRA ;A VISITAR;;;;R$ 19.725.000,00;
RMATZ;9;RAMAL DO kM 33 - AM-254;ESTRADA;PRIMÁRIO;AM-254 ;AM-254 - KM 33,14;Início do Ramal do Km 33 - Am-254 - Km 33,14;Fim do Ramal do Km 33 - Am-254 - Km 8,1;AUTAZES;RMM;8,10;;km;"  3°34'49.09""S";" 59°41'32.68""W";"  3°39'2.13""S";" 59°41'57.59""W";Ok;;;;;;;;;;;;;;;;;;;;;;;;;;;;;;;;;LEITO NATURAL;;SEINFRA ;VISITADO;;;;R$ 20.250.000,00;
RMATZ;10;RAMAL DO kM 33 - MD - AM-254 ;ESTRADA;PRIMÁRIO;AM-254 ;AM-254 - KM 33,20;Início do Ramal do Km 33 - MD - Am-254 - Km 33,20;Fim do Ramal do Km 33 - MD - Km 10,8;AUTAZES;RMM;10,80;;km;"  3°34'48.89""S";" 59°41'30.73""W";"  3°29'9.90""S";" 59°40'13.09""W";Ok;;;;;;;;;;;;;;;;;;;;;;;;;;;;;;;;;LEITO NATURAL;;SEINFRA ;A VISITAR;;;;R$ 27.000.000,00;
RMATZ;11;RAMAL DO kM 36 - AM-254;ESTRADA;PRIMÁRIO;AM-254 ;AM-254 - KM 36,25;Início do Ramal do Km 36 - Am-254 - Km 36,25;Fim do Ramal do Km 36 - Km 3,46;AUTAZES;RMM;3,46;;km;"  3°35'5.85""S";" 59°39'53.24""W";"  3°36'52.25""S";" 59°39'54.29""W";Ok;;;;;;;;;;;;;;;;;;;;;;;;;;;;;;;;;LEITO NATURAL;;SEINFRA ;A VISITAR;;;;R$ 8.650.000,00;
RMATZ;12;RAMAL DO kM 38 - AM-254;ESTRADA;PRIMÁRIO;AM-254 ;AM-254 - KM 38,74;Início do Ramal do Km 38 - Am-254 - Km 38,74;Fim do Ramal do Km 38 - Am-254 - Km 9,79;AUTAZES;RMM;9,79;;km;"  3°35'19.96""S";" 59°38'33.86""W";"  3°30'11.51""S";" 59°38'15.25""W";Ok;;;;;;;;;;;;;;;;;;;;;;;;;;;;;;;;;LEITO NATURAL;;SEINFRA ;A VISITAR;;;;R$ 24.475.000,00;
RMCRO;66;RAMAL DO CINTURÃO VERDE;ESTRADA;PRIMÁRIO;BR-319;BR-319 - KM 83;Início do Ramal do Cinturão Verde - Br-319 - Km 83;Fim do Ramal do Cinturão Verde - Km 9,55;CAREIRO;RMM;9,55;9,55;km;"  3°33'52.85""S";" 60°17'41.51""W";"  3°36'33.22""S";" 60°13'41.15""W";Ok;;;;;;;;;;;;;;;;;;;;;;;;;;;;;;;;;PAVIMENTADA;;SEINFRA ;VISITADO / CONCLUÍDO;;CT-00004/2017-SEINFRA;Ramal Do Cinturão Verde;R$ 23.875.000,00;R$ 6.827.429,01
RMATZ;14;RAMAL DO kM 41 - AM-254;ESTRADA;PRIMÁRIO;AM-254;AM-254 -  KM 41,81;Início do Ramal do Km 41 - Am-254 - Km 41,81;Fim do Ramal do Km 41 - Am-254 - Km 0,94;AUTAZES;RMM;0,94;;km;"  3°35'38.12""S";" 59°36'55.98""W";"  3°36'7.86""S";" 59°37'0.08""W";Ok;;;;;;;;;;;;;;;;;;;;;;;;;;;;;;;;;LEITO NATURAL;;SEINFRA ;A VISITAR;;;;R$ 2.350.000,00;
RMITA;184;ESTRADA DO ENGENHO ;ESTRADA;PRIMÁRIO;ESTRADA DO NOVO REMANSO;ESTRADA DO NOVO REMANSO - KM 25;Início estrada do Engenho - 25 Km - Ramal do Novo Remanso;Fim da estrada do engenho - 16,3 Km - Engenho comércio de combustíveis;ITACOATIARA;RMM;16,30;16,15;km;"  3° 5'52.36""S";" 59° 4'8.31""W";"  3°10'13.83""S";" 59° 8'51.76""W";Ok;;;;;;;;;;;;;;;;;;;;;;;;;;;;;;;;;PAVIMENTADA;;SEINFRA ;EM OBRA;;CT-00007/2023-SEINFRA;Estrada do Engenho, kM 25 da Estrada de Novo Remanso;R$ 40.750.000,00;R$ 24.843.271,97
RMTEF;464;ESTRADA DO EMADE ( OBRA );ESTRADA;PRIMÁRIO;AM-366;AM-366 - KM 392,30;Início do Ramal do Emade - Am-366 - Km 392,30;Fim do Ramal do Emade - Porto do Emade - Km 21,6;TEFÉ;INTERIOR;21,60;21,60;km;"  3°24'58.67""S";" 64°44'1.27""W";"  3°24'13.55""S";" 64°36'44.88""W";Ok;;;;;;;;;;;;;;;;;;;;;;;;;;;;;;;;;PAVIMENTADA;;SEINFRA ;EM OBRA;;CT-00008/2022-SEINFRA;Estrada da EMADE;R$ 54.000.000,00;R$ 33.864.747,92
RMATZ;17;RAMAL DO kM 49 - AM-254;ESTRADA;PRIMÁRIO;AM-254;AM-254 - KM 49,44;Início do Ramal do Km 49 - Am-254 - Km 49,44;Fim do Ramal do Km 49 - Am-254 - Km 1,17;AUTAZES;RMM;1,17;;km;"  3°36'21.58""S";" 59°32'52.86""W";"  3°36'54.54""S";" 59°33'5.49""W";Ok;;;;;;;;;;;;;;;;;;;;;;;;;;;;;;;;;LEITO NATURAL;;SEINFRA ;A VISITAR;;;;R$ 2.925.000,00;
RMATZ;18;RAMAL DO kM 49 - MD - AM-254 ;ESTRADA;PRIMÁRIO;AM-254;AM-254 - KM 49,66;Início do Ramal do Km 49 - MD- Am-254 - Km 49,66;Fim do Ramal do Km 49 - MD - Am-254 - Km 0,95;AUTAZES;RMM;0,95;;km;"  3°36'22.45""S";" 59°32'45.72""W";"  3°35'52.74""S";" 59°32'40.07""W";Ok;;;;;;;;;;;;;;;;;;;;;;;;;;;;;;;;;LEITO NATURAL;;SEINFRA ;A VISITAR;;;;R$ 2.375.000,00;
RMATZ;19;RAMAL DO kM 51 - AM-254;ESTRADA;PRIMÁRIO;AM-254;AM-254 - KM 51,22;Início do Ramal do Km 51 - Am-254 - Km 51,22;Fim do Ramal do Km 51 - Am- 254 - Km 3,92;AUTAZES;RMM;3,92;;km;"  3°36'32.12""S";" 59°31'56.15""W";" 3°38'8.72""S";" 59°31'57.32""W";Ok;;;;;;;;;;;;;;;;;;;;;;;;;;;;;;;;;LEITO NATURAL;;SEINFRA ;A VISITAR;;;;R$ 9.800.000,00;
RMATZ;20;RAMAL DO ATURIÁ ;ESTRADA;PRIMÁRIO;AM-254;AM-254 - KM 52,90;Início do Ramal do Aturiá - Am-254 - Km 52,90;Fim do Ramal do Aturiá - Km 4,38;AUTAZES;RMM;4,38;;km;"  3°36'16.01""S";" 59°31'3.29""W";"  3°38'19.39""S";" 59°30'8.30""W";Ok;;;;;;;;;;;;;;;;;;;;;;;;;;;;;;;;;LEITO NATURAL;;SEINFRA ;VISITADO;;;;R$ 10.950.000,00;
RMANR;3;RAMAL DO MATO GROSSO ;ESTRADA;PRIMÁRIO;R.PROF. ALMIR;R.PROF. ALMIR - KM 00;Início do Ramal do Mato Grosso - R.Prof. Almir - Km 00;Fim do Ramal do Mato Grosso - Comunidade Mato Grosso - Km 21,9;ANORI;INTERIOR;21,70;10,02;km;"  3°34'22.28""S";" 61°41'37.03""W";"  3°44'35.27""S";" 61°39'35.24""W";Ok;;;;;;;;;;;;;;;;;;;;;;;;;;;;;;;;;PAVIMENTADA;;SEINFRA ;EM OBRA;;CT-00008/2023-SEINFRA;Ramal Mato Grosso;R$ 54.250.000,00;R$ 19.033.641,78
RMATZ;22;RAMAL SANTA MARIA;ESTRADA;PRIMÁRIO;AM-254;AM-254 - KM 72,98;Início do Ramal Santa Maria - Am-254 - Km 72,98;Fim do Ramal Santa Maria - Km 4,80;AUTAZES;RMM;4,80;;km;"  3°32'34.19""S";" 59°21'12.54""W";"  3°30'35.16""S";" 59°22'43.47""W";Ok;;;;;;;;;;;;;;;;;;;;;;;;;;;;;;;;;LEITO NATURAL;;SEINFRA ;VISITADO;;;;R$ 12.000.000,00;
RMATZ;23;RAMAL DO PIRAPITINGA;ESTRADA;PRIMÁRIO;AM-254;AM-254 - KM 79,54;Início do Ramal do Pirapitinga - Am-254 - Km 79,54;Fim do Ramal do Pirapitinga - Km 3,59;AUTAZES;RMM;3,59;;km;"  3°33'21.67""S";" 59°17'58.07""W";"  3°35'14.94""S";" 59°18'2.52""W";Ok;;;;;;;;;;;;;;;;;;;;;;;;;;;;;;;;;LEITO NATURAL;;SEINFRA ;VISITADO;;;;R$ 8.975.000,00;
RMATZ;24;ESTRADA NOVO CÉU;ESTRADA;PRIMÁRIO;AM-254;AM-254 - KM 83,21;Início da Estrada do Novo Céu - Am-254 - Km 83,21;Fim da Estrada do Novo Céu - Am-254 - Km 18,5;AUTAZES;RMM;18,50;;km;"  3°32'9.10""S";" 59°16'25.61""W";"  3°23'3.28""S";" 59°16'25.09""W";Ok;;;;;;;;;;;;;;;;;;;;;;;;;;;;;;;;;LEITO NATURAL;;SEINFRA ;VISITADO;;;;R$ 46.250.000,00;
RMATZ;25;RAMAL DO kM 85 - AM-254;ESTRADA;PRIMÁRIO;AM-254;AM-254 - KM 85,78;Início do Ramal do Km 85 - Am-254 - Km 85,78;Fim do Ramal do Km 85 - Am-254 - Km 2,52;AUTAZES;RMM;2,52;;km;"  3°31'31.04""S";" 59°15'14.92""W";"  3°30'26.77""S";" 59°14'41.72""W";Ok;;;;;;;;;;;;;;;;;;;;;;;;;;;;;;;;;LEITO NATURAL;;SEINFRA ;A VISITAR;;;;R$ 6.300.000,00;
RMATZ;26;RAMAL DO kM 88 - AM-254;ESTRADA;PRIMÁRIO;AM-254;AM-254 - KM 88,27;Início do Ramal do Km 88 - Am-254 - Km 88,27;Fim do Ramal do Km 88 - Am-254 - Km 2,54;AUTAZES;RMM;2,54;;km;"  3°32'1.66""S";" 59°14'5.90""W";"  3°30'57.64""S";" 59°13'33.85""W";Ok;;;;;;;;;;;;;;;;;;;;;;;;;;;;;;;;;LEITO NATURAL;;SEINFRA ;A VISITAR;;;;R$ 6.350.000,00;
RMCRO;62;RAMAL DO MAÇARICO;ESTRADA;PRIMÁRIO;AM-254;AM-254 - KM 18,04;Início do Ramal do Maçarico - Am-254 - Km 18,04;Fim do Ramal do Maçarico - Porto de Maçarico - Km 11,9;CAREIRO;RMM;11,90;11,91;km;"  3°31'7.27""S";" 59°48'30.25""W";"  3°37'6.67""S";" 59°48'55.91""W";Ok;;;;;;;;;;;;;;;;;;;;;;;;;;;;;;;;;PAVIMENTADA;;SEINFRA ;VISITADO / EM OBRA;;CT-00009/2023-SEINFRA;Ramal Maçarico;R$ 29.750.000,00;R$ 15.715.606,19
RMMAO;330;RAMAL DO PAU ROSA ;ESTRADA;PRIMÁRIO;BR-174;BR-174 - KM 21 ;Início do Ramal do Pau Rosa - Perto do Paraíso 21 - Br - 174  - Km 21 ;Fim do Ramal do Pau Rosa - Km 32;MANAUS;RMM;32,00;30,24;km;"  2°47'34.89""S";" 60° 2'12.23""W";"  2°40'43.33""S";" 60°11'42.33""W";Ok;;;;;;;;;;;;;;;;;;;;;;;;;;;;;;;;;PAVIMENTADA;;SEINFRA ;VISITADO / EM OBRA;;CT-00010/2023-SEINFRA;Ramal do Pau Rosa, kM 21 da Rodovia BR-174;R$ 80.000.000,00;R$ 80.070.079,38
RMMAO;331;RAMAL DA COOPERATIVA ;ESTRADA;PRIMÁRIO;RAMAL DO PAU ROSA;RAMAL DO PAU ROSA - KM 15,5;Início do Ramal da Cooperativa - 15,5 Km - Ramal do Pau Rosa;Fim do Ramal da Cooperativa - 33,5 Km - Comunidade Nossa Sr. de Fátima;MANAUS;RMM;33,50;33,43;km;"  2°46'53.55""S";" 60° 8'10.62""W";"  3° 1'15.78""S";" 60° 9'52.40""W";Ok;;;;;;;;;;;;;;;;;;;;;;;;;;;;;;;;;PAVIMENTADA;;SEINFRA ;VISITADO / EM OBRA;;CT-00010/2023-SEINFRA;Ramal da Cooperativa, kM  21 da Rodovia BR-174;R$ 83.750.000,00;R$ 88.516.625,45
RMATZ;30;RAMAL TERRA PROMETIDA I;ESTRADA;PRIMÁRIO;AM-254 ;AM-254 - KM 108,26;Início do Terra Prometida I - Am-254 - Km 108,26;Fim do Ramal Terra Prometida I - Km 2,1;AUTAZES;RMM;2,10;;km;"  3°36'52.77""S";" 59° 8'6.45""W";"  3°37'0.52""S";" 59° 7'0.18""W";Ok;;;;;;;;;;;;;;;;;;;;;;;;;;;;;;;;;LEITO NATURAL;;SEINFRA ;VISITADO;;;;R$ 5.250.000,00;
RMATZ;31;RAMAL TERRA PROMETIDA II;ESTRADA;PRIMÁRIO;AM-254 ;AM-254 - KM 108,77;Início do Ramal Terra Prometida II - Am-254 - Km 108,77;Fim do Ramal Terra Prometida II - Km 1,67;AUTAZES;RMM;1,67;;km;"  3°37'6.28""S";" 59° 7'57.72""W";"  3°37'9.95""S";" 59° 7'3.87""W";Ok;;;;;;;;;;;;;;;;;;;;;;;;;;;;;;;;;LEITO NATURAL;;SEINFRA ;VISITADO;;;;R$ 4.175.000,00;
RMATZ;32;RAMAL TERRA PROMETIDA III;ESTRADA;PRIMÁRIO;AM-254 ;AM-254 - KM 109,17;Início do Ramal Terra Prometida III - Am-254 - Km 109,17;Fim do Ramal Terra Prometida III - Km 1,1 ;AUTAZES;RMM;1,10;;km;"  3°37'19.28""S";" 59° 7'56.90""W";"  3°37'22.73""S";" 59° 7'23.53""W";Ok;;;;;;;;;;;;;;;;;;;;;;;;;;;;;;;;;LEITO NATURAL;;SEINFRA ;VISITADO;;;;R$ 2.750.000,00;
RMATZ;33;RAMAL DO TUMBIRA;ESTRADA;PRIMÁRIO;AM-254 ;AM-254 - KM 110,50;Início do Ramal do Tumbira - Am-254 - Km 110,50;Fim do Ramal do Tumbira - Km 5,46;AUTAZES;RMM;5,46;;km;"  3°38'2.24""S";" 59° 7'54.69""W";"  3°39'56.88""S";" 59° 9'27.50""W";Ok;;;;;;;;;;;;;;;;;;;;;;;;;;;;;;;;;LEITO NATURAL;;SEINFRA ;VISITADO;;;;R$ 13.650.000,00;
RMATZ;34;RAMAL DO BACURI ;ESTRADA;PRIMÁRIO;AM-254 ;AM-254 - KM 111,50;Início do Ramal do Bacuri - Am-254 - Km 111,50;Fim do Ramal do Bacuri - Km 2,14;AUTAZES;RMM;2,14;;km;"  3°38'25.35""S";" 59° 7'32.26""W";"  3°37'48.13""S";" 59° 6'36.96""W";Ok;;;;;;;;;;;;;;;;;;;;;;;;;;;;;;;;;LEITO NATURAL;;SEINFRA ;VISITADO;;;;R$ 5.350.000,00;
RMATZ;35;RAMAL DO BACURI 2;ESTRADA;PRIMÁRIO;AM-254 ;AM-254 - KM 113,63;Início do Ramal do Bacuri 2 - Am-254 - Km 113,63;Fim do Ramal do Bacuri 2 - Am-254 - Km 1,94;AUTAZES;RMM;1,94;;km;"  3°38'25.35""S";" 59° 6'45.52""W";"  3°38'34.11""S";" 59° 5'56.47""W";Ok;;;;;;;;;;;;;;;;;;;;;;;;;;;;;;;;;LEITO NATURAL;;SEINFRA ;VISITADO;;;;R$ 4.850.000,00;
RMATZ;36;ESTRADA DO SAMPAIO ;ESTRADA;PRIMÁRIO;AM-254;AM-254 - KM 114,03;Início da Estrada do Sampaio - Am-254 - Km 114,03;Fim da Estrada do Sampaio - Km 25,1;AUTAZES;RMM;25,10;;km;"  3°39'24.64""S";" 59° 6'40.25""W";"  3°50'5.18""S";" 59°10'36.43""W";Ok;;;;;;;;;;;;;;;;;;;;;;;;;;;;;;;;;LEITO NATURAL;;SEINFRA ;A VISITAR;;;;R$ 62.750.000,00;
RMATZ;37;RAMAL DO REMANSO ;ESTRADA;PRIMÁRIO;ESTRADA DO SAMPAIO ;ESTRADA DO SAMPAIO - KM 5,96;Início do Ramal do Remanso - Estrada do Sampaio - Km 5,96;Fim do Ramal do Remanso - Km 2,16;AUTAZES;RMM;2,16;;km;"  3°42'5.99""S";" 59° 7'23.70""W";"  3°41'55.78""S";" 59° 6'35.61""W";Ok;;;;;;;;;;;;;;;;;;;;;;;;;;;;;;;;;LEITO NATURAL;;SEINFRA ;VISITADO;;;;R$ 5.400.000,00;
RMATZ;38;SUB. RAMAL  DA JOSEFA ;ESTRADA;PRIMÁRIO;ESTRADA DO SAMPAIO ;ESTRADA DO SAMPAIO - KM 22;Início do Sub.Ramal da Josefa - Estrada do Sampaio - Km 22;Fim do Sub.Ramal JoseFa - Km 3,97;AUTAZES;RMM;3,97;;km;"  3°48'40.07""S";" 59°10'59.26""W";"  3°49'12.16""S";" 59° 9'9.75""W";Ok;;;;;;;;;;;;;;;;;;;;;;;;;;;;;;;;;LEITO NATURAL;;SEINFRA ;A VISITAR;;;;R$ 9.925.000,00;
RMATZ;39;SUB. RAMAL  AZ-3 ;ESTRADA;PRIMÁRIO;ESTRADA DO SAMPAIO ;ESTRADA DO SAMPAIO - 22,10;Início do Ramal AZ - 3 - Estrada do Sampaio - Km 22,10;Fim do Ramal AZ - 3 - Km 17, 9;AUTAZES;RMM;17,90;;km;"  3°48'45.35""S";" 59°10'58.52""W";"  3°55'18.94""S";" 59°17'9.89""W";Ok;;;;;;;;;;;;;;;;;;;;;;;;;;;;;;;;;LEITO NATURAL;;SEINFRA ;A VISITAR;;;;R$ 44.750.000,00;
RMCRO;64;RAMAL DO kM 11 - AM-354;ESTRADA;PRIMÁRIO;AM-354;AM-354 - KM 11,12;Início do Ramal do Km 11 - Am-354 - Km 11,12;Fim do Ramal do Km 11 - Am-354 - Km 1,26;CAREIRO;RMM;1,26;9,46;km;"  3°41'9.18""S";" 60°20'46.55""W";"  3°41'30.61""S";" 60°21'21.28""W";Ok;;;;;;;;;;;;;;;;;;;;;;;;;;;;;;;;;PAVIMENTADA;;SEINFRA ;VISITADO / CONCLUÍDO;;CT-00012/2021-SEINFRA;Ramal do kM 11 ;R$ 3.150.000,00;R$ 22.345.266,19
RMATZ;41;RAMAL DO kM 150 - AM-254;ESTRADA;PRIMÁRIO;AM-254;AM-254 - KM 150,93;Início do Ramal do Km 150 - Am-254 - Km 150,93;Fim do Ramal do Km 150 - Am-254 - Km 1,51;AUTAZES;RMM;1,51;;km;"  3°52'22.16""S";" 59° 2'43.84""W";"  3°52'32.28""S";" 59° 1'56.90""W";Ok;;;;;;;;;;;;;;;;;;;;;;;;;;;;;;;;;LEITO NATURAL;;SEINFRA ;A VISITAR;;;;R$ 3.775.000,00;
RMATZ;42;RAMAL DO CURUCURU;ESTRADA;PRIMÁRIO;AM-254;AM-254 - KM 56,54;Início do Ramal do Curucuru - Am-254 - Km 56,54;Fim do Ramal do Curucuru - Am-254 - Km 3,95;AUTAZES;RMM;3,95;;km;"  3°35'35.68""S";" 59°29'13.57""W";"  3°37'37.84""S";" 59°28'43.39""W";Ok;;;;;;;;;;;;;;;;;;;;;;;;;;;;;;;;;LEITO NATURAL;;SEINFRA ;VISITADO;;;;R$ 9.875.000,00;
RMATZ;43;ESTRADA DO AXINIM;ESTRADA;PRIMÁRIO;SUB.RAMAL AZ-3;SUB.RAMAL AZ-3 - KM 17,9;Início Estrada do Axinim - Sub.Ramal Az-3 - Km 17,9;Fim da Estrada do Axinim - Comunidade Axinim - Km 18,6;AUTAZES;RMM;18,60;;km;"  3°55'18.99""S";" 59°17'9.97""W";"  4° 2'23.66""S";" 59°22'26.35""W";Ok;;;;;;;;;;;;;;;;;;;;;;;;;;;;;;;;;LEITO NATURAL;;SEINFRA ;A VISITAR;;;;R$ 46.500.000,00;
RMATZ;44;ESTRADA DO PURUPURU;ESTRADA;PRIMÁRIO;AM-254 ;AM-254 - KM 22,23;Início da Estrada do Purupuru - Am-254 - Km 22,23;Fim da Estrada do Purupuru - Ao Lado do Pid Ponto de Inclusão Digital - Km 28,16;AUTAZES;RMM;28,16;;km;"  3°32'31.81""S";" 59°46'44.62""W";"  3°22'58.78""S";" 59°43'22.96""W";Ok;;;;;;;;;;;;;;;;;;;;;;;;;;;;;;;;;LEITO NATURAL;;SEINFRA ;A VISITAR;;;;R$ 70.400.000,00;
RMCRO;65;RAMAL CABECEIRA DO PURUPURU;ESTRADA;PRIMÁRIO;BR-319;BR-319 - KM 22;Início do Ramal Cabeceira do Purupuru - Br-319 - Km 01;Fim do ramal cabeceira do purupuru - 8,71 Km - escola municipal aFonso de souza;CAREIRO;RMM;8,71;8,71;km;"  3°22'0.12""S";" 59°52'24.73""W";"  3°23'1.50""S";" 59°48'32.39""W";Ok;;;;;;;;;;;;;;;;;;;;;;;;;;;;;;;;;PAVIMENTADA;;SEINFRA ;VISITADO / EM OBRA;;CT-00013/2021-SEINFRA;Ramal da Cabeceira do Purupuru;R$ 21.775.000,00; R$ 20.136.314,85 
RMCRV;71;SUB. RAMAL DO SISSAÍMA;ESTRADA;PRIMÁRIO;SUB.RAMAL DO MIRITI ;SUB.RAMAL DO MIRITI - KM 8,07;Início do Ramal Sissaíma - No Sub.Ramal do Miriti - Km 8,07;Fim do Ramal do Sissaíma - Km 11,3;CAREIRO DA VÁRZEA;RMM;11,30;11,25;km;"  3°21'22.09""S";" 59°32'0.73""W";"  3°18'57.76""S";" 59°29'3.41""W";Ok;;;;;;;;;;;;;;;;;;;;;;;;;;;;;;;;;PAVIMENTADA;;SEINFRA ;VISITADO / EM OBRA;;CT-00016/2023-SEINFRA;Ramal Sissaíma;R$ 28.250.000,00;R$ 17.651.160,12
 RMSPO ;456;ESTRADA JOAQUIM SANTANA;ESTRADA;PRIMÁRIO;R. DEZ DE NOVEMBRO ;R. DEZ DE NOVEMBRO - AO LADO MERCANTIL KI-BARATO;Início da Estrada Joaquim Santana - R. Dez de Novembro - Ao Lado Mercantil K-Barato - Km 00;Fim da Estrada Joaquim Santana - Km 3,1;SÃO PAULO DE OLIVENÇA;INTERIOR;3,10;3,06;km;"  3°27'55.58""S";" 68°57'39.70""W";"  3°28'11.04""S";" 68°59'0.19""W";Ok;;;;;;;;;;;;;;;;;;;;;;;;;;;;;;;;;PAVIMENTADA;;SEINFRA ;CONCLUÍDO;;CT-00019/2021-SEINFRA;Estrada Joaquim Santana;R$ 7.750.000,00;R$ 5.577.367,02
RMCAP;48;ESTRADA DO MEMBECA - CAAPIRANGA;ESTRADA;PRIMÁRIO;R. ANTÔNIO MECENA ;R. ANTÔNIO MECENA - KM 00;Início da Estrada Membeca - R. Antônio Mecena - Ao lado do Posto Deus Conosco - Km 0,1;Fim da Estrada do Membeca - Comunidade Membeca - Km 33;CAAPIRANGA;INTERIOR;32,00;;km;"  3°19'35.18""S";" 61°12'47.39""W";"  3° 7'49.77""S";" 61° 7'33.79""W";Ok;;;;;;;;;;;;;;;;;;;;;;;;;;;;;;;;;LEITO NATURAL;;;EM OBRA;;;;R$ 80.000.000,00;
RMCRO;49;RAMAL DO kM 6 - AM-254;ESTRADA;PRIMÁRIO;AM-254;AM-254 - KM 6,21;Início do Ramal do Km 6 - Am-254 - Km 6,21;Fim do Ramal do Km 6 - Am-254 - Km 2,94;CAREIRO;RMM;2,94;;km;"  3°26'33.55""S";" 59°52'34.47""W";"  3°25'41.11""S";" 59°51'19.19""W";Ok;;;;;;;;;;;;;;;;;;;;;;;;;;;;;;;;;LEITO NATURAL;;SEINFRA ;A VISITAR;;;;R$ 7.350.000,00;
RMCRO;50;RAMAL DO kM 7 - AM-254;ESTRADA;PRIMÁRIO;AM-254;AM-254 - KM 7,10;Início do Ramal do Km 7 - Am-254 - Km 7,10;Fim do Ramal do Km 7 - Km 6,52;CAREIRO;RMM;6,52;;km;"  3°26'57.93""S";" 59°52'18.90""W";"  3°28'38.83""S";" 59°55'9.78""W";Ok;;;;;;;;;;;;;;;;;;;;;;;;;;;;;;;;;LEITO NATURAL;;SEINFRA ;A VISITAR;;;;R$ 16.300.000,00;
RMCRO;51;RAMAL DO PEDRINHO;ESTRADA;PRIMÁRIO;AM-254;AM-254 - KM 7,16;Início do Ramal do Pedrinho - Am-254 - Km 7,16;Fim do Ramal do Pedrinho - Am-254 - Km 0,9;CAREIRO;RMM;0,90;;km;"  3°26'59.26""S";" 59°52'17.53""W";"  3°26'43.10""S";" 59°51'51.07""W";Ok;;;;;;;;;;;;;;;;;;;;;;;;;;;;;;;;;LEITO NATURAL;;SEINFRA ;A VISITAR;;;;R$ 2.250.000,00;
RMCRO;52;RAMAL DO kM 8 - AM-254 ;ESTRADA;PRIMÁRIO;AM-254;AM-254 - KM 8,80;Início do Ramal do Km 8 - Am-254 - Km 8,80;Fim do Ramal do Km 8 - Am-254 - Km 5,95;CAREIRO;RMM;5,95;;km;"  3°27'44.06""S";" 59°51'48.71""W";"  3°29'34.31""S";" 59°54'8.76""W";Ok;;;;;;;;;;;;;;;;;;;;;;;;;;;;;;;;;LEITO NATURAL;;SEINFRA ;A VISITAR;;;;R$ 14.875.000,00;
RMCRO;53;RAMAL DO kM 9 - AM-254;ESTRADA;PRIMÁRIO;AM-254;AM-254 - KM 9,78;Início do Ramal do Km 9 - Am-254 - Km 9,78;Fim do Ramal do Km 9 - Am-254 - Km 5;CAREIRO;RMM;5,00;;km;"  3°28'10.25""S";" 59°51'30.41""W";"  3°26'12.00""S";" 59°49'57.18""W";Ok;;;;;;;;;;;;;;;;;;;;;;;;;;;;;;;;;LEITO NATURAL;;SEINFRA ;A VISITAR;;;;R$ 12.500.000,00;
RMCRO;54;RAMAL DO kM 13 - AM-254;ESTRADA;PRIMÁRIO;AM-254;AM-254 - KM 13,06;Fim do Ramal do Km 13 - Am-254 - Km 7,24;Fim do Ramal do Km 13 - Am-254 - Km 7,24;CAREIRO;RMM;7,24;;km;"  3°29'38.57""S";" 59°50'32.56""W";"  3°31'39.54""S";" 59°53'50.92""W";Ok;;;;;;;;;;;;;;;;;;;;;;;;;;;;;;;;;LEITO NATURAL;;SEINFRA ;A VISITAR;;;;R$ 18.100.000,00;
RMCRO;55; RAMAL DO kM 12 - AM-254;ESTRADA;PRIMÁRIO;AM-254;AM-254 - KM 12,12;Início do Ramal do Km 12 - Am-254 - Km 12,12;Fim do Ramal do Km 12 - Am-254 - Km 8,48;CAREIRO;RMM;8,40;;km;"  3°29'13.43""S";" 59°50'48.43""W";"  3°26'34.54""S";" 59°47'8.90""W";Ok;;;;;;;;;;;;;;;;;;;;;;;;;;;;;;;;;LEITO NATURAL;;SEINFRA ;A VISITAR;;;;R$ 21.000.000,00;
RMCRO;56;RAMAL DO kM 15 - AM-254;ESTRADA;PRIMÁRIO;AM-254;AM-254 - KM 15,74;Início do Ramal do Km 15 - Am-254 - Km 15,74;Fim do Ramal do Km 15 - E. M. 22 de Setembro - Km 16,5;CAREIRO;RMM;16,50;;km;"  3°30'51.21""S";" 59°49'42.77""W";"  3°37'1.49""S";" 59°54'35.54""W";Ok;;;;;;;;;;;;;;;;;;;;;;;;;;;;;;;;;LEITO NATURAL;;SEINFRA ;A VISITAR;;;;R$ 41.250.000,00;
RMCRO;57;RAMAL DOS 2 IRMÃOS;ESTRADA;PRIMÁRIO;AM-254 ;AM-254 - KM 13,63;Início do Ramal dos 2 irmãos - Am-254 - Ao Lado Multiloja e Serviços 2 Irmãos - Km 13,63;Fim do Ramal dos 2 Irmãos - Km 12,2 ;CAREIRO;RMM;12,20;;km;"  3°29'54.82""S";" 59°50'21.56""W";"  3°26'2.19""S";" 59°45'36.00""W";Ok;;;;;;;;;;;;;;;;;;;;;;;;;;;;;;;;;LEITO NATURAL;;SEINFRA ;A VISITAR;;;;R$ 30.500.000,00;
RMCRO;58;RAMAL DO kM 19 - AM-354;ESTRADA;PRIMÁRIO;AM-354;AM-354 - KM 19,17;Início do Ramal do Km 19 - Am-354 - Km 19,17;Fim do Ramal do Km 19 - Am-354 - Km 2,48;CAREIRO;RMM;2,48;;km;"  3°37'28.80""S";" 60°23'5.05""W";"  3°38'11.43""S";" 60°24'15.03""W";Ok;;;;;;;;;;;;;;;;;;;;;;;;;;;;;;;;;LEITO NATURAL;;SEINFRA ;A VISITAR;;;;R$ 6.200.000,00;
RMCRO;59;RAMAL DO kM 15 - AM-354 ;ESTRADA;PRIMÁRIO;AM-354;AM-354 - KM 15,18;Início do Ramal do Km 15 - Am-354 - Km 15,18;Fim do Ramal do Km 15 - Am-354 - Km 2,39;CAREIRO;RMM;2,39;;km;"  3°39'17.42""S";" 60°21'56.47""W";"  3°38'35.84""S";" 60°20'51.70""W";Ok;;;;;;;;;;;;;;;;;;;;;;;;;;;;;;;;;LEITO NATURAL;;SEINFRA ;A VISITAR;;;;R$ 5.975.000,00;
RMCRO;60;RAMAL DO kM 7 - AM-354;ESTRADA;PRIMÁRIO;AM-354;AM-354 - KM 7,11;Início do Ramal do Km 7 - Am-354 - Km 7,11;Fim do Ramal do Km 7 - Ao Lado do Centro Comunitário Ns Perpetuo Socorro - Br-319 - Km 6,69;CAREIRO;RMM;6,69;;km;"  3°43'0.07""S";" 60°19'38.36""W";"  3°41'52.71""S";" 60°16'31.38""W";Ok;;;;;;;;;;;;;;;;;;;;;;;;;;;;;;;;;LEITO NATURAL;;SEINFRA ;A VISITAR;;;;R$ 16.725.000,00;
RMCRO;61;RAMAL DO kM 5 - AM-354;ESTRADA;PRIMÁRIO;AM-354;AM-354 - KM 5,76;Início do Ramal do Km 5 - Am-354 - Km 5,76;Fim do Ramal do Km 5 - Am-354 - Km 3;CAREIRO;RMM;3,00;;km;"  3°43'38.27""S";" 60°19'16.81""W";"  3°44'15.32""S";" 60°20'38.90""W";Ok;;;;;;;;;;;;;;;;;;;;;;;;;;;;;;;;;LEITO NATURAL;;SEINFRA ;A VISITAR;;;;R$ 7.500.000,00;
RMMAO;334;RAMAL SANTO ANTÔNIO;ESTRADA;PRIMÁRIO;AM-010 ;AM-0120 - KM 52,5;Início do Ramal Santo Antônio- Recanto Bougainville - Am-010 - Km 52,5;Fim do Ramal do Antônio - Km 8,91;MANAUS;RMM;8,91;12,21;km;"  2°45'34.71""S";" 59°55'15.60""W";"  2°47'52.86""S";" 59°57'18.56""W";Ok;;;;;;;;;;;;;;;;;;;;;;;;;;;;;;;;;PAVIMENTADA;;SEINFRA ;EM OBRA;;CT-00019/2023-SEINFRA;Ramal Santo Antônio, kM 41 da Rodovia AM-010;R$ 22.275.000,00;R$ 14.196.766,23
RMATZ;27;RAMAL DO MARECHAL RONDON;ESTRADA;PRIMÁRIO;AM-254;AM-254 - KM 92,1;Início Ramal Marechal Rondon - Am-254 - Km 92,1;Fim do Ramal Marechal Rondon - Km 4,65;AUTAZES;RMM;4,65;5,28;km;"  3°32'20.68""S";" 59°12'11.56""W";"  3°30'9.09""S";" 59°12'34.40""W";Ok;;;;;;;;;;;;;;;;;;;;;;;;;;;;;;;;;PAVIMENTADA;;SEINFRA ;CONCLUÍDO;;CT-00021/2020-SEINFRA;Ramal Marechal Rondon;R$ 11.625.000,00;R$ 10.245.875,60
RMATZ;28;RAMAL SÃO FELIX;ESTRADA;PRIMÁRIO;AM-254;AM-254 - KM 93,20;Início do Ramal São Felix - Am-254 - Km 93,2;Fim do Ramal São Felix - Km 1,45;AUTAZES;RMM;1,45;1,84;km;"  3°32'45.12""S";" 59°11'44.65""W";"  3°32'59.84""S";" 59°12'14.63""W";Ok;;;;;;;;;;;;;;;;;;;;;;;;;;;;;;;;;PAVIMENTADA;;SEINFRA ;CONCLUÍDO;;CT-00021/2020-SEINFRA;Ramal São Félix;R$ 3.625.000,00;R$ 3.571.893,25
RMMAC;226; RAMAL DO ACAJATUBA;ESTRADA;PRIMÁRIO;AM-070;AM-070 - KM 69,49;Início do ramaldo acajatuba - Am-070 - Km 69,49;Fim do Ramal Acajatuba - Ramal da Prainha - Km 8,3 ;MANACAPURU;RMM;8,37;8,36;km;"  3°13'42.15""S";" 60°34'19.91""W";"  3°10'8.22""S";" 60°32'52.78""W";Ok;;;;;;;;;;;;;;;;;;;;;;;;;;;;;;;;;PAVIMENTADA;;SEINFRA ;VISITADO / EM OBRA;;CT-00021/2023-SEINFRA;Ramal do Acajatuba (kM 68) da AM-070;R$ 20.925.000,00;R$ 19.217.556,28
RMMAC;230;RAMAL TERRA PRETA ;ESTRADA;PRIMÁRIO;AM-070;AM-070 - KM 59,44;Início Ramal Terra Preta - Am-070 - Km 59,44;Fim do Ramal Terra Preta - Km 3,23;MANACAPURU;RMM;3,23;3,15;km;"  3°14'23.00""S";" 60°29'6.68""W";"  3°15'39.58""S";" 60°29'56.43""W";Ok;;;;;;;;;;;;;;;;;;;;;;;;;;;;;;;;;PAVIMENTADA;;SEINFRA ;EM OBRA;;CT-00021/2023-SEINFRA;Ramal Terra Preta (kM 58) da AM-070;R$ 8.075.000,00;R$ 7.241.064,86
RMCRO;67;SUB. RAMAL DO COBRA 1;ESTRADA;PRIMÁRIO;ESTRADA DO PURUPURU;ESTRADA DO PURUPUR - AO LADO DO PID PURUPURU - KM 22;Início do Sub.Ramal do Cobra 1 - Ao Lado Pid Purupuru - Km 22;Fim do Sub.Ramal do Cobra 1 - Km 5,34;CAREIRO ;RMM;5,34;;km;"  3°24'24.41""S";" 59°40'40.98""W";"  3°22'51.22""S";" 59°38'17.88""W";Ok;;;;;;;;;;;;;;;;;;;;;;;;;;;;;;;;;LEITO NATURAL;;SEINFRA ;A VISITAR;;;;R$ 13.350.000,00;
RMCRO;68;ESTRADA DOS ANVERES;ESTRADA;PRIMÁRIO;BR-319;BR-319 - KM 93,20;Início do Ramal do Anveres - Br-319 - Km 93,20;Fim do Ramal do Anveres - Comunidade de Anveres - Km 3,21;CAREIRO ;RMM;3,21;;km;"  3°23'52.59""S";" 59°53'50.01""W";"  3°23'2.93""S";" 59°55'8.05""W";Ok;;;;;;;;;;;;;;;;;;;;;;;;;;;;;;;;;LEITO NATURAL;;SEINFRA ;A VISITAR;;;;R$ 8.025.000,00;
RMCRV;69; SUB. RAMAL DO JATUARANA ;ESTRADA;PRIMÁRIO;SUB.RAMAL DO COBRA 1;SUB.RAMAL DO COBRA 1 - KM 5,34;Início do Ramal do Jatuarana - Ramal do Cobra 1 - Km 5,34;Fim do Sub.Ramal do Jaruana - Km 6,42;CAREIRO DA VÁRZEA;RMM;6,42;;km;"  3°22'51.20""S";" 59°38'17.88""W";"  3°25'16.17""S";" 59°36'9.93""W";Ok;;;;;;;;;;;;;;;;;;;;;;;;;;;;;;;;;LEITO NATURAL;;SEINFRA ;A VISITAR;;;;R$ 16.050.000,00;
RMCRV;70;SUB. RAMAL DO MIRITI ;ESTRADA;PRIMÁRIO;SUB.RAMAL DO ANVERES;SUB. RAMAL DO ANVERES - KM 3,98;Início do Sub.Ramal do Miriti - Ramal do Anveres - Km 3,98;Fim do Sub. Ramal do Miriti - Km 16,5;CAREIRO DA VÁRZEA;RMM;16,50;;km;"  3°24'7.59""S";" 59°36'42.96""W";"  3°19'17.84""S";" 59°32'29.28""W";Ok;;;;;;;;;;;;;;;;;;;;;;;;;;;;;;;;;LEITO NATURAL;;SEINFRA ;A VISITAR;;;;R$ 41.250.000,00;
RMTEF;465;RAMAL DO PAVÃO;ESTRADA;PRIMÁRIO;AM-366;AM-366 - KM 380;Início do Ramal do Pavão - Am-366 - Km 380 ;Fim do Ramal do Pavão - Km 4,94;TEFÉ;INTERIOR;4,94;1,77;km;"  3°28'36.65""S";" 64°38'30.48""W";"  3°31'9.73""S";" 64°38'8.03""W";Ok;;;;;;;;;;;;;;;;;;;;;;;;;;;;;;;;;PAVIMENTADA;;SEINFRA ;CONCLUÍDO;;CT-00023/2020-SEINFRA;Ramal do Pavão;R$ 12.350.000,00;R$ 3.478.480,48
RMBBA;45;ESTRADA BORBA MAPIÁ;ESTRADA;PRIMÁRIO;ESTRADA BORBA MAPIÁ ;ESTRADA BORBA MAPIÁ - KM 3,25;Início da Estrada Borba Mapiá - Km 3,25;Fim da Estrada Borba Mapiá - Balneário do Mapiá - Km 23,6;BORBA;INTERIOR;23,60;23,73;km;"  4°25'31.65""S";" 59°35'18.48""W";"  4°35'53.00""S";" 59°30'57.08""W";Ok;;;;;;;;;;;;;;;;;;;;;;;;;;;;;;;;;PAVIMENTADA;;SEINFRA ;CONCLUÍDO;;CT-00026/2022-SEINFRA;Ramal do Mapiá;R$ 59.000.000,00;R$ 30.559.615,77
RMGUA;74;RAMAL DO PORTO DO AÇAÍ ;ESTRADA;PRIMÁRIO;ESTRADA DA FLORESTA ;ESTRADA DA FLORESTA - KM 0,50;Início do Ramal do Porto do Açaí - Balneário da Floresta - Km 0,50;Fim Ramal do Porto do Açaí - Porto do Açaí - Km 3,91;GUAJARÁ;INTERIOR;3,91;3,94;km;"  7°31'40.16""S";" 72°33'48.00""W";"  7°29'45.45""S";" 72°34'9.73""W";Ok;;;;;;;;;;;;;;;;;;;;;;;;;;;;;;;;;PAVIMENTADA;;SEINFRA ;CONCLUÍDO;;CT-00029/2021-SEINFRA;Ramal do Porto do Açaí;R$ 9.775.000,00;R$ 4.401.609,29
RMRPE;455;RAMAL SULIVAN PORTELA;ESTRADA;PRIMÁRIO;AM-010;AM-010 - KM 82,9;Início do Ramal Sulivan Portela - Am-010 - Km 82,9;Fim do ramal Sulivan Portela - 20,1 Km;RIO PRETO DA EVA ;RMM;20,10;19,34;km;"  2°41'33.56""S";" 59°41'0.75""W";"  2°48'52.86""S";" 59°35'9.25""W";Ok;;;;;;;;;;;;;;;;;;;;;;;;;;;;;;;;;PAVIMENTADA;;SEINFRA ;CONCLUÍDO;;CT-00032/2021-SEINFRA;Ramal do Sulivan Portela (19,3 km);R$ 50.250.000,00;R$ 19.507.968,74
RMMAO;332;RAMAL DAS FLORES ;ESTRADA;PRIMÁRIO;BR-174;BR-174 - KM 31;Início do Ramal das Flores - BR-174 - Km 31;Fim do Ramal das Flores - Km 2,9 ;MANAUS;RMM;2,94;3,01;km;"  2°41'30.86""S";" 60° 2'55.78""W";"  2°41'31.12""S";" 60° 4'30.71""W";Ok;;;;;;;;;;;;;;;;;;;;;;;;;;;;;;;;;PAVIMENTADA;;SEINFRA ;VISITADO / CONCLUÍDO;;CT-00033/2021-SEINFRA;Ramal das Flores, kM 916 da BR-174;R$ 7.350.000,00;R$ 3.606.592,49
RMIRA;76;RAMAL DO IGARAPÉ AÇU;ESTRADA;PRIMÁRIO;AM-352;AM-352 - KM 74,86;Início do Ramal do Igarapé Açu - Am-352 - Km 74,86;Fim do Ramal do Igarapé Açu - Km 13,4;IRANDUBA;RMM;13,40;;km;"  2°49'56.70""S";" 60°55'57.61""W";"  2°51'12.74""S";" 60°51'6.43""W";Ok;;;;;;;;;;;;;;;;;;;;;;;;;;;;;;;;;LEITO NATURAL;;SEINFRA ;A VISITAR;;;;R$ 33.500.000,00;
RMIRA;77;RAMAL DO ANGELIM;ESTRADA;PRIMÁRIO;AM-352; AM-352 - KM 58,38;Início do Ramal do Angelim - Am-352 - Km 58,38;Fim do Ramal do Angelim - Km 5,63;IRANDUBA;RMM;5,63;;km;"  2°57'23.22""S";" 60°57'25.41""W";"  2°55'40.42""S";" 60°55'37.85""W";Ok;;;;;;;;;;;;;;;;;;;;;;;;;;;;;;;;;LEITO NATURAL;;SEINFRA ;A VISITAR;;;;R$ 14.075.000,00;
RMIRA;78;RAMAL DO MEMBECA;ESTRADA;PRIMÁRIO;AM-352;AM-352 - KM 58;Início do Ramal do Membeca - Am-352 - Km 58;Fim do Ramal do Membeca - Km 31 ;IRANDUBA;RMM;31,00;;km;"  2°57'33.49""S";" 60°57'18.23""W";"  3° 4'48.04""S";" 61° 4'49.69""W";Ok;;;;;;;;;;;;;;;;;;;;;;;;;;;;;;;;;LEITO NATURAL;;SEINFRA ;A VISITAR;;;;R$ 77.500.000,00;
RMIRA;79;RAMAL DO NOVO SORRISO;ESTRADA;PRIMÁRIO;AM-352;AM-352 - KM 55,38;Início do Ramal do Novo Sorriso - Am-352 - Km 55,38;Fim do Ramal do Novo Sorriso - Km 3,94;IRANDUBA;RMM;3,94;;km;"  2°58'11.42""S";" 60°56'10.02""W";"  2°56'37.45""S";" 60°55'38.48""W";Ok;;;;;;;;;;;;;;;;;;;;;;;;;;;;;;;;;LEITO NATURAL;;SEINFRA ;A VISITAR;;;;R$ 9.850.000,00;
RMIRA;80;RAMAL DO PALMEIRENSE;ESTRADA;PRIMÁRIO;AM-352;AM-352 - KM 52,64;Início do Ramal do Palmeirense - Am-352 - Km 52,64;Fim do Ramal do Palmereirense - Am-352 - Km 6,82;IRANDUBA;RMM;6,82;;km;"  2°58'49.21""S";" 60°54'51.20""W";"  3° 1'8.85""S";" 60°56'42.34""W";Ok;;;;;;;;;;;;;;;;;;;;;;;;;;;;;;;;;LEITO NATURAL;;SEINFRA ;A VISITAR;;;;R$ 17.050.000,00;
RMIRA;81;RAMAL DO KM 52 - AM-352;ESTRADA;PRIMÁRIO;AM-352;AM-352 - KM 52;Início do Ramal do Km 52 - Am-352 - Km 52;Fim do Ramal do Km 52 - Am-352 - Km 4,70;IRANDUBA;RMM;4,70;;km;"  2°58'51.58""S";" 60°54'31.29""W";"  2°56'30.23""S";"   60°54'9.02""W  ";Ok;;;;;;;;;;;;;;;;;;;;;;;;;;;;;;;;;LEITO NATURAL;;SEINFRA ;A VISITAR;;;;R$ 11.750.000,00;
RMIRA;82;RAMAL VALE DOURADO ;ESTRADA;PRIMÁRIO;AM-352;AM-352 - KM 50,98;Início do Ramal Vale Dourado - Am-352 - Km 50,98;Fim do Ramal Vale Dourado - Km 11,7;IRANDUBA;RMM;11,70;;km;"  2°59'4.21""S";" 60°54'0.31""W";"  2°54'23.51""S";" 60°51'30.39""W";Ok;;;;;;;;;;;;;;;;;;;;;;;;;;;;;;;;;LEITO NATURAL;;SEINFRA ;A VISITAR;;;;R$ 29.250.000,00;
RMIRA;83;RAMAL DA FAMÍLIA;ESTRADA;PRIMÁRIO;AM-352;AM-352 - KM 48,59;Início do Ramal da Família - Am-352 - Km 48,59;Fim do Ramal da Família - Km 2,31;IRANDUBA;RMM;2,31;;km;"  3° 0'1.81""S";" 60°53'15.11""W";"  3° 0'27.92""S";" 60°54'16.71""W";Ok;;;;;;;;;;;;;;;;;;;;;;;;;;;;;;;;;LEITO NATURAL;;SEINFRA ;A VISITAR;;;;R$ 5.775.000,00;
RMIRA;84;RAMAL DO TUMBIRA;ESTRADA;PRIMÁRIO;AM-352;AM-352 - KM 45,14;Início do Ramal do Tumbira - Am-352 - Km 45,14;Fim do Ramal  do Tumbira - Km 6,96;IRANDUBA;RMM;6,96;;km;"  3° 1'40.29""S";" 60°52'22.16""W";"  2°59'57.17""S";" 60°49'39.53""W";Ok;;;;;;;;;;;;;;;;;;;;;;;;;;;;;;;;;LEITO NATURAL;;SEINFRA ;A VISITAR;;;;R$ 17.400.000,00;
RMIRA;85;RAMAL DO CAAPIRANGA;ESTRADA;PRIMÁRIO;AM-352;AM-352 - KM 38,37;Início do Ramal do Caapiranga - Am-352 - Km 38,37;Fim do Ramal do Caapiranga - Km 10,5;IRANDUBA;RMM;10,50;;km;"  3° 4'20.24""S";" 60°50'2.24""W";"  3° 8'35.40""S";" 60°53'0.94""W";Ok;;;;;;;;;;;;;;;;;;;;;;;;;;;;;;;;;LEITO NATURAL;;SEINFRA ;A VISITAR;;;;R$ 26.250.000,00;
RMIRA;86;RAMAL DO DIAMANTE ;ESTRADA;PRIMÁRIO;AM-352;AM-352 - KM 36,79;Início do Ramal do Diamante - Am-352 - Km 36,79;Fim do Ramal do Diamante - Km 4,1;IRANDUBA;RMM;4,10;;km;"  3° 4'49.38""S";" 60°49'20.56""W";"  3° 3'21.48""S";" 60°48'3.97""W";Ok;;;;;;;;;;;;;;;;;;;;;;;;;;;;;;;;;LEITO NATURAL;;SEINFRA ;A VISITAR;;;;R$ 10.250.000,00;
RMIRA;87;RAMAL DA COMUNIDADE DA FAMÍLIA;ESTRADA;PRIMÁRIO;AM-352;AM-352 - KM 33,65;Início do Ramal da Comunidade da Família - Am-352 - Km 33,65;Fim do Ramal da Comunidade da Fasmília - Km 0,32;IRANDUBA;RMM;0,32;;km;"  3° 5'47.69""S";" 60°48'10.92""W";"  3° 5'40.45""S";" 60°48'8.48""W";Ok;;;;;;;;;;;;;;;;;;;;;;;;;;;;;;;;;LEITO NATURAL;;SEINFRA ;A VISITAR;;;;R$ 800.000,00;
RMIRA;88;RAMAL TAUARÍ;ESTRADA;PRIMÁRIO;AM-352;AM-352 - KM 32,88;Início do Ramal Tauarí - Am-352 - Km 32,88;Fim do Ramal Tauarí - Km 2,54;IRANDUBA;RMM;2,54;;km;"  3° 5'47.28""S";" 60°47'48.23""W";"  3° 6'48.30""S";" 60°48'24.26""W";Ok;;;;;;;;;;;;;;;;;;;;;;;;;;;;;;;;;LEITO NATURAL;;SEINFRA ;A VISITAR;;;;R$ 6.350.000,00;
RMIRA;89;RAMAL DO MINEIRO ;ESTRADA;PRIMÁRIO;AM-352;AM-352 - KM 32,69;Início do Ramal do Mineiro - Am-352 - Km 32,69;Fim do Ramal do Mineiro - Km 14,4 ;IRANDUBA;RMM;14,40;;km;"  3° 5'49.99""S";" 60°47'42.37""W";"  3° 0'25.45""S";" 60°44'1.62""W";Ok;;;;;;;;;;;;;;;;;;;;;;;;;;;;;;;;;LEITO NATURAL;;SEINFRA ;A VISITAR;;;;R$ 36.000.000,00;
RMIRA;90;RAMAL AMAZÔNIA JUNGLE;ESTRADA;PRIMÁRIO;AM-070;AM-070 - KM 36,36;Início do Ramal Amazônia Jungle - Am-070 - Km 36,36;Fim do Ramal Amazonia Jungle - Km 3,38;IRANDUBA;RMM;3,38;;km;"  3° 8'24.59""S";" 60°21'31.07""W";"  3° 8'24.83""S";" 60°21'57.39""W";Ok;;;;;;;;;;;;;;;;;;;;;;;;;;;;;;;;;LEITO NATURAL;;SEINFRA ;A VISITAR;;;;R$ 8.450.000,00;
RMIRA;91;RAMAL DO LAGUINHO;ESTRADA;PRIMÁRIO;AM-070;AM-070 - KM 35,07;Início do Ramal do Laguinho - Am-070 - Km 35,07;Fim do Ramal do Laguinho - am-070 - Km 2,36;IRANDUBA;RMM;2,36;;km;"  3° 8'52.24""S";" 60°20'59.56""W";"  3° 9'56.43""S";" 60°21'26.49""W";Ok;;;;;;;;;;;;;;;;;;;;;;;;;;;;;;;;;LEITO NATURAL;;SEINFRA ;A VISITAR;;;;R$ 5.900.000,00;
RMIRA;92;RAMAL DO KM 34 - AM-070;ESTRADA;PRIMÁRIO;AM-070;AM-070 - KM 34,51;Início do Ramal do Km 34 - Am-070 - Km 34,51;Fim do Ramal do Km 34 - Km 0,95;IRANDUBA;RMM;0,95;;km;"  3° 9'3.07""S";" 60°20'44.75""W";"  3° 8'33.08""S";" 60°20'37.38""W";Ok;;;;;;;;;;;;;;;;;;;;;;;;;;;;;;;;;LEITO NATURAL;;SEINFRA ;A VISITAR;;;;R$ 2.375.000,00;
RMIRA;93;RAMAL DO KM 33 - AM-070;ESTRADA;PRIMÁRIO;AM-070;AM-070 - KM 33,62;Início do Ramal do Km 33 - Am-070 - Km 33,62;Fim do Ramal do Km 33 - Km 2,28;IRANDUBA;RMM;2,28;;km;"  3° 9'11.07""S";" 60°20'17.15""W";"  3° 8'20.33""S";" 60°20'38.59""W";Ok;;;;;;;;;;;;;;;;;;;;;;;;;;;;;;;;;LEITO NATURAL;;SEINFRA ;A VISITAR;;;;R$ 5.700.000,00;
RMIRA;94;RAMAL DO PROFESSOR ;ESTRADA;PRIMÁRIO;AM-070;AM-070 - KM 33,26;Início do Ramal do Professor - Am-070 - Km 33,26;Fim do Ramal do ProFessor - Km  0,75;IRANDUBA;RMM;0,70;;km;"  3° 9'14.12""S";" 60°20'6.23""W";"  3° 8'51.36""S";" 60°20'0.96""W";Ok;;;;;;;;;;;;;;;;;;;;;;;;;;;;;;;;;LEITO NATURAL;;SEINFRA ;A VISITAR;;;;R$ 1.750.000,00;
RMIRA;95;RAMAL SANTA MARIA ;ESTRADA;PRIMÁRIO;AM-070;AM-070 - KM 33,20;Início do Ramal Santa Maria - Am-070 - Km 33,20;Fim do Ramal Santa Maria - Km 2,46;IRANDUBA;RMM;2,46;;km;"  3° 9'14.55""S";" 60°20'4.01""W";"  3° 7'57.63""S";" 60°19'50.22""W";Ok;;;;;;;;;;;;;;;;;;;;;;;;;;;;;;;;;LEITO NATURAL;;SEINFRA ;VISITADO;;;;R$ 6.150.000,00;
RMIRA;96;RAMAL DO KM 32 - AM-070;ESTRADA;PRIMÁRIO;AM-070;AM-070 - KM 32,98;Início do Ramal do Km 32 - Am-070 - Km 32,98;Fim do Ramal do Km 32 - Am-070 - Km 1,64;IRANDUBA;RMM;1,64;;km;"  3° 9'16.25""S";" 60°19'57.57""W";"  3° 8'55.74""S";" 60°19'51.83""W";Ok;;;;;;;;;;;;;;;;;;;;;;;;;;;;;;;;;LEITO NATURAL;;SEINFRA ;A VISITAR;;;;R$ 4.100.000,00;
RMIRA;97;RAMAL DO LAGO DO LIMÃO ;ESTRADA;PRIMÁRIO;AM-070;AM-070 KM 32,12;Início do Ramal do Lago do Limão - Am-070 - Km 32,12;Fim do Ramal do Lago do Limão - Km 4,82;IRANDUBA;RMM;4,82;;km;"  3° 9'24.84""S";" 60°19'30.89""W";"  3°11'14.27""S";" 60°20'39.48""W";Ok;;;;;;;;;;;;;;;;;;;;;;;;;;;;;;;;;LEITO NATURAL;;SEINFRA ;VISITADO;;;;R$ 12.050.000,00;
RMIRA;98; RAMAL DE LIGAÇÃO LAGO DO LIMÃO -ESTRADA CARLOS BRAGA;ESTRADA;PRIMÁRIO;AM-070;RAMAL LAGO DO LIMÃO - KM 3;Início do Ramal de Ligação Lago do Limão - Estrada Carlos Braga - Km 3 - Ramal do Lago do Limão;Fim do  Ramal de Ligação Lago do Limão - Estrada Carlos Braga - Estrada Carlos Braga - Km 1,97;IRANDUBA;RMM;1,97;;km;"  3°10'10.22""S";" 60°20'28.17""W";"  3° 9'49.71""S";" 60°21'18.67""W";Ok;;;;;;;;;;;;;;;;;;;;;;;;;;;;;;;;;LEITO NATURAL;;SEINFRA ;A VISITAR;;;;R$ 4.925.000,00;
RMIRA;99;RAMAL DO AÇUTUBA;ESTRADA;PRIMÁRIO;AM-070;AM-070 KM 30,60;Início do Ramal do Açutuba - Am-070 - Km 30,60;Fim do Ramal do Açutuba - Km 11;IRANDUBA;RMM;11,00;;km;"  3° 9'35.85""S";" 60°18'43.26""W";"  3° 5'47.28""S";" 60°21'21.72""W";Ok;;;;;;;;;;;;;;;;;;;;;;;;;;;;;;;;;LEITO NATURAL;;SEINFRA ;A VISITAR;;;;R$ 27.500.000,00;
RMIRA;100;RAMAL DO CAJUAL;ESTRADA;PRIMÁRIO;AM-070;RAMAL DO AÇUTUBA - KM 9,61;Início do Ramal do Cajual - Ramal do Açutuba - Km 9,61;Fim do Ramal do Cajual - Km 2,20;IRANDUBA;RMM;2,20;;km;"  3° 6'25.77""S";" 60°21'16.55""W";"  3° 6'2.96""S";" 60°20'25.86""W";Ok;;;;;;;;;;;;;;;;;;;;;;;;;;;;;;;;;LEITO NATURAL;;SEINFRA ;A VISITAR;;;;R$ 5.500.000,00;
RMIRA;101;RAMAL DO KM 29 - AM-070 ;ESTRADA;PRIMÁRIO;AM-070;AM-070 - KM 29,12;Início do Ramal do Km 29 - Am-070 - Km 29,12;Fim do Ramal do Km 29 - Am-070 - Km 2,14;IRANDUBA;RMM;2,14;;km;"  3° 9'49.89""S";" 60°17'56.84""W";"  3° 8'46.00""S";" 60°17'42.97""W";Ok;;;;;;;;;;;;;;;;;;;;;;;;;;;;;;;;;LEITO NATURAL;;SEINFRA ;A VISITAR;;;;R$ 5.350.000,00;
RMIRA;102;RAMAL DO KM 28 - AM-070 ;ESTRADA;PRIMÁRIO;AM-070;AM-070 - KM 28,33;Início do Ramal do Km 28 - Am-070 - Km 28,33;Fim do Ramal do Km 28 - Am-070 - Km 2,1 ;IRANDUBA;RMM;2,10;;km;"  3° 9'57.22""S";" 60°17'32.64""W";"  3° 8'54.55""S";" 60°17'14.15""W";Ok;;;;;;;;;;;;;;;;;;;;;;;;;;;;;;;;;LEITO NATURAL;;SEINFRA ;A VISITAR;;;;R$ 5.250.000,00;
RMIRA;103;RAMAL FABIO LUCENA;ESTRADA;PRIMÁRIO;AM-070;AM-070 - KM 28,11;Início do Ramal do Fabio Lucena - Am-070 - Km 28,11;Fim do Ramal do Fabio Lucena - Km 3,79;IRANDUBA;RMM;3,79;;km;"  3° 9'59.85""S";" 60°17'26.13""W";"  3°11'3.28""S";" 60°18'29.02""W";Ok;;;;;;;;;;;;;;;;;;;;;;;;;;;;;;;;;LEITO NATURAL;;SEINFRA ;A VISITAR;;;;R$ 9.475.000,00;
RMIRA;104;RAMAL DO KM 27 - AM-070;ESTRADA;PRIMÁRIO;AM-070;AM-070 - KM 27,07;Início do Ramal do Km 27 - Am-070 - 27,07;Fim do Ramal do Km 27 - Am-070 - Km 2,32;IRANDUBA;RMM;2,32;;km;"  3°10'8.77""S";" 60°16'53.36""W";"  3° 9'8.08""S";" 60°16'39.86""W";Ok;;;;;;;;;;;;;;;;;;;;;;;;;;;;;;;;;LEITO NATURAL;;SEINFRA ;A VISITAR;;;;R$ 5.800.000,00;
RMIRA;105;RAMAL DO KM 26 - AM-070;ESTRADA;PRIMÁRIO;AM-070;AM-070 - KM 26,12;Início do Ramal do Km 26 - Am-070 - Km 26,12;Fim do Ramal do Km 26 - Am-070 - Km 1;IRANDUBA;RMM;1,00;;km;"  3°10'0.69""S";" 60°16'26.03""W";"  3° 9'34.23""S";" 60°16'44.65""W";Ok;;;;;;;;;;;;;;;;;;;;;;;;;;;;;;;;;LEITO NATURAL;;SEINFRA ;A VISITAR;;;;R$ 2.500.000,00;
RMIRA;106; RAMAL DO 6 IRMÃOS;ESTRADA;PRIMÁRIO;AM-070;AM-070 - KM 24,11;Início do Ramal do 6 Irmãos - Am-070 - Km 24,11;Fim do Ramal do 6 Irmãos - Km 1,80;IRANDUBA;RMM;1,80;;km;"  3° 9'22.51""S";" 60°15'33.03""W";"  3°10'11.24""S";" 60°15'13.67""W";Ok;;;;;;;;;;;;;;;;;;;;;;;;;;;;;;;;;LEITO NATURAL;;SEINFRA ;A VISITAR;;;;R$ 4.500.000,00;
RMIRA;107;RAMAL DO PARICATUBA;ESTRADA;PRIMÁRIO;AM-070;AM-070 - KM 22,61;Início do Ramal do Paricatuba - Am-070 - Km 22,61;Fim do Ramal do Paricatuba - Am-070 - Km 9,90;IRANDUBA;RMM;9,90;;km;"  3° 9'10.94""S";" 60°14'47.46""W";"  3° 4'58.02""S";" 60°14'3.45""W";Ok;;;;;;;;;;;;;;;;;;;;;;;;;;;;;;;;;LEITO NATURAL;;SEINFRA ;A VISITAR;;;;R$ 24.750.000,00;
RMIRA;108;RAMAL DO KM 20 - AM-070;ESTRADA;PRIMÁRIO;AM-070;AM-070 - KM 20,99;Início do Ramal do Km 20 - Am-070 - Km 20,99;Fim do Ramal do Km 20 - Am-070 - Km 9,66;IRANDUBA;RMM;9,66;;km;"  3° 9'37.86""S";" 60°14'6.03""W";"  3° 6'17.87""S";" 60°11'50.19""W";Ok;;;;;;;;;;;;;;;;;;;;;;;;;;;;;;;;;LEITO NATURAL;;SEINFRA ;VISITADO;;;;R$ 24.150.000,00;
RMIRA;109;RAMAL DAS RODAS 412;ESTRADA;PRIMÁRIO;AM-070;AM-070 - KM 21,1;Início do Ramal das Rodas 412 - Am-070 - Km 21,1;Fim do Ramal das Rodas 412 - Km 1,30;IRANDUBA;RMM;1,30;;km;"  3° 9'37.38""S";" 60°14'7.97""W";"  3°10'6.43""S";" 60°14'38.51""W";Ok;;;;;;;;;;;;;;;;;;;;;;;;;;;;;;;;;LEITO NATURAL;;SEINFRA ;A VISITAR;;;;R$ 3.250.000,00;
RMIRA;110;RAMAL DO KM 19 - AM-070;ESTRADA;PRIMÁRIO;AM-070;AM-070 - KM 19,83;Início do Ramal do Km 19 - Am-070 - Km 19,83;Fim do Ramal do Km 19 - Am-070 - Km 1,8;IRANDUBA;RMM;1,80;;km;"  3°10'7.08""S";" 60°13'40.00""W";"  3°10'48.41""S";" 60°14'21.49""W";Ok;;;;;;;;;;;;;;;;;;;;;;;;;;;;;;;;;LEITO NATURAL;;SEINFRA ;A VISITAR;;;;R$ 4.500.000,00;
RMIRA;111;RAMAL 414 - AM-070 ;ESTRADA;PRIMÁRIO;AM-070;AM-070 - KM 16,55;Início do Ramal 414 - Am-070 - Km 16,55;Fim do Ramal 414 - Am-070 - Km 1,90;IRANDUBA;RMM;1,90;;km;"  3°11'24.13""S";" 60°12'27.41""W";"  3°12'24.84""S";" 60°12'17.92""W";Ok;;;;;;;;;;;;;;;;;;;;;;;;;;;;;;;;;LEITO NATURAL;;SEINFRA ;A VISITAR;;;;R$ 4.750.000,00;
RMIRA;112; RAMAL DO KM 16 - AM-070;ESTRADA;PRIMÁRIO;AM-070;AM-070 - KM 16,44;Início do Ramal do Km 16 - Am-070 - Km 16,44;Fim do Ramal do Km 16 - Km 1,32;IRANDUBA;RMM;1,32;;km;"  3°11'25.77""S";" 60°12'24.17""W";"  3°11'11.14""S";" 60°11'47.77""W";Ok;;;;;;;;;;;;;;;;;;;;;;;;;;;;;;;;;LEITO NATURAL;;SEINFRA ;A VISITAR;;;;R$ 3.300.000,00;
RMIRA;113; RAMAL DO KM 15 - AM-070;ESTRADA;PRIMÁRIO;AM-070;AM-070 - KM 15,16;Início do Ramal do Km 15 - Am-070 - Café Regional da Lecy - Km 15,16;Fim do Ramal do Km 15 - Am-070 - Km 6,43;IRANDUBA;RMM;6,43;;km;"  3°11'51.11""S";" 60°11'52.37""W";"  3° 8'51.56""S";" 60°13'17.60""W";Ok;;;;;;;;;;;;;;;;;;;;;;;;;;;;;;;;;LEITO NATURAL;;SEINFRA ;A VISITAR;;;;R$ 16.075.000,00;
RMIRA;114;RAMAL DO KM 9 - AM-070 ;ESTRADA;PRIMÁRIO;AM-070;AM-070 - KM 9,36;Início do Ramal do Km 9 - Am-070 - Km 9,36;Fim do Ramal do Km 9 - Am-070 - Km 1;IRANDUBA;RMM;1,00;;km;"  3°11'43.67""S";" 60° 8'49.46""W";"  3°11'14.04""S";" 60° 8'43.38""W";Ok;;;;;;;;;;;;;;;;;;;;;;;;;;;;;;;;;LEITO NATURAL;;SEINFRA ;A VISITAR;;;;R$ 2.500.000,00;
RMIRA;115;RAMAL OURO VERDE ;ESTRADA;PRIMÁRIO;AM-070;AM-070 - KM 8,3;Início do Ramal Ouro verde - Estrada Carlos Braga - Km 8,3;Fim do Ramal do Ouro Verde - Km 5;IRANDUBA;RMM;5,00;;km;"  3°15'55.42""S";" 60° 9'53.83""W";"  3°17'13.94""S";" 60° 7'58.20""W";Ok;;;;;;;;;;;;;;;;;;;;;;;;;;;;;;;;;LEITO NATURAL;;SEINFRA ;A VISITAR;;;;R$ 12.500.000,00;
RMIRA;116;RAMAL DO AREAL ;ESTRADA;PRIMÁRIO;AM-070;AM-070 - KM 9;Início do Ramal do Areal - Estrada Carlos Braga - Km 9;Fim do Ramal do Areal - Km 4,92;IRANDUBA;RMM;4,92;;km;"  3°16'6.86""S";" 60°10'10.57""W";"  3°13'42.70""S";" 60°10'36.21""W";Ok;;;;;;;;;;;;;;;;;;;;;;;;;;;;;;;;;LEITO NATURAL;;SEINFRA ;A VISITAR;;;;R$ 12.300.000,00;
RMIRA;117;RAMAL PARQUE REAL ;ESTRADA;PRIMÁRIO;AM-070;AM-070 - KM 9,12;Início do Ramal Parque Real - Am-070 - Km 9,12;Fim do Ramal Parque Real - Km 1,56;IRANDUBA;RMM;1,56;;km;"  3°11'41.83""S";" 60° 8'41.55""W";"  3°10'56.08""S";" 60° 8'48.09""W";Ok;;;;;;;;;;;;;;;;;;;;;;;;;;;;;;;;;LEITO NATURAL;;SEINFRA ;A VISITAR;;;;R$ 3.900.000,00;
RMIRA;118;RAMAL DO JANAUARI;ESTRADA;PRIMÁRIO;AM-070;AM-070 - KM 8,53;Início do Ramal do Janauari - Am-070 - Km 8,53;Fim do Ramal do Janauari - Km 20,5;IRANDUBA;RMM;20,50;;km;"  3°11'34.75""S";" 60° 8'24.36""W";"  3°13'0.39""S";" 60° 2'9.26""W";Ok;;;;;;;;;;;;;;;;;;;;;;;;;;;;;;;;;LEITO NATURAL;;SEINFRA ;A VISITAR;;;;R$ 51.250.000,00;
RMIRA;119;ESTRADA DA CIDADE UNIVERSITÁRIA;ESTRADA;PRIMÁRIO;AM-070;AM-070 - KM 8,40;Início da Estrada da Cidade  Universitária - Am-070 - Km 8,40;Fim da Estrada da Cidade Universitária - Km 4,48;IRANDUBA;RMM;4,48;;km;"  3°11'31.23""S";" 60° 8'21.58""W";"  3° 9'23.15""S";" 60° 9'9.57""W";Ok;;;;;;;;;;;;;;;;;;;;;;;;;;;;;;;;;LEITO NATURAL;;SEINFRA ;A VISITAR;;;;R$ 11.200.000,00;
RMIRA;120;RAMAL PARQUE DOS BARÕES;ESTRADA;PRIMÁRIO;AM-070;AM-070 - KM 7,93;Início do Ramal Parque dos Barões - Am-070 - Em Frente  Terramazonia Condominium - Km 7,93;Fim do Ramal Parque dos Barões - Km 1,70;IRANDUBA;RMM;1,70;;km;"  3°11'26.09""S";" 60° 8'6.59""W";"  3°10'30.65""S";" 60° 8'7.44""W";Ok;;;;;;;;;;;;;;;;;;;;;;;;;;;;;;;;;LEITO NATURAL;;SEINFRA ;A VISITAR;;;;R$ 4.250.000,00;
RMIRA;121; RAMAL DO KM 6 - AM-070;ESTRADA;PRIMÁRIO;AM-070;AM-070 - KM 6,46;Início do Ramal do  Km 6 - Am-070 - Km 1,62;Fim do Ramal do Km 6 - Km 1,62;IRANDUBA;RMM;1,62;;km;"  3°11'0.98""S";" 60° 7'31.41""W";"  3°10'19.39""S";" 60° 7'57.02""W";Ok;;;;;;;;;;;;;;;;;;;;;;;;;;;;;;;;;LEITO NATURAL;;SEINFRA ;A VISITAR;;;;R$ 4.050.000,00;
RMIRA;122;RAMAL DOS VELHINHOS;ESTRADA;PRIMÁRIO;AM-070;AM-070 - KM 5,62;Início do Ramal dos Velhinhos - Am-070 - Km 5,62;Fim do Ramal do Velhinhos - Km 2,23;IRANDUBA;RMM;2,23;;km;"  3°10'57.03""S";" 60° 7'4.94""W";"  3°11'9.09""S";" 60° 6'13.23""W";Ok;;;;;;;;;;;;;;;;;;;;;;;;;;;;;;;;;LEITO NATURAL;;SEINFRA ;A VISITAR;;;;R$ 5.575.000,00;
RMIRA;123;RAMAL DOS BONS AMIGOS;ESTRADA;PRIMÁRIO;AM-070;AM-070 - KM 4,17;Início do Ramal dos Bons Amigos - Am-070 - Km 4,17;Fim do Ramal dos Bons Amigos - Km 0,76;IRANDUBA;RMM;0,76;;km;"  3°10'21.09""S";" 60° 6'33.99""W";"  3°10'45.79""S";" 60° 6'33.19""W";Ok;;;;;;;;;;;;;;;;;;;;;;;;;;;;;;;;;LEITO NATURAL;;SEINFRA ;A VISITAR;;;;R$ 1.900.000,00;
RMIRA;124;RAMAL DO CASTANHAL ;ESTRADA;PRIMÁRIO;AM-070;AM-070 - KM 3,79;Início do Ramal do Castanhal - Am-070 - Km 3,79;Fim do Ramal do Castanhal - Am-070 - Km 3,73;IRANDUBA;RMM;3,73;;km;"  3°10'16.61""S";" 60° 6'23.73""W";"  3° 9'9.00""S";" 60° 7'20.18""W";Ok;;;;;;;;;;;;;;;;;;;;;;;;;;;;;;;;;LEITO NATURAL;;SEINFRA ;VISITADO;;;;R$ 9.325.000,00;
RMIRA;125;RAMAL DA PRAINHA ;ESTRADA;PRIMÁRIO;AM-070;AM-070 - KM 1,67;Início do Ramal da Prainha - Am-070 - Km 1,75;Fim do Ramal da Prainha - Km 1,75;IRANDUBA;RMM;1,75;;km;"  3°10'17.87""S";" 60° 6'18.05""W";"  3°10'51.42""S";" 60° 6'0.46""W";Ok;;;;;;;;;;;;;;;;;;;;;;;;;;;;;;;;;LEITO NATURAL;;SEINFRA ;A VISITAR;;;;R$ 4.375.000,00;
RMIRA;126;RAMAL DO JANDIRA;ESTRADA;PRIMÁRIO;AM-452;AM-452 - KM 10;Início do Ramal do Jandira - Am-452 - Km 10;Fim do Ramal do Jandira - Km 14,2;IRANDUBA;RMM;14,20;;km;"  3°15'6.69""S";" 60°13'36.56""W";"  3°16'35.46""S";" 60°20'42.77""W";Ok;;;;;;;;;;;;;;;;;;;;;;;;;;;;;;;;;LEITO NATURAL;;SEINFRA ;VISITADO;;;;R$ 35.500.000,00;
RMCOI;72; ESTRADA DE COARI - ITAPEUA;ESTRADA;PRIMÁRIO;R. GENIVAL GUERRA ;ESTRADA COARI - KM 00;Início da Estrada Coari - Escola Municipal Rui Souto - Km 00;Fim da Estrada de Coari - Comunidade de Itapeuá - Km 20;COARI ;INTERIOR;20,00;19,94;km;"  4° 5'45.42""S";" 63° 8'13.50""W";"  4° 3'31.44""S";" 63° 1'43.84""W";Ok;;;;;;;;;;;;;;;;;;;;;;;;;;;;;;;;;PAVIMENTADA;;SEINFRA ;EM OBRA;;CT-00034/2019-SEINFRA;Estrada Coari Itapeuá ;R$ 50.000.000,00;R$ 23.302.082,89
RMTEF;467;RAMAL DE ACESSO A CADEIA ESTADUAL ;ESTRADA;PRIMÁRIO;-;-;;;TEFÉ;INTERIOR;0,60;0,64;km;;;;;Ok;;;;;;;;;;;;;;;;;;;;;;;;;;;;;;;;;PAVIMENTADA;;SEINFRA ;CONCLUÍDO;;CT-00036/2022-SEINFRA;Ramal de Acesso a Cadeia Estadual ;R$ 1.500.000,00;R$ 1.786.331,55
RMITA;183;ESTRADA DO NOVO REMANSO;ESTRADA;PRIMÁRIO;AM-010;AM-010 - KM 173,1;Início Estrada do Novo Remanso - Km 173,1;Fim Estrada do Novo Remanso - 44,6 Km - Porto de Novo Remanso;ITACOATIARA;RMM;44,60;44,00;km;"  2°54'51.38""S";" 59° 8'0.39""W";"  3°13'7.51""S";" 59° 1'29.96""W";Ok;;;;;;;;;;;;;;;;;;;;;;;;;;;;;;;;;PAVIMENTADA;;SEINFRA ;OBRA EXTINTA ;;CT-00037/2018-SEINFRA;Manutenção na Estrada de Novo Remanso;R$ 111.500.000,00;R$ 8.900.458,25
RMITA;130;RAMAL DO CARAMURI;ESTRADA;PRIMÁRIO;AM-010;AM-010 - KM 136,2;Início do Ramal Caramuri - am-010 - Km 136,2;Fim do Ramal do Caramuri - Km 28,5;ITACOATIARA;RMM;28,50;;km;"  2°52'19.66""S";" 59°23'14.31""W";"  3° 3'24.05""S";" 59°23'13.42""W";Ok;;;;;;;;;;;;;;;;;;;;;;;;;;;;;;;;;LEITO NATURAL;;SEINFRA ;A VISITAR;;;;R$ 71.250.000,00;
RMITA;131;RAMAL DO CAFÉZAL;ESTRADA;PRIMÁRIO;AM-010;AM-010 - KM 138,6;Início do Ramal do Cafézal - am-010 - Km 138,69;Fim do Ramal do CaFézal - Km 14;ITACOATIARA;RMM;14,00;;km;"  2°52'22.85""S";" 59°22'7.02""W";"  2°58'41.36""S";" 59°21'11.83""W";Ok;;;;;;;;;;;;;;;;;;;;;;;;;;;;;;;;;LEITO NATURAL;;SEINFRA ;A VISITAR;;;;R$ 35.000.000,00;
RMITA;132;RAMAL SÃO FRANCISCO ;ESTRADA;PRIMÁRIO;AM-010;AM-010 - KM 214,60;Início do Ramal do São Francisco - am-010 - Km 214,60;Fim do Ramal do São Francisco - Km 8,10 - Comunidade Divino Espírito Santo;ITACOATIARA;RMM;8,10;;km;"  3° 0'46.56""S";" 58°51'8.42""W";"  3° 3'50.72""S";" 58°53'27.08""W";Ok;;;;;;;;;;;;;;;;;;;;;;;;;;;;;;;;;LEITO NATURAL;;SEINFRA ;A VISITAR;;;;R$ 20.250.000,00;
RMITA;133;RAMAL SANTA LUZIA;ESTRADA;PRIMÁRIO;AM-010;AM-010 - KM 210,4;Início do Ramal Santa Luzia - am-010 - Km 210,4;Fim do Ramal Santa Luzia - Km 9;ITACOATIARA;RMM;9,00;;km;"  2°59'10.81""S";" 58°52'41.77""W";"  3° 0'57.76""S";" 58°56'24.97""W";Ok;;;;;;;;;;;;;;;;;;;;;;;;;;;;;;;;;LEITO NATURAL;;SEINFRA ;A VISITAR;;;;R$ 22.500.000,00;
RMITA;134;SUB. RAMAL 01 - RAMAL DO IFIBRAM ;ESTRADA;PRIMÁRIO;AM-010;AM-010 - KM 132,1;Início do Sub.Ramal 01 - Ramal do Ifibram - Km 2,7;Fim do Sub. Ramal 01 - Ramal do IFibram - Km 2,85;ITACOATIARA;RMM;2,85;;km;"  2°41'34.59""S";" 59°39'7.27""W";"  2°42'35.90""S";" 59°40'4.52""W";Ok;;;;;;;;;;;;;;;;;;;;;;;;;;;;;;;;;LEITO NATURAL;;SEINFRA ;A VISITAR;;;;R$ 7.125.000,00;
RMITA;135;RAMAL DA PLACA ;ESTRADA;PRIMÁRIO;AM-010;AM-010 - KM 143,5;Início do Ramal da Placa - Am-010 - Ao Lado Escola Municipal Campo Verde - Km 143,5;Fim do Ramal da Placa - Km 7,32 ;ITACOATIARA;RMM;7,32;;km;"  2°54'24.99""S";" 59°20'33.30""W";"  2°57'40.06""S";" 59°20'28.28""W";Ok;;;;;;;;;;;;;;;;;;;;;;;;;;;;;;;;;LEITO NATURAL;;SEINFRA ;A VISITAR;;;;R$ 18.300.000,00;
RMITA;136;RAMAL DO CAETANO;ESTRADA;PRIMÁRIO;AM-010;AM-010 - KM 147,1;Início do Ramal do Caetano - Am-010 - Km 147,1;Fim do Ramal do Caetano - Am-010 - Km 1,11;ITACOATIARA;RMM;1,11;;km;"  2°55'40.16""S";" 59°19'27.21""W";"  2°55'22.01""S";" 59°19'0.50""W";Ok;;;;;;;;;;;;;;;;;;;;;;;;;;;;;;;;;LEITO NATURAL;;SEINFRA ;A VISITAR;;;;R$ 2.775.000,00;
RMITA;137;RAMAL DO JERICÓ;ESTRADA;PRIMÁRIO;AM-010;AM-010 - KM 147,6;Início do Ramal do Jericó - am-010 - Km 147,6;Fim do Ramal do Jericó - Km 4,68;ITACOATIARA;RMM;4,68;;km;"  2°55'55.94""S";" 59°19'30.61""W";"  2°54'38.02""S";" 59°18'17.27""W";Ok;;;;;;;;;;;;;;;;;;;;;;;;;;;;;;;;;LEITO NATURAL;;SEINFRA ;A VISITAR;;;;R$ 11.700.000,00;
RMITA;138;RAMAL TERRA PRETA;ESTRADA;PRIMÁRIO;AM-010;AM-010 - KM 148,1;Início do Ramal Terra Preta - Am-010 - Km 148,1;Fim do Ramal Terra Preta - Km 7,52;ITACOATIARA;RMM;7,52;;km;"  2°56'15.37""S";" 59°19'29.66""W";"  2°59'34.87""S";" 59°21'7.67""W";Ok;;;;;;;;;;;;;;;;;;;;;;;;;;;;;;;;;LEITO NATURAL;;SEINFRA ;A VISITAR;;;;R$ 18.800.000,00;
RMITA;139;RAMAL DO kM 150 - AM-010;ESTRADA;PRIMÁRIO;AM-010;AM-010 - KM 150,1;Início do Ramal do Km 150 - Am-010 - Km 150,1;Fim do Ramal do Km 150 - Ramal Terra Preta - Km 1,89;ITACOATIARA;RMM;1,89;;km;"  2°56'43.23""S";" 59°18'46.18""W";"  2°56'58.01""S ";" 59°19'41.62""W";Ok;;;;;;;;;;;;;;;;;;;;;;;;;;;;;;;;;LEITO NATURAL;;SEINFRA ;A VISITAR;;;;R$ 4.725.000,00;
RMITA;140;RAMAL DA  FAZENDA ITAPIRANGA;ESTRADA;PRIMÁRIO;AM-010;AM-010 - KM 153;Início do Ramal da Fazenda Itapiranga - Am-010 - Km 153;Fim do Ramal da Fazenda Itapiranga - Km 2,83;ITACOATIARA;RMM;2,83;;km;"  2°56'28.84""S";" 59°17'20.04""W";"  2°55'26.60""S";" 59°18'16.85""W";Ok;;;;;;;;;;;;;;;;;;;;;;;;;;;;;;;;;LEITO NATURAL;;SEINFRA ;A VISITAR;;;;R$ 7.075.000,00;
RMITA;141;RAMAL DA UNIÃO ;ESTRADA;PRIMÁRIO;AM-010;AM-010 - KM 153,3;Início do Ramal da União - Am-010 - Km 153,3;Fim do Ramal da União - Km 5,86;ITACOATIARA;RMM;5,83;;km;"  2°56'26.66""S";" 59°17'11.42""W";"  2°53'30.46""S";" 59°16'20.76""W";Ok;;;;;;;;;;;;;;;;;;;;;;;;;;;;;;;;;LEITO NATURAL;;SEINFRA ;A VISITAR;;;;R$ 14.575.000,00;
RMITA;142;RAMAL DO kM 153 - AM-010;ESTRADA;PRIMÁRIO;AM-010;AM-010 - KM 153,8;Início sdo Ramal do Km 153 - Am-010 - Km 153,8;Fim do Ramal do Km 153 - Km 1,4;ITACOATIARA;RMM;1,41;;km;"  2°56'32.05""S";" 59°16'55.18""W";"  2°55'55.47""S";" 59°16'41.35""W";Ok;;;;;;;;;;;;;;;;;;;;;;;;;;;;;;;;;LEITO NATURAL;;SEINFRA ;A VISITAR;;;;R$ 3.525.000,00;
RMITA;143;RAMAL DO BOM JESUS;ESTRADA;PRIMÁRIO;AM-010;AM-010 - KM 155,50;Início do Ramal do Bom Jesus  - Am-010 - Km 155,50;Fim do Ramal do Bom Jesus - Km 16,2;ITACOATIARA;RMM;16,20;;km;"  2°57'0.51""S";" 59°16'12.81""W";"  3° 4'0.25""S";" 59°19'19.91""W";Ok;;;;;;;;;;;;;;;;;;;;;;;;;;;;;;;;;LEITO NATURAL;;SEINFRA ;A VISITAR;;;;R$ 40.500.000,00;
RMITA;144;RAMAL DA PAZ;ESTRADA;PRIMÁRIO;AM-010;AM-010 - KM 161,37;Início do Ramal da Paz - Am-010 - Km 161,3;Fim do Ramal da Paz - Km 13,3;ITACOATIARA;RMM;13,30;;km;"  2°55'45.38""S";" 59°13'47.02""W";"  2°49'38.29""S";" 59°12'33.48""W";Ok;;;;;;;;;;;;;;;;;;;;;;;;;;;;;;;;;LEITO NATURAL;;SEINFRA ;A VISITAR;;;;R$ 33.250.000,00;
RMITA;145;RAMAL DO kM 165 - AM-010;ESTRADA;PRIMÁRIO;AM-010;AM-010 - KM 165,60;Início do Ramal do Km 165 - Am-010 - Km 165,60 ;Fim do Ramal do Km 165 - Am-010- Km 3,98;ITACOATIARA;RMM;3,89;;km;"  2°55'13.34""S";" 59°11'35.44""W";"  2°53'29.06""S";" 59°12'9.58""W";Ok;;;;;;;;;;;;;;;;;;;;;;;;;;;;;;;;;LEITO NATURAL;;SEINFRA ;A VISITAR;;;;R$ 9.725.000,00;
RMITA;146;RAMAL 2 DO kM 165 - AM-010;ESTRADA;PRIMÁRIO;AM-010;AM-010 - KM 165,75;Início do Ramal 2 do Km 165 - Am-010 - Km 165,75;Fim do Ramal 2 do Km 165 - Km 2,16;ITACOATIARA;RMM;2,16;;km;"  2°55'12.12""S";" 59°11'31.20""W";"  2°55'53.80""S";" 59°10'54.91""W";Ok;;;;;;;;;;;;;;;;;;;;;;;;;;;;;;;;;LEITO NATURAL;;SEINFRA ;A VISITAR;;;;R$ 5.400.000,00;
RMITA;147;RAMAL DO MINÉRIO;ESTRADA;PRIMÁRIO;AM-010;AM-010 - KM 167,7;Início do Ramal do Minério - am-010 - Km 167,7;Fim do Ramal do Minério - Km 9,45;ITACOATIARA;RMM;9,45;;km;"  2°54'31.19""S";" 59°10'45.42""W";"  2°50'47.51""S";" 59° 9'37.03""W";Ok;;;;;;;;;;;;;;;;;;;;;;;;;;;;;;;;;LEITO NATURAL;;SEINFRA ;A VISITAR;;;;R$ 23.625.000,00;
RMITA;148;RAMAL DO kM 169 - AM-010;ESTRADA;PRIMÁRIO;AM-010;AM-010 - KM 169,3;Início do Ramal do Km 169 - am-010 - Km 169,3;Fim do Ramal do Km 169 - Km 5,72;ITACOATIARA;RMM;5,72;;km;"  2°54'26.02""S";" 59° 9'52.54""W";"  2°52'10.01""S";" 59° 8'34.56""W";Ok;;;;;;;;;;;;;;;;;;;;;;;;;;;;;;;;;LEITO NATURAL;;SEINFRA ;A VISITAR;;;;R$ 14.300.000,00;
RMITA;149;RAMAL DA UNIDADE PRISIONAL;ESTRADA;PRIMÁRIO;AM-010;AM-010 - KM 263,1;Início do Ramal da Unidade Prisional - 263,1 Km - Am-010;Fim do Ramal da Unidade Prisional - 6,1 Km - Escola Munícipal José do Patrocinio;ITACOATIARA;RMM;6,13;;km;"  3° 4'34.86""S";" 58°27'54.99""W";"  3° 2'37.66""S";" 58°25'37.83""W";Ok;;;;;;;;;;;;;;;;;;;;;;;;;;;;;;;;;LEITO NATURAL;;SEINFRA ;A VISITAR;;;;R$ 15.325.000,00;
RMITA;150;RAMAL DO INJATUBA;ESTRADA;PRIMÁRIO;AM-010;AM-010 - KM 238,1;Início do Ramal do Injatuba - Am-010 - Km 238,1;Fim do Ramal do Injatuba - Km 2,51;ITACOATIARA;RMM;2,51;;km;"  3° 4'36.06""S";" 58°39'37.93""W";"  3° 5'43.27""S";" 58°40'7.36""W";Ok;;;;;;;;;;;;;;;;;;;;;;;;;;;;;;;;;LEITO NATURAL;;SEINFRA ;A VISITAR;;;;R$ 6.275.000,00;
RMITA;151;RAMAL DO kM 174 - AM-010;ESTRADA;PRIMÁRIO;AM-010;AM-010 - KM 174,6;Início do Ramal do Km 174 - Am-010 - Km 174,6;Fim do Ramal do Km 174 - Am-010 - Km 1,97;ITACOATIARA;RMM;1,97;;km;"  2°54'43.39""S";" 59° 7'12.54""W";"  2°53'46.39""S";" 59° 7'24.53""W";Ok;;;;;;;;;;;;;;;;;;;;;;;;;;;;;;;;;LEITO NATURAL;;SEINFRA ;A VISITAR;;;;R$ 4.925.000,00;
RMITA;152;RAMAL DO kM 177 - AM-010;ESTRADA;PRIMÁRIO;AM-010;AM-010 - KM 177,5;Início do Ramal do Km 177 - Am-010 - Km 177,51;Fim do Ramal do Km 177 - Am-010 - Km 3,19;ITACOATIARA;RMM;3,19;;km;"  2°54'5.42""S";" 59° 5'51.75""W";"  2°52'49.23""S";" 59° 6'8.86""W";Ok;;;;;;;;;;;;;;;;;;;;;;;;;;;;;;;;;LEITO NATURAL;;SEINFRA ;A VISITAR;;;;R$ 7.975.000,00;
RMITA;153;RAMAL DO kM 178 - AM-010 ;ESTRADA;PRIMÁRIO;AM-010;AM-010 - KM 178,3;Início do Ramal do Km 178 - Am-010 - Km 178,3 ;Fim do Ramal do Km 178 - Am-010 - Km 1 ;ITACOATIARA;RMM;1,00;;km;"  2°54'9.60""S";" 59° 5'27.03""W";"  2°54'36.87""S";" 59° 5'34.42""W";Ok;;;;;;;;;;;;;;;;;;;;;;;;;;;;;;;;;LEITO NATURAL;;SEINFRA ;A VISITAR;;;;R$ 2.500.000,00;
RMITA;154;RAMAL DO CEMITÉRIO;ESTRADA;PRIMÁRIO;AM-010;AM-010 - KM 181,55;Início do Ramal do Cemitério - Am-010 - Km 181,55;Fim do Ramal do Cemitério - Km 0,45 ;ITACOATIARA;RMM;0,45;;km;"  2°54'37.44""S";" 59° 3'53.39""W";"  2°54'50.09""S";" 59° 4'0.44""W";Ok;;;;;;;;;;;;;;;;;;;;;;;;;;;;;;;;;LEITO NATURAL;;SEINFRA ;A VISITAR;;;;R$ 1.125.000,00;
RMITA;155;RAMAL DO AJURICABA;ESTRADA;PRIMÁRIO;AM-010;AM-010 - KM 183,3;Início do Ramal Ajuricaba - Escola Municipal Ivo Amazonense de Moura  Am-010 - Km 183,3 ;Fim do Ramal do Ajuricaba - Km 7,49;ITACOATIARA;RMM;7,49;;km;"  2°54'29.03""S";" 59° 3'5.41""W";"  2°55'13.19""S";" 59° 6'8.23""W";Ok;;;;;;;;;;;;;;;;;;;;;;;;;;;;;;;;;LEITO NATURAL;;SEINFRA ;A VISITAR;;;;R$ 18.725.000,00;
RMITA;156;RAMAL CACHOEIRA DA LINDÓIA;ESTRADA;PRIMÁRIO;AM-010;AM-010 - KM 184,26;Início do Ramal Cachoeira da Lindóia - Am-010 - Km 184,2;Fim do Ramal Cachoeira do Lindóia - Km 2,1;ITACOATIARA;RMM;2,10;;km;"  2°54'46.53""S";" 59° 2'34.43""W";"  2°53'57.41""S";" 59° 3'4.61""W";Ok;;;;;;;;;;;;;;;;;;;;;;;;;;;;;;;;;LEITO NATURAL;;SEINFRA ;A VISITAR;;;;R$ 5.250.000,00;
RMITA;157;RAMAL DO kM 184 - AM-010;ESTRADA;PRIMÁRIO;AM-010;AM-010 - KM 184,84;Início do Ramal Cachoeira do Lindóia - Am-010 - Km 184,84;Fim do Ramal do Km 184 - Am-010 - Km 3,83;ITACOATIARA;RMM;3,83;;km;"  2°54'41.81""S";" 59° 2'20.08""W";"  2°56'28.33""S";" 59° 2'4.01""W";Ok;;;;;;;;;;;;;;;;;;;;;;;;;;;;;;;;;LEITO NATURAL;;SEINFRA ;A VISITAR;;;;R$ 9.575.000,00;
RMITA;158;RAMAL DO kM 191 - AM-010;ESTRADA;PRIMÁRIO;AM-010;AM-010 - KM 191,2;Início do Ramal do Km 191 - Am-010 - Km 191,2 ;Fim do Ramal do Km 191 - Am-010 - Km 2,58;ITACOATIARA;RMM;2,58;;km;"  2°52'35.69""S";" 58°59'46.34""W";"  2°51'21.62""S";" 59° 0'7.05""W";Ok;;;;;;;;;;;;;;;;;;;;;;;;;;;;;;;;;LEITO NATURAL;;SEINFRA ;A VISITAR;;;;R$ 6.450.000,00;
RMITA;159;RAMAL COLONIA NOVA VIDA ;ESTRADA;PRIMÁRIO;AM-010;AM-010 - KM 202 ,2;Início do Ramal do Colonia vida - Am-010 - Km 202,2;Fim do Ramal da Colonia Nova Vida - Km 8,39;ITACOATIARA;RMM;8,32;;km;"  2°56'18.83""S";" 58°55'53.89""W";"  2°58'11.79""S";" 58°59'46.87""W";Ok;;;;;;;;;;;;;;;;;;;;;;;;;;;;;;;;;LEITO NATURAL;;SEINFRA ;A VISITAR;;;;R$ 20.800.000,00;
RMITA;160;RAMAL DO kM 213 - AM-010;ESTRADA;PRIMÁRIO;AM-010;AM-010 - KM 213,30;Início do Ramal do Km 213 - Am-010 - Km 213,30;Fim do Ramal do Km 213 - Km 1,97;ITACOATIARA;RMM;1,97;;km;"  3° 0'22.98""S";" 58°51'42.74""W";"  2°59'36.16""S";" 58°51'15.54""W";Ok;;;;;;;;;;;;;;;;;;;;;;;;;;;;;;;;;LEITO NATURAL;;SEINFRA ;A VISITAR;;;;R$ 4.925.000,00;
RMITA;161;RAMAL DO kM 216 - AM-010;ESTRADA;PRIMÁRIO;AM-010;AM-010 - KM 216,97;Início do Ramal do Km 217 - Am-010 - Km 216,97;Fim do Ramal do Km 216 - Km 1,96;ITACOATIARA;RMM;1,96;;km;"  3° 1'29.50""S";" 58°50'5.65""W";"  3° 0'31.42""S";" 58°49'57.80""W";Ok;;;;;;;;;;;;;;;;;;;;;;;;;;;;;;;;;LEITO NATURAL;;SEINFRA ;A VISITAR;;;;R$ 4.900.000,00;
RMITA;162;RAMAL DO MUIRACUPUZINHO;ESTRADA;PRIMÁRIO;AM-010;AM-010 - KM 218,44;Ramal do Muiracupuzinho - Am-010 - Km 218,44;Fim do Ramal do Muiracupuzinho - Km 10,5;ITACOATIARA;RMM;10,50;;km;"  3° 1'54.48""S";" 58°49'26.69""W";"  3° 6'25.36""S";" 58°50'29.20""W";Ok;;;;;;;;;;;;;;;;;;;;;;;;;;;;;;;;;LEITO NATURAL;;SEINFRA ;A VISITAR;;;;R$ 26.250.000,00;
RMITA;163;RAMAL DO kM 220 - AM-010 ;ESTRADA;PRIMÁRIO;AM-010;AM-010 - KM 220,30;Início do Ramal do Km 220 - Am-010 - Km 220,30;Fim do Ramal do Km 220 - Km 9;ITACOATIARA;RMM;9,00;;km;"  3° 2'15.79""S";" 58°48'31.15""W";"  3° 6'13.70""S";" 58°48'53.76""W";Ok;;;;;;;;;;;;;;;;;;;;;;;;;;;;;;;;;LEITO NATURAL;;SEINFRA ;A VISITAR;;;;R$ 22.500.000,00;
RMITA;164;RAMAL DO kM 222 - AM-010;ESTRADA;PRIMÁRIO;AM-010;AM-010 - KM 222,94;Início do Ramal do Km 222 - Am-010 - Km 222,94;Fim do Ramal do Km 222 - Km 2;ITACOATIARA;RMM;2,00;;km;"  3° 2'53.63""S";" 58°47'16.13""W";"  3° 3'46.30""S";" 58°47'40.78""W";Ok;;;;;;;;;;;;;;;;;;;;;;;;;;;;;;;;;LEITO NATURAL;;SEINFRA ;A VISITAR;;;;R$ 5.000.000,00;
RMITA;165;RAMAL DO kM 224 - AM-010;ESTRADA;PRIMÁRIO;AM-010;AM-010 - KM 224,64;Início do Ramal do Km 224 - Am-010 - Km 224,64;Fim do Ramal do Km 224 - Km 1,47;ITACOATIARA;RMM;1,47;;km;"  3° 3'18.38""S";" 58°46'26.66""W";"  3° 3'42.37""S";" 58°46'40.50""W";Ok;;;;;;;;;;;;;;;;;;;;;;;;;;;;;;;;;LEITO NATURAL;;SEINFRA ;A VISITAR;;;;R$ 3.675.000,00;
RMITA;166;RAMAL DO SANGAUA;ESTRADA;PRIMÁRIO;AM-010;AM-010 - KM 225,64;Início do Ramal do Sangaua - Am-010 - Km 225,64;Fim do Ramal do Sangaua - Comunidade Sangaua - Km 9,15;ITACOATIARA;RMM;9,15;;km;"  3° 3'27.89""S";" 58°45'55.17""W";"  3° 7'48.86""S";" 58°47'29.95""W";Ok;;;;;;;;;;;;;;;;;;;;;;;;;;;;;;;;;LEITO NATURAL;;SEINFRA ;A VISITAR;;;;R$ 22.875.000,00;
RMITA;167;RAMAL DA SUDAM;ESTRADA;PRIMÁRIO;AM-010;AM-010 - KM 232,46;Início do Ramal da Sudam - Am-010 - Km 232,46;Fim do Ramal da Sudam - Km 19,5;ITACOATIARA;RMM;19,50;;km;"  3° 3'36.78""S";" 58°42'24.16""W";"  3°11'47.18""S";" 58°44'29.14""W";Ok;;;;;;;;;;;;;;;;;;;;;;;;;;;;;;;;;LEITO NATURAL;;SEINFRA ;A VISITAR;;;;R$ 48.750.000,00;
RMITA;168;RAMAL DO kM 232 - AM-010;ESTRADA;PRIMÁRIO;AM-010;AM-010 - KM 232,34;Início do Ramal do Km 232 - Am-010 - Km 232,34;Fim do Ramal do Km 232 - Km 1,37;ITACOATIARA;RMM;1,37;;km;"  3° 3'34.22""S";" 58°42'27.39""W";"  3° 2'59.95""S";" 58°42'36.21""W";Ok;;;;;;;;;;;;;;;;;;;;;;;;;;;;;;;;;LEITO NATURAL;;SEINFRA ;A VISITAR;;;;R$ 3.425.000,00;
RMITA;169;RAMAL INAJATUBA;ESTRADA;PRIMÁRIO;AM-010;AM-010 - KM 239,24;Início do Ramal do Inajatuba - Am-010 - Km 239,24;Fim do Ramal do Inajatuba - Km 6;ITACOATIARA;RMM;6,00;;km;"  3° 4'32.71""S";" 58°38'58.10""W";"  3° 7'14.84""S";" 58°37'47.67""W";Ok;;;;;;;;;;;;;;;;;;;;;;;;;;;;;;;;;LEITO NATURAL;;SEINFRA ;A VISITAR;;;;R$ 15.000.000,00;
RMITA;170;RAMAL DO JACAMIM;ESTRADA;PRIMÁRIO;AM-010;AM-010 - KM 243,63;Início do Ramal do Jacamim - Am-010 - Km 243,63;Fim do Ramal do Jacamim - Km 1,35;ITACOATIARA;RMM;1,35;;km;"  3° 3'27.68""S";" 58°36'54.36""W";"  3° 4'4.61""S";" 58°36'48.05""W";Ok;;;;;;;;;;;;;;;;;;;;;;;;;;;;;;;;;LEITO NATURAL;;SEINFRA ;A VISITAR;;;;R$ 3.375.000,00;
RMITA;171;RAMAL DO  JORDÃO;ESTRADA;PRIMÁRIO;AM-010 ;AM-010 - KM 244,14;Início do Ramal do Jordão - Am-010 - Km 244,14;Fim do Ramal do Jordão - Km 1,90;ITACOATIARA;RMM;1,90;;km;"  3° 3'18.09""S";" 58°36'41.43""W";"  3° 2'37.22""S";" 58°37'24.67""W";Ok;;;;;;;;;;;;;;;;;;;;;;;;;;;;;;;;;LEITO NATURAL;;SEINFRA ;A VISITAR;;;;R$ 4.750.000,00;
RMITA;172;RAMAL DO kM 247 - AM-010;ESTRADA;PRIMÁRIO;AM-010;AM-010 - KM 247,3;Início do Ramal do Km 247 - Am-010 - Km 247,33 ;Fim do Ramal do Km 247 - Km 2,64;ITACOATIARA;RMM;2,64;;km;"  3° 2'18.26""S";" 58°35'17.27""W";"  3° 3'18.03""S";" 58°34'36.14""W";Ok;;;;;;;;;;;;;;;;;;;;;;;;;;;;;;;;;LEITO NATURAL;;SEINFRA ;A VISITAR;;;;R$ 6.600.000,00;
RMITA;173;RAMAL DO kM 249 - AM-010;ESTRADA;PRIMÁRIO;AM-010;AM-010 - KM 249,9;Início do Ramal do Km 249 - Am-010 - Km 249,9 ;Fim do Ramal do Km 249 - Km 0,95;ITACOATIARA;RMM;0,95;;km;"  3° 2'12.18""S";" 58°33'55.22""W";"  3° 2'18.33""S";" 58°34'24.69""W";Ok;;;;;;;;;;;;;;;;;;;;;;;;;;;;;;;;;LEITO NATURAL;;SEINFRA ;A VISITAR;;;;R$ 2.375.000,00;
RMITA;174;RAMAL DO kM 250 - AM-010;ESTRADA;PRIMÁRIO;AM-010;AM-010 - KM 250,60;Início do Ramal do Km 250 - Am-010 - Km 250,60;Fim do Ramal do Km 250 - Km 1,60 ;ITACOATIARA;RMM;1,60;;km;"  3° 2'15.31""S";" 58°33'33.73""W";"  3° 2'56.13""S";" 58°33'39.78""W";Ok;;;;;;;;;;;;;;;;;;;;;;;;;;;;;;;;;LEITO NATURAL;;SEINFRA ;A VISITAR;;;;R$ 4.000.000,00;
RMITA;175;RAMAL RONDON I ;ESTRADA;PRIMÁRIO;AM-010;AM-010 - KM 252,2;Início do Ramal Rondon I - Am-010 - Km 252,2;Fim do Ramal Rondon I - Km 12,2 ;ITACOATIARA;RMM;12,20;;km;"  3° 1'53.30""S";" 58°32'47.49""W";"  3° 7'39.13""S";" 58°31'29.81""W";Ok;;;;;;;;;;;;;;;;;;;;;;;;;;;;;;;;;LEITO NATURAL;;SEINFRA ;A VISITAR;;;;R$ 30.500.000,00;
RMITA;176;RAMAL DO kM 254 - AM-010;ESTRADA;PRIMÁRIO;AM-010;AM-010 - KM 254,75;Início do Ramal do Km 254 - Am-010 - Km 254,75;Fim do Ramal do Km 254 - Km 2,41;ITACOATIARA;RMM;2,41;;km;"  3° 2'13.74""S";" 58°31'27.10""W";"  3° 0'57.59""S";" 58°31'9.91""W";Ok;;;;;;;;;;;;;;;;;;;;;;;;;;;;;;;;;LEITO NATURAL;;SEINFRA ;A VISITAR;;;;R$ 6.025.000,00;
RMITA;177;RAMAL DO AIBÚ;ESTRADA;PRIMÁRIO;AM-010;AM-010 - KM 259,70;Início do Ramal do Aibú - Am-010 - Km 259,70 ;Fim do Ramal do Aibú - Km 5,25;ITACOATIARA;RMM;5,25;;km;"  3° 3'10.27""S";" 58°28'58.55""W";"  3° 4'23.17""S";" 58°31'11.47""W";Ok;;;;;;;;;;;;;;;;;;;;;;;;;;;;;;;;;LEITO NATURAL;;SEINFRA ;A VISITAR;;;;R$ 13.125.000,00;
RMITA;178;RAMAL DO kM 259 - AM-010;ESTRADA;PRIMÁRIO;AM-010;AM-010 - KM 259,68;Início do Ramal do Km 259 - Am-010 - Km 259,68;Fim do Ramal do Km 259 - Km 10;ITACOATIARA;RMM;10,00;;km;"  3° 3'9.37""S";" 58°28'58.91""W";"  2°59'22.55""S";" 58°27'5.14""W";Ok;;;;;;;;;;;;;;;;;;;;;;;;;;;;;;;;;LEITO NATURAL;;SEINFRA ;A VISITAR;;;;R$ 25.000.000,00;
RMITA;179;RAMAL DO kM 261 - AM-010;ESTRADA;PRIMÁRIO;AM-010;AM-010 - KM 261,1;Início do Ramal do Km 261 - Am-010 - Km 261,1;Fim do Ramal do Km 261 - Km 1,53 ;ITACOATIARA;RMM;1,53;;km;"  3° 3'38.65""S";" 58°28'27.21""W";"  3° 3'8.79""S";" 58°27'53.69""W";Ok;;;;;;;;;;;;;;;;;;;;;;;;;;;;;;;;;LEITO NATURAL;;SEINFRA ;A VISITAR;;;;R$ 3.825.000,00;
RMITA;180;RAMAL DO LAGO ;ESTRADA;PRIMÁRIO;AM-010;AM-010 - KM 262,22;Início do Ramal do Lago - Am-010 - Km 262,22;Fim do Ramal do Lago - Km 1,88;ITACOATIARA;RMM;1,88;;km;"  3° 4'10.96""S";" 58°28'9.49""W";"  3° 4'44.86""S";" 58°29'0.19""W";Ok;;;;;;;;;;;;;;;;;;;;;;;;;;;;;;;;;LEITO NATURAL;;SEINFRA ;A VISITAR;;;;R$ 4.700.000,00;
RMITA;181;RAMAL DO kM 262 - AM-010;ESTRADA;PRIMÁRIO;AM-010;AM-010 - KM 262,9;Início do Ramal do Km 262 - Ao Lado do Ifam -  Campus Itacoatiara - Am-010 - Km 262,9;Fim do Ramal do Km 262 - Km 3,91 ;ITACOATIARA;RMM;3,91;;km;"  3° 4'30.69""S";" 58°27'57.69""W";"  3° 3'2.99""S";" 58°26'32.72""W";Ok;;;;;;;;;;;;;;;;;;;;;;;;;;;;;;;;;LEITO NATURAL;;SEINFRA ;A VISITAR;;;;R$ 9.775.000,00;
RMITA;182;SUB. RAMAL  DO MACACO CEGO ;ESTRADA;PRIMÁRIO;ESTRADA DO NOVO REMANSO ;ESTRADA DO NOVO REMANSO - KM 40,47;Início do Ramal do Macaco Cego - Estrada do Novo Remanso - Km 40,47;Fim do Ramal do Macaco Cego - Km 3,62;ITACOATIARA;RMM;3,61;;km;"  3°11'16.22""S";" 59° 0'45.69""W";"  3°10'52.30""S";" 58°58'55.28""W";Ok;;;;;;;;;;;;;;;;;;;;;;;;;;;;;;;;;LEITO NATURAL;;SEINFRA ;A VISITAR;;;;R$ 9.025.000,00;
RMIRA;129;RAMAL SANTA MARIA ;ESTRADA;PRIMÁRIO;AM-070;AM-070 - KM 13,40;Início do Ramal Santa Maria - Am-070 - Km 13,40;Fim do Ramal Santa Maria - Km 7,31;IRANDUBA;RMM;7,31;7,33;km;"  3°12'1.03""S";" 60°10'56.64""W";"  3° 8'4.58""S";" 60°11'5.27""W";Ok;;;;;;;;;;;;;;;;;;;;;;;;;;;;;;;;;PAVIMENTADA;;SEINFRA ;VISITADO / CONCLUÍDO;;CT-00041/2020-SEINFRA;Ramal Santa Maria, kM 13 da AM - 070;R$ 18.275.000,00;R$ 5.933.498,16
RMTAB;461;ESTRADA PERIMENTRAL NORTE II;ESTRADA;PRIMÁRIO;R. LINHA GEODESICA;SUPERMERCADO CLEMENTE - KM 00;Início da Estrada Perimentral Norte II - Supermercado Clemente - Km 00;Fim Estrada Perimentral Norte II - Matadouro Matupy - Km 2,44;TABATINGA;INTERIOR;2,44;2,44;km;"  4°12'58.09""S";" 69°55'57.09""W";"  4°13'12.89""S";" 69°54'39.62""W";Ok;;;;;;;;;;;;;;;;;;;;;;;;;;;;;;;;;PAVIMENTADA;;SEINFRA ;CONCLUÍDO;;CT-00054/2020-SEINFRA;Estrada Perimetral Norte II;R$ 6.100.000,00;R$ 3.343.610,01
RMTAB;462; ESTRADA PERIMENTRAL NORTE I;ESTRADA;PRIMÁRIO;R. LINHA GEODESICA;-;Início da Estrada Perimentral Norte I -  Km 00;Fim Estrada Perimentral Norte I - Km 6,12;TABATINGA;INTERIOR;6,12;4,13;km;"  4°13'11.36""S";" 69°55'59.50""W";"  4°13'46.48""S";" 69°52'47.29""W";Ok;;;;;;;;;;;;;;;;;;;;;;;;;;;;;;;;;PAVIMENTADA;;SEINFRA ;EM OBRA;;CT-00054/2020-SEINFRA;Estrada Perimetral Norte I ;R$ 15.300.000,00;R$ 5.665.458,32
RMMAC;186;RAMAL DO kM 31 - AM-352;ESTRADA;PRIMÁRIO;AM-352;AM-352 - KM 31,59;Início do Ramal do Km 31 - Am-352 - Km 31,59;Fim do Ramal do Km 31 - Am-352 - Km 5,44;MANACAPURU;INTERIOR;5,44;;km;"  3° 6'7.95""S";" 60°47'11.86""W";"  3° 7'56.38""S";" 60°49'4.14""W";Ok;;;;;;;;;;;;;;;;;;;;;;;;;;;;;;;;;LEITO NATURAL;;SEINFRA ;A VISITAR;;;;R$ 13.600.000,00;
RMMAC;187;RAMAL DO kM 30 - AM-352;ESTRADA;PRIMÁRIO;AM-352;AM-352 - KM 30,06;Início do Ramal do Km 30 - Am-352 - Km 30,06;Fim do Ramal do Km 30 - Am-352 - Km 1,93;MANACAPURU;INTERIOR;1,93;;km;"  3° 6'12.98""S";" 60°46'34.34""W";"  3° 7'4.99""S";" 60°46'34.73""W";Ok;;;;;;;;;;;;;;;;;;;;;;;;;;;;;;;;;LEITO NATURAL;;SEINFRA ;A VISITAR;;;;R$ 4.825.000,00;
RMMAC;188;RAMAL DO kM 28 - AM-352;ESTRADA;PRIMÁRIO;AM-352;AM-352 - KM 28,86;Início do Ramal do Km 28 - Am-352 - Km 28,86;Fim do Ramal do Km 28 - Am-352 - Km 3 ;MANACAPURU;INTERIOR;3,00;;km;"  3° 5'46.52""S";" 60°46'9.87""W";"  3° 4'24.80""S";" 60°45'36.35""W";Ok;;;;;;;;;;;;;;;;;;;;;;;;;;;;;;;;;LEITO NATURAL;;SEINFRA ;A VISITAR;;;;R$ 7.500.000,00;
RMMAC;189;RAMAL DO UGA - UGA;ESTRADA;PRIMÁRIO;AM-352;AM-352 - KM 27,54;Início do Ramal do Uga - Am-352 - Km 27,54;Fim do Ramal do Uga - Uga - Km 4,15;MANACAPURU;RMM;4,15;;km;"  3° 6'7.85""S";" 60°45'33.28""W";"  3° 4'17.62""S";" 60°44'20.22""W";Ok;;;;;;;;;;;;;;;;;;;;;;;;;;;;;;;;;LEITO NATURAL;;SEINFRA ;CONCLUÍDO;;;;R$ 10.375.000,00;
RMMAC;190;RAMAL VALE DE BENÇÃO I;ESTRADA;PRIMÁRIO;AM-352;AM-352 - KM 24,61;Início do Ramal Vale de Benção I - Am-352 - Km 24,61;Fim do Ramal Vale de Benção I - Km 9 ;MANACAPURU;RMM;9,00;;km;"  3° 7'11.61""S";" 60°44'27.07""W";"  3° 3'49.92""S";" 60°42'35.96""W";Ok;;;;;;;;;;;;;;;;;;;;;;;;;;;;;;;;;LEITO NATURAL;;SEINFRA ;A VISITAR;;;;R$ 22.500.000,00;
RMMAC;191;RAMAL DO CAXIQUE;ESTRADA;PRIMÁRIO;AM-352;AM-352 - KM 20,54;Início do Ramal do Caxique - Am-352 - Km 20,54;Fim do Ramal do Caxique - Km 0,55;MANACAPURU;RMM;0,55;;km;"  3° 8'57.82""S";" 60°43'11.08""W";"  3° 9'11.88""S";" 60°43'21.65""W";Ok;;;;;;;;;;;;;;;;;;;;;;;;;;;;;;;;;LEITO NATURAL;;SEINFRA ;A VISITAR;;;;R$ 1.375.000,00;
RMMAC;192;RAMAL DO kM 20 - AM-352;ESTRADA;PRIMÁRIO;AM-352;AM-352 - KM 20,51;Início do Ramal do Km 20 - Am-352 - Km 20,51;Fim do Ramal do Km 20 - Am-352 - Km 5,67;MANACAPURU;RMM;5,67;;km;"  3° 8'58.41""S";" 60°43'10.19""W";"  3° 7'28.73""S";" 60°41'29.11""W";Ok;;;;;;;;;;;;;;;;;;;;;;;;;;;;;;;;;LEITO NATURAL;;SEINFRA ;A VISITAR;;;;R$ 14.175.000,00;
RMMAC;193;RAMAL DO kM 18 - AM-352;ESTRADA;PRIMÁRIO;AM-352;AM-352 - KM 18,16;Início do Ramal do Km 18 - Am-352 - Km 18,16;Fim do Ramal do Km 18 - Am-352 - Km 13,8;MANACAPURU;RMM;13,80;;km;"  3° 9'56.99""S";" 60°42'25.08""W";"  3° 6'49.33""S";" 60°38'12.09""W";Ok;;;;;;;;;;;;;;;;;;;;;;;;;;;;;;;;;LEITO NATURAL;;SEINFRA ;A VISITAR;;;;R$ 34.500.000,00;
RMMAC;194;RAMAL DO kM 12 - AM-352;ESTRADA;PRIMÁRIO;AM-352;AM-352 - KM 12,80;Início do Ramal do Km 12 - Am-352 - Km 12,80;Fim do Ramal do Km 12 - Am-352 - Km 2,97;MANACAPURU;RMM;2,97;;km;"  3°11'48.60""S";" 60°42'1.01""W";"  3°13'11.33""S";" 60°42'23.83""W";Ok;;;;;;;;;;;;;;;;;;;;;;;;;;;;;;;;;LEITO NATURAL;;SEINFRA ;A VISITAR;;;;R$ 7.425.000,00;
RMMAC;195;RAMAL DO kM 11 - AM-352;ESTRADA;PRIMÁRIO;AM-352;AM-352 - KM 11,92;Início do Ramal do Km 11 - Am-352 - Km 11,92;Fim do Ramal do Km 11 - Am-352 - Km 7,1;MANACAPURU;RMM;7,10;;km;"  3°11'41.94""S";" 60°41'34.73""W";"  3° 9'7.30""S";" 60°40'2.38""W";Ok;;;;;;;;;;;;;;;;;;;;;;;;;;;;;;;;;LEITO NATURAL;;SEINFRA ;A VISITAR;;;;R$ 17.750.000,00;
RMMAC;196;RAMAL DOS IPÊS;ESTRADA;PRIMÁRIO;AM-352;AM-352 - KM 11,78;Início do Ramal dos Ipês - Am-352 - Km 11,78;Fim do Ramal dos Ipês - Km 1;MANACAPURU;RMM;1,00;;km;"  3°11'43.98""S";" 60°41'30.73""W";"  3°12'4.87""S";" 60°41'55.45""W";Ok;;;;;;;;;;;;;;;;;;;;;;;;;;;;;;;;;LEITO NATURAL;;SEINFRA ;A VISITAR;;;;R$ 2.500.000,00;
RMMAC;197;RAMAL DO kM 10 - AM-352 ;ESTRADA;PRIMÁRIO;AM-352;AM-352 - KM 10,73;Início do Ramal do Km 10 - Am-352 - Km 10,73;Fim do Ramal do Km 10 - Am-352 - Km 1,15;MANACAPURU;RMM;1,15;;km;"  3°12'3.28""S";" 60°41'3.46""W";"  3°12'18.94""S";" 60°41'36.90""W";Ok;;;;;;;;;;;;;;;;;;;;;;;;;;;;;;;;;LEITO NATURAL;;SEINFRA ;A VISITAR;;;;R$ 2.875.000,00;
RMMAC;198;RAMAL TERRA PROMETIDA;ESTRADA;PRIMÁRIO;AM-352;AM-352 - KM 10,14;Início do Ramal Terra Prometida - Am-352 - Km 10,14;Fim do Ramal Terra Prometida - Km 3,33;MANACAPURU;RMM;3,33;;km;"  3°12'18.80""S";" 60°40'56.26""W";"  3°13'21.90""S";" 60°41'37.55""W";Ok;;;;;;;;;;;;;;;;;;;;;;;;;;;;;;;;;LEITO NATURAL;;SEINFRA ;A VISITAR;;;;R$ 8.325.000,00;
RMMAC;199;RAMAL DO kM 8 - AM-352;ESTRADA;PRIMÁRIO;AM-352;AM-352 - KM 8,56;Início do Ramal do Km 8 - Am-352 - Km 8,56;Fim do Ramal do Km 8 - Am-352 - Km 0,91;MANACAPURU;RMM;0,91;;km;"  3°13'1.24""S";" 60°40'30.93""W";"  3°12'37.60""S";" 60°40'17.96""W";Ok;;;;;;;;;;;;;;;;;;;;;;;;;;;;;;;;;LEITO NATURAL;;SEINFRA ;A VISITAR;;;;R$ 2.275.000,00;
RMMAC;200;RAMAL DO JAPONÊS ;ESTRADA;PRIMÁRIO;AM-352;AM-352 - KM 8,19;Início do Ramal do Japonês - Am-352 - Km 8,19;Fim do Ramal do Japonês - Am-352 - Km 3,89;MANACAPURU;RMM;3,89;;km;"  3°13'10.04""S";" 60°40'22.74""W";"  3°14'57.62""S";" 60°40'58.87""W";Ok;;;;;;;;;;;;;;;;;;;;;;;;;;;;;;;;;LEITO NATURAL;;SEINFRA ;A VISITAR;;;;R$ 9.725.000,00;
RMMAC;201;RAMAL DO CLUBE DOS 20 ;ESTRADA;PRIMÁRIO;AM-352;AM-352 - KM 8;Início do Ramal do Clube dos 20 - Am-352 - Km 8;Fim do Ramal do Clube dos 20 - Km 6,56;MANACAPURU;RMM;6,56;;km;"  3°13'14.71""S";" 60°40'18.79""W";"  3°11'32.97""S";" 60°38'21.41""W";Ok;;;;;;;;;;;;;;;;;;;;;;;;;;;;;;;;;LEITO NATURAL;;SEINFRA ;A VISITAR;;;;R$ 16.400.000,00;
RMMAC;202;RAMAL DO BALNEÁRIO SEMPRE VIVA;ESTRADA;PRIMÁRIO;AM-352;AM-352 - KM 7,1;Início do Ramal do Balneário Viva - Am-352 - Km 7,1;Fim do Ramal do Balneário Sempre Viva - Km 0,47;MANACAPURU;RMM;0,47;;km;"  3°13'19.52""S";" 60°39'53.52""W";"  3°13'4.56""S";" 60°39'51.57""W";Ok;;;;;;;;;;;;;;;;;;;;;;;;;;;;;;;;;LEITO NATURAL;;SEINFRA ;A VISITAR;;;;R$ 1.175.000,00;
RMMAC;203;RAMAL DO 4 IRMÃOS ;ESTRADA;PRIMÁRIO;AM-352;AM-352 - KM 6,91;Início do Ramal do 4 Irmãos - Am-352 - Km 6,91;Fim do Ramal do 4 Irmãos - Km 1,48;MANACAPURU;RMM;1,48;;km;"  3°13'20.22""S";" 60°39'48.53""W";"  3°13'53.94""S";" 60°39'58.79""W";Ok;;;;;;;;;;;;;;;;;;;;;;;;;;;;;;;;;LEITO NATURAL;;SEINFRA ;A VISITAR;;;;R$ 3.700.000,00;
RMMAC;204;RAMAL DO kM 5 - AM-352 ;ESTRADA;PRIMÁRIO;AM-352;AM-352 - KM 5,45;Início do Ramal do Km 5 - AM-352 - Km 5,45;Fim do Ramal do Km 5 - Am-352 - Km 0,94;MANACAPURU;RMM;0,94;;km;"  3°13'51.44""S";" 60°39'14.71""W";"  3°14'16.42""S";" 60°39'22.40""W";Ok;;;;;;;;;;;;;;;;;;;;;;;;;;;;;;;;;LEITO NATURAL;;SEINFRA ;A VISITAR;;;;R$ 2.350.000,00;
RMMAC;205;RAMAL DOS GUARDIÕES DE ÓRION ;ESTRADA;PRIMÁRIO;AM-352 ;AM-352 - KM 5,17;Início do Ramal do Guardiões do Órion - Am-352 - Km 5,17;Fim do Ramal do Guardiões do Órion - Km 9,1;MANACAPURU;RMM;9,21;;km;"  3°13'55.50""S";" 60°39'6.81""W";"  3°10'18.00""S";"  3°10'18.00""W";Ok;;;;;;;;;;;;;;;;;;;;;;;;;;;;;;;;;LEITO NATURAL;;SEINFRA ;A VISITAR;;;;R$ 23.025.000,00;
RMMAC;206;RAMAL DO ADVENTISTA;ESTRADA;PRIMÁRIO;AM-352;AM-352 - KM 4,61;Início do Ramal do Adventista - Am-352 - Km 4,61;Fim do Ramal do Adventista - Km 1,1;MANACAPURU;RMM;1,10;;km;"  3°14'9.09""S";" 60°38'55.51""W";"  3°13'50.84""S";" 60°38'29.42""W";Ok;;;;;;;;;;;;;;;;;;;;;;;;;;;;;;;;;LEITO NATURAL;;SEINFRA ;A VISITAR;;;;R$ 2.750.000,00;
RMMAC;207;RAMAL DO kM 3 - AM-352;ESTRADA;PRIMÁRIO;AM-352;AM-352 - KM 3,90;Início do Ramal do Km 3 - Am-352 - Km 3,90;Fim do Ramal do Km 3 - Am-352 - Km 1,30;MANACAPURU;RMM;1,30;;km;"  3°14'31.03""S";" 60°39'1.80""W";"  3°14'32.93""S";" 60°39'38.69""W";Ok;;;;;;;;;;;;;;;;;;;;;;;;;;;;;;;;;LEITO NATURAL;;SEINFRA ;A VISITAR;;;;R$ 3.250.000,00;
RMMAC;208;RAMAL DO MURUCUTUTU;ESTRADA;PRIMÁRIO;AM-070;AM-070 - KM 77,21;Início Ramal do Murucututu - Am-070 - Km 77,21;Fim do Ramal do Murucututu - Km 0,47;MANACAPURU;RMM;0,47;;km;"  3°15'48.08""S";" 60°37'32.53""W";"  3°16'2.86""S";" 60°37'29.72""W";Ok;;;;;;;;;;;;;;;;;;;;;;;;;;;;;;;;;LEITO NATURAL;;SEINFRA ;A VISITAR;;;;R$ 1.175.000,00;
RMMAC;209; ESTRADA DO CALADO;ESTRADA;PRIMÁRIO;AM-070;AM-070 - KM 75;Início da Estrada do Calado - Am-070 - Km - 75;Fim da Estrada do Calado - Km 6,57;MANACAPURU;RMM;6,57;;km;"  3°15'0.49""S";" 60°36'44.41""W";"  3°17'41.82""S";" 60°35'10.03""W";Ok;;;;;;;;;;;;;;;;;;;;;;;;;;;;;;;;;LEITO NATURAL;;SEINFRA ;A VISITAR;;;;R$ 16.425.000,00;
RMMAC;210;RAMAL DAS TRÊS IRMÃS ;ESTRADA;PRIMÁRIO;AM-070;AM-070 - KM 65,1;Início do Ramal das Três Irmãs - Am-070 - Km 65,1;Fim do Ramal das Três Irmãs - Km 1,31;MANACAPURU;RMM;1,31;;km;"  3°14'9.82""S";" 60°31'59.60""W";"  3°14'47.01""S";" 60°32'19.88""W";Ok;;;;;;;;;;;;;;;;;;;;;;;;;;;;;;;;;LEITO NATURAL;;SEINFRA ;A VISITAR;;;;R$ 3.275.000,00;
RMMAC;211;RAMAL DA COMUNIDADE SANTA MARIA;ESTRADA;PRIMÁRIO;AM-070;AM-070 - KM 71,75;Início do Ramal da Comunidade Santa Maria - Am-070 - Km 71,75;Fim do Ramal da Comunidade Santa Maria - Km 1,85;MANACAPURU;RMM;1,80;;km;"  3°13'50.62""S";" 60°35'33.17""W";"  3°14'42.54""S";" 60°35'38.29""W";Ok;;;;;;;;;;;;;;;;;;;;;;;;;;;;;;;;;LEITO NATURAL;;SEINFRA ;A VISITAR;;;;R$ 4.500.000,00;
RMMAC;212;RAMAL NOVA JERUSALÉM ;ESTRADA;PRIMÁRIO;AM-070;AM-070 - KM 71,24;Início do Ramal Nova Jerusalém - Am-070 - Km 71,24;Fim do Ramal Nova Jerusalém - Km 0,33;MANACAPURU;RMM;0,33;;km;"  3°13'48.68""S";" 60°35'16.72""W";"  3°13'59.21""S";" 60°35'16.05""W";Ok;;;;;;;;;;;;;;;;;;;;;;;;;;;;;;;;;LEITO NATURAL;;SEINFRA ;A VISITAR;;;;R$ 825.000,00;
RMMAC;213;RAMAL DO kM 66 - AM-070;ESTRADA;PRIMÁRIO;AM-070;AM-070 - KM 66,54;Início do Ramal do Km 66 - Am-070 - Km 66,54;Fim do Ramal do Km 66 - Am-070 - Km 2,99;MANACAPURU;RMM;2,99;;km;"  3°13'46.58""S";" 60°32'46.92""W";"  3°12'20.89""S";" 60°32'27.93""W";Ok;;;;;;;;;;;;;;;;;;;;;;;;;;;;;;;;;LEITO NATURAL;;SEINFRA ;A VISITAR;;;;R$ 7.475.000,00;
RMMAC;214;RAMAL DO SANTO ANTÔNIO ;ESTRADA;PRIMÁRIO;AM-070;AM-070 - KM 62,94;Início do Ramal do Santo Antônio - Am-070 - Km 62,94;Fim do Ramal do Santo Antônio - Km 2,78;MANACAPURU;RMM;2,78;;km;"  3°14'24.54""S";" 60°30'58.82""W";"  3°13'23.21""S";" 60°30'14.43""W";Ok;;;;;;;;;;;;;;;;;;;;;;;;;;;;;;;;;LEITO NATURAL;;SEINFRA ;VISITADO;;;;R$ 6.950.000,00;
RMMAC;215; RAMAL DO LARANJAL;ESTRADA;PRIMÁRIO;AM-070;AM-070 - KM 62,40;Início do Ramal do Laranjal - Am-070 - Km 62,40;Fim do Ramal do Laranjal - Km 5,62;MANACAPURU;RMM;5,62;;km;"  3°14'25.97""S";" 60°30'41.95""W";"  3°17'4.36""S";" 60°31'45.74""W";Ok;;;;;;;;;;;;;;;;;;;;;;;;;;;;;;;;;LEITO NATURAL;;SEINFRA ;VISITADO;;;;R$ 14.050.000,00;
RMMAC;216; RAMAL DO LARANJAL 2;ESTRADA;PRIMÁRIO;AM-070;RAMAL DO LARANJAL - KM 2,46;Início do Ramal do Jaranjal 2 - Dentro do Ramal Laranjal - Km 2,46;Fim do Ramal do Laranjal 2 - Km 2,15;MANACAPURU;RMM;2,15;;km;"  3°15'33.68""S";" 60°31'19.81""W";"  3°16'13.73""S";" 60°32'8.56""W";Ok;;;;;;;;;;;;;;;;;;;;;;;;;;;;;;;;;LEITO NATURAL;;SEINFRA ;A VISITAR;;;;R$ 5.375.000,00;
RMMAC;217; RAMAL DO LARANJAL 3;ESTRADA;PRIMÁRIO;AM-070;RAMAL DO LARANJAL - LADO ESQUERDO - KM 1,83;Início do Ramal do Jaranjal 3 - Ramal do Laranajal - Lado Esquerdo - Km 1,83;Fim do Ramal do Laranjal 3 - Km 6,89;MANACAPURU;RMM;6,89;;km;"  3°15'27.57""S";" 60°31'0.98""W";"  3°18'17.11""S";" 60°29'56.07""W";Ok;;;;;;;;;;;;;;;;;;;;;;;;;;;;;;;;;LEITO NATURAL;;SEINFRA ;A VISITAR;;;;R$ 17.225.000,00;
RMMAC;218;RAMAL DO LARANJAL 4;ESTRADA;PRIMÁRIO;AM-070;RAMAL DO LARANJAL 3 - Km 5,04;Início do Ramal do Laranjal 4 - Ramal do Laranjal 3 - Km 5,04;Fim do Ramal do Laranjal 4 - Km 6,43;MANACAPURU;RMM;6,43;;km;"  3°17'38.15""S";" 60°29'39.73""W";"  3°18'24.96""S";" 60°32'6.53""W";Ok;;;;;;;;;;;;;;;;;;;;;;;;;;;;;;;;;LEITO NATURAL;;SEINFRA ;A VISITAR;;;;R$ 16.075.000,00;
RMMAC;219;RAMAL DO LARANJAL 5;ESTRADA;PRIMÁRIO;AM-070;RAMAL DO LARANJAL 3 -  KM 6,36;Início do Ramal do Laranjal 5 - Ramal do Laranjal 3 - Km 6,36;Fim do Ramal do Laranjal 5 - Km 4,25;MANACAPURU;RMM;4,25;;km;"  3°18'19.87""S";" 60°29'38.34""W";"  3°18'7.96""S";" 60°28'10.35""W";Ok;;;;;;;;;;;;;;;;;;;;;;;;;;;;;;;;;LEITO NATURAL;;SEINFRA ;A VISITAR;;;;R$ 10.625.000,00;
RMMAC;220; RAMAL DO SANTA ROSA;ESTRADA;PRIMÁRIO;AM-070;AM-070 - KM 59,70;Início do Ramal do Santa Rosa - Am-070 - Km 59,70;Fim do Ramal do Santa Rosa - Km 8,74;MANACAPURU;RMM;8,74;;km;"  3°14'22.17""S";" 60°29'14.17""W";"  3°11'12.50""S";" 60°29'32.47""W";Ok;;;;;;;;;;;;;;;;;;;;;;;;;;;;;;;;;LEITO NATURAL;;SEINFRA ;A VISITAR;;;;R$ 21.850.000,00;
RMMAC;221;RAMAL DO BUJARU;ESTRADA;PRIMÁRIO;AM-070;AM-070 - KM 55,83;Início do Ramal do Bujaru - Am-070 - Km 55,83;Fim do Ramal do Bujaru - Km 0,37;MANACAPURU;RMM;0,37;;km;"  3°13'53.34""S";" 60°27'18.71""W";"  3°14'5.12""S";" 60°27'17.47""W";Ok;;;;;;;;;;;;;;;;;;;;;;;;;;;;;;;;;LEITO NATURAL;;SEINFRA ;A VISITAR;;;;R$ 925.000,00;
RMMAC;222;RAMAL SANTA LUZIA 2;ESTRADA;PRIMÁRIO;AM-070;AM-070 - KM 55;Início do Ramal Santa Luzia 2 - Am-070 - Km 55;Fim do Ramal Santa Luzia 2 - Km 4,10;MANACAPURU;RMM;4,10;;km;"  3°13'41.44""S";" 60°26'55.49""W";"  3°15'0.86""S";" 60°25'44.07""W";Ok;;;;;;;;;;;;;;;;;;;;;;;;;;;;;;;;;LEITO NATURAL;;SEINFRA ;A VISITAR;;;;R$ 10.250.000,00;
RMMAC;223;RAMAL DO kM 54 - AM-070 ;ESTRADA;PRIMÁRIO;AM-070;AM-070 - KM 54,27;Início do Ramal do Km 54 - Am-070 - Km 54,27;Fim do Ramal do Km 54 - Am-070 - Km 1,31;MANACAPURU;RMM;1,31;;km;"  3°13'18.14""S";" 60°26'50.37""W";"  3°13'16.62""S";" 60°26'15.50""W";Ok;;;;;;;;;;;;;;;;;;;;;;;;;;;;;;;;;LEITO NATURAL;;SEINFRA ;A VISITAR;;;;R$ 3.275.000,00;
RMMAC;224;RAMAL DO kM 45 - AM-070;ESTRADA;PRIMÁRIO;AM-070;AM-070 - KM 45,48;Início do Ramal do Km 45 - Am-070 - Km 45,48;Fim do Ramal do Km 45 - Km 0,77;MANACAPURU;RMM;0,77;;km;" 3°10'5.57""S";" 60°25'6.81""W";"  3°10'13.75""S";" 60°25'23.41""W";Ok;;;;;;;;;;;;;;;;;;;;;;;;;;;;;;;;;LEITO NATURAL;;SEINFRA ;A VISITAR;;;;R$ 1.925.000,00;
RMMAC;225;RAMAL DO MANIQUARA;ESTRADA;PRIMÁRIO;AM-070;AM-070 - KM 45;Início do Ramal do Maniquara - Am-070 - Km 45;Fim do Ramal do Maniquara - Km 5,32;MANACAPURU;RMM;5,32;;km;"  3°10'11.51""S";" 60°24'52.05""W";"  3°12'23.39""S";" 60°24'11.62""W";Ok;;;;;;;;;;;;;;;;;;;;;;;;;;;;;;;;;LEITO NATURAL;;SEINFRA ;A VISITAR;;;;R$ 13.300.000,00;
RMTAB;463;ESTRADA GEODESICA II;ESTRADA;PRIMÁRIO;ESTRADA PERIMENTRAL NORTE II ;ESTRADA PERIMENTRAL NORTE II - KM 2;Início da Estrada Geodesica II - Estrada Perimentral Norte II - Km 2;Fim estrada Geodesica II - Km 9,2 ;TABATINGA;INTERIOR;9,25;2,45;km;"  4°13'9.88""S";" 69°54'53.78""W";"  4° 8'19.93""S";" 69°53'46.71""W";Ok;;;;;;;;;;;;;;;;;;;;;;;;;;;;;;;;;PAVIMENTADA;;SEINFRA ;EM OBRA;;CT-00054/2020-SEINFRA;Estrada Geodésica II;R$ 23.125.000,00;R$ 3.360.928,00
RMMAO;326;RAMAL CLAÚDIO MESQUITA ;ESTRADA;PRIMÁRIO;BR-174;BR-174 - KM 2;Início do Ramal Cláudio Mesquita - E.M. Solange Nascimento - Br-174 - Km 2;Fim do Ramal Cláudio Mesquita - Ramal Sol Nascente - Km 5,1;MANAUS;RMM;5,10;4,81;km;"  2°57'38.58""S";" 60° 1'53.56""W";"  2°55'39.59""S";" 60° 3'41.69""W";Ok;;;;;;;;;;;;;;;;;;;;;;;;;;;;;;;;;PAVIMENTADA;;SEINFRA ;VISITADO / CONCLUÍDO;;CT-00055/2020-SEINFRA;Ramal Cláudio Mesquita;R$ 12.750.000,00;R$ 10.120.048,26
RMMAO;328;SUB. RAMAL FREDERICO VEIGA;ESTRADA;PRIMÁRIO;RAMAL SOL NASCENTE ;RAMAL SOL NASCENTE - KM 5,41;Início do Sub. Ramal Frederico Veiga - Ramal do Sol Nascente - Km 5,41;Fim do Sub. Ramal Frederico Veiga - Entrada Porto Kawamura - Km 3,63;MANAUS;RMM;3,63;3,48;km;"  2°55'57.61""S";" 60° 4'27.85""W";"  2°55'41.25""S";" 60° 5'49.85""W";Ok;;;;;;;;;;;;;;;;;;;;;;;;;;;;;;;;;PAVIMENTADA;;SEINFRA ;VISITADO / CONCLUÍDO;;CT-00055/2020-SEINFRA;Ramal Frederico Veiga;R$ 9.075.000,00;R$ 7.332.887,43
RMMAO;329;SUB. RAMAL NOVO PARAÍSO ;ESTRADA;PRIMÁRIO;RAMAL SOL NASCENTE ;RAMAL SOL NASCENTE - KM 5,42;Início Ramal Novo Paraíso -  Ramal Sol nascente - Km 5,41;Fim do Sub. Ramal Novo Paraíso - Km 5,49 ;MANAUS;RMM;5,49;5,47;km;"  2°55'57.85""S";" 60° 4'27.93""W";"  2°57'20.93""S";" 60° 6'13.75""W";Ok;;;;;;;;;;;;;;;;;;;;;;;;;;;;;;;;;PAVIMENTADA;;SEINFRA ;VISITADO / CONCLUÍDO;;CT-00055/2020-SEINFRA;Ramal Novo Paraíso;R$ 13.725.000,00;R$ 11.513.628,68
 RMMAO ;781;RAMAL SOL NASCENTE;ESTRADA;PRIMÁRIO;BR-174;BR-174 ;Início do Ramal Sol Nascente - Ramal Claúdio Mesquita - Km 5,1;Fim do Ramal Sol Nascente - KM 1,99;MANAUS;RMM;1,99;1,98;km;"2°55'39.39""S";"60° 3'41.92""O";"2°55'57.68""S";"60° 4'27.81""O";Ok;;;;;;;;;;;;;;;;;;;;;;;;;;;;;;;;;PAVIMENTADA;;SEINFRA ;VISITADO / CONCLUÍDO;;CT-00055/2020-SEINFRA;Ramal Sol Nascente;R$ 4.975.000,00;R$ 4.213.921,73
RMMAC;231;RAMAL DO ARAPAPA;ESTRADA;PRIMÁRIO;AM-453;AM-453 - KM 7,9;Início do Ramal do Arapapa - Am-453 - Km 7,92;Fim do Ramal do Arapapa - Km 7,32;MANACAPURU ;RMM;7,32;;km;"  3°17'44.55""S";" 60°26'13.44""W";"  3°16'33.46""S";" 60°23'27.82""W";Ok;;;;;;;;;;;;;;;;;;;;;;;;;;;;;;;;;LEITO NATURAL;;SEINFRA ;VISITADO;;;;R$ 18.300.000,00;
RMMAQ;232;RAMAL DO BOM INTENTO;ESTRADA;PRIMÁRIO;AM-354;AM-354 - KM 40,80;Início do Ramal do Bom Intento - Am-354 - Km 40,80;Fim do Ramal do Bom Intento - Km 10,4;MANAQUIRI;RMM;10,40;;km;"  3°27'50.71""S";" 60°27'33.74""W";"  3°26'31.29""S";" 60°30'20.46""W";Ok;;;;;;;;;;;;;;;;;;;;;;;;;;;;;;;;;LEITO NATURAL;;SEINFRA ;A VISITAR;;;;R$ 26.000.000,00;
RMMAQ;233;RAMAL CEMITÉRIO MUNICIPAL ;ESTRADA;PRIMÁRIO;AM-354;AM-354 - KM 40,57;Início do Ramal do Cemitério Municipal - Am-354 - Km 40,57;Fim do Ramal do Cemitério - Km 0,40 ;MANAQUIRI;RMM;0,40;;km;"  3°27'54.50""S";" 60°27'32.92""W";"  3°27'57.97""S";" 60°27'45.25""W";Ok;;;;;;;;;;;;;;;;;;;;;;;;;;;;;;;;;LEITO NATURAL;;SEINFRA ;A VISITAR;;;;R$ 1.000.000,00;
RMMAQ;234;RAMAL DO kM 40 - AM-354;ESTRADA;PRIMÁRIO;AM-354;AM-354 - KM 40,66;Início do Ramal do Km 40 - Am-354 - Km 40,66;Fim do Ramal do Km 40 - Am-354 - Km 1,25;MANAQUIRI;RMM;1,25;;km;"  3°27'51.59""S";" 60°27'33.03""W";"  3°27'44.39""S";" 60°26'54.83""W";Ok;;;;;;;;;;;;;;;;;;;;;;;;;;;;;;;;;LEITO NATURAL;;SEINFRA ;A VISITAR;;;;R$ 3.125.000,00;
RMMAQ;235;RAMAL DO MARTINS;ESTRADA;PRIMÁRIO;AM-354;AM-354 - KM 40,38;Início do Ramal do Martins - Am-354 - Km 40,38;Fim do Ramal do Martins - Km 0,90;MANAQUIRI;RMM;0,90;;km;"  3°28'0.72""S";" 60°27'31.80""W";"  3°28'8.70""S";" 60°27'58.54""W";Ok;;;;;;;;;;;;;;;;;;;;;;;;;;;;;;;;;LEITO NATURAL;;SEINFRA ;A VISITAR;;;;R$ 2.250.000,00;
RMMAQ;236;RAMAL DO VEREADOR;ESTRADA;PRIMÁRIO;AM-354;AM-354 - KM 40,21;Início do Ramal do Vereador - Am-354 - Km 40,21;Fim do Ramal do Vereador - Km 0,30;MANAQUIRI;RMM;0,30;;km;"  3°28'5.89""S";" 60°27'30.85""W";"  3°28'6.28""S";" 60°27'39.48""W";Ok;;;;;;;;;;;;;;;;;;;;;;;;;;;;;;;;;LEITO NATURAL;;SEINFRA ;A VISITAR;;;;R$ 750.000,00;
RMMAQ;237;RAMAL DO kM 39 - AM-354;ESTRADA;PRIMÁRIO;AM-354;AM-354 - KM 39,94;Início do Ramal do Km 39 - Am-354 - Km 39,94;Fim do Ramal do Km 39- Am-354 - Km 0,44;MANAQUIRI;RMM;0,44;;km;"  3°28'14.00""S";" 60°27'28.93""W";"  3°28'15.42""S";" 60°27'17.24""W";Ok;;;;;;;;;;;;;;;;;;;;;;;;;;;;;;;;;LEITO NATURAL;;SEINFRA ;A VISITAR;;;;R$ 1.100.000,00;
RMMAQ;238;RAMAL CAMPO DO LIMÃO ;ESTRADA;PRIMÁRIO;AM-354;AM-354 - KM 39,21;Início do Ramal do Campo Limão - Am-354 - Km 39,21;Fim do Ramal do Campo do Limão - Km 4,67;MANAQUIRI;RMM;4,67;;km;"  3°28'37.05""S";" 60°27'23.89""W";"  3°30'5.16""S";" 60°28'52.31""W";Ok;;;;;;;;;;;;;;;;;;;;;;;;;;;;;;;;;LEITO NATURAL;;SEINFRA ;A VISITAR;;;;R$ 11.675.000,00;
RMMAQ;239;RAMAL DO kM 38 - AM-354;ESTRADA;PRIMÁRIO;AM-354;AM-354 - KM 38,44;Início do Ramal do Km 38 - Am-354 - Km 38,44;Fim do Ramal do Km 38 - Km 2,69;MANAQUIRI;RMM;2,69;;km;"  3°28'49.71""S";" 60°27'2.30""W";"  3°30'2.65""S";" 60°27'18.09""W";Ok;;;;;;;;;;;;;;;;;;;;;;;;;;;;;;;;;LEITO NATURAL;;SEINFRA ;A VISITAR;;;;R$ 6.725.000,00;
RMMAQ;240;RAMAL DA COMUNIDADE JARAQUI;ESTRADA;PRIMÁRIO;AM-354;AM-354 - KM 36,84;Início do Ramal da Comunidade jaraqui - Am-354 - Km 36,84;Fim do Ramal da Comunidade Jaraqui - Km 3,99;MANAQUIRI;RMM;3,99;;km;"  3°29'8.96""S";" 60°26'14.55""W";"  3°27'5.92""S";" 60°25'54.20""W";Ok;;;;;;;;;;;;;;;;;;;;;;;;;;;;;;;;;LEITO NATURAL;;SEINFRA ;A VISITAR;;;;R$ 9.975.000,00;
RMMAQ;241;RAMAL DO kM 29 - AM-354 ;ESTRADA;PRIMÁRIO;AM-354;AM-354 - KM 29,23;Início do Ramal do Km 29 - Am-254 - Km 29,23;Fim do Ramal do Km 29 - Am-354 - Km 2 ;MANAQUIRI;RMM;2,00;;km;"  3°32'42.17""S";" 60°25'2.28""W";"  3°32'36.04""S";" 60°24'0.11""W";Ok;;;;;;;;;;;;;;;;;;;;;;;;;;;;;;;;;LEITO NATURAL;;SEINFRA ;A VISITAR;;;;R$ 5.000.000,00;
RMMAQ;242;RAMAL DO kM 27 - AM-354 ;ESTRADA;PRIMÁRIO;AM-354;AM-354 - KM 27,20;Início do Ramal do Km 27 - Am-354 - Km 27,20;Fim do Ramal do Km 27 - Am-354 - Km 6,97;MANAQUIRI;RMM;6,97;;km;"  3°33'44.00""S";" 60°25'20.10""W";"  3°33'6.52""S";" 60°28'6.04""W";Ok;;;;;;;;;;;;;;;;;;;;;;;;;;;;;;;;;LEITO NATURAL;;SEINFRA ;A VISITAR;;;;R$ 17.425.000,00;
RMMAQ;243;RAMAL DO kM 23 - AM-354 ;ESTRADA;PRIMÁRIO;AM-354;AM-354 - KM 23,20;Início do Ramal do Km 23 - Am-354 - Km 23,20;Fim do Ramal do Km 23 - Am-354 - Km 6,84;MANAQUIRI;RMM;6,84;;km;"  3°35'36.14""S";" 60°24'13.43""W";"  3°33'16.16""S";" 60°21'37.00""W";Ok;;;;;;;;;;;;;;;;;;;;;;;;;;;;;;;;;LEITO NATURAL;;SEINFRA ;A VISITAR;;;;R$ 17.100.000,00;
RMATZ;13;RAMAL DO AÇUPURANGA;ESTRADA;PRIMÁRIO;AM-254;AM-254 - KM 40,37;Início Ramal do Açupuranga - Am-254 - Km 40,37;Fim do Ramal Açupuranga - Comunidade Açu Puranga - Km 6,15;AUTAZES;RMM;6,15;6,15;km;"  3°35'29.57""S";" 59°37'42.00""W";"  3°38'45.22""S";" 59°38'10.78""W";Ok;;;;;;;;;;;;;;;;;;;;;;;;;;;;;;;;;PAVIMENTADA;;SEINFRA ;CONCLUÍDO;;CT-00065/2018-SEINFRA;Ramal Açupuranga;R$ 15.375.000,00;R$ 5.743.330,71
RMMAQ;245;RAMAL DO ITALIANO;ESTRADA;PRIMÁRIO;RAMAL DO BARRO ALTO ;RAMAL DO BARRO ALTO - KM 7,7;Início do Ramal do Italiano - Ramal do Barro Alto - Km 7,7;Fim do Ramal do Italiano - Km 6,26;MANAQUIRI;RMM;6,26;;km;"  3°27'23.04""S";" 60°24'1.23""W";"  3°28'6.42""S";" 60°21'41.15""W";Ok;;;;;;;;;;;;;;;;;;;;;;;;;;;;;;;;;LEITO NATURAL;;SEINFRA ;VISITADO;;;;R$ 15.650.000,00;
RMMAO;246;RAMAL DO MATRINXÃ;ESTRADA;PRIMÁRIO;AM-010;AM-010 - KM 22,1 ;Início do Ramal Matrinxã - 22,12 Km;Fim do Ramal Matrinxã - 1,59 Km;MANAUS;RMM;1,59;;km;"  2°56'43.62""S";" 60° 0'44.25""W";"  2°57'5.59""S";" 60° 0'0.40""W";Ok;;;;;;;;;;;;;;;;;;;;;;;;;;;;;;;;;LEITO NATURAL;;SEINFRA ;A VISITAR;;;;R$ 3.975.000,00;
RMMAO;247;SUB. RAMAL 01  - RAMAL MATRINXÃ;ESTRADA;PRIMÁRIO;RAMAL MATRINXÃ;RAMAL DO MATRINXÃ - KM 0,5;Início do Sub. Ramal 01 - Ramal Matrinxã - Ramal do Matrinxã - 0,5 Km;Fim do Sub. Ramal 01 -  Ramal Matrinxã - 1,18 Km;MANAUS;RMM;1,18;;km;"  2°56'51.20""S";" 60° 0'28.57""W";"  2°57'0.48""S";" 59°59'59.31""W";Ok;;;;;;;;;;;;;;;;;;;;;;;;;;;;;;;;;LEITO NATURAL;;SEINFRA ;A VISITAR;;;;R$ 2.950.000,00;
RMMAO;248;RAMAL DO kM 23 - AM-010;ESTRADA;PRIMÁRIO;AM-010;AM-010 - KM 23,6;Início do Ramal do Km 23 - Café regional do negão - 23,60 Km - am-010;Fim do Ramal do Km 23 - 3,60 Km - am-010;MANAUS;RMM;3,60;;km;"  2°55'57.66""S";" 60° 0'32.47""W";"  2°55'38.60""S";" 60° 1'25.56""W";Ok;;;;;;;;;;;;;;;;;;;;;;;;;;;;;;;;;LEITO NATURAL;;SEINFRA ;A VISITAR;;;;R$ 9.000.000,00;
RMMAO;249;RAMAL DO BONS AMIGOS ;ESTRADA;PRIMÁRIO;AM-010;AM-010 - KM 28,11;Início do Ramal Bons Amigos - Km 28,11 - am-010;Fim do Ramal do Bons Amigos - Empreendimento Chácaras Amazonas - Km 31 - am-010;MANAUS;RMM;9,35;;km;"  2°54'40.83""S";" 59°58'42.66""W";"  2°53'28.86""S";" 59°57'53.13""W";Ok;;;;;;;;;;;;;;;;;;;;;;;;;;;;;;;;;LEITO NATURAL;;SEINFRA ;A VISITAR;;;;R$ 23.375.000,00;
RMMAO;250;RAMAL DO kM 31 - AM-010;ESTRADA;PRIMÁRIO;AM-010;AM-010 - KM 31;Início do Ramal do Km 31 - ao Lado Empreendimento Chácaras Amazonas;Fim do Ramal do Km 31 - am-010 - Km 28,11;MANAUS;RMM;9,35;;km;"  2°53'28.84""S";" 59°57'53.08""W";"  2°54'40.86""S";" 59°58'42.67""W";Ok;;;;;;;;;;;;;;;;;;;;;;;;;;;;;;;;;LEITO NATURAL;;SEINFRA ;A VISITAR;;;;R$ 23.375.000,00;
RMMAO;251;RAMAL ÁGUA BRANCA;ESTRADA;PRIMÁRIO;AM-010 ;AM-010 - KM 33,2 ;Início do Ramal Água Branca - Km 33,2 - Am-010;Fim do Ramal Água Branca - Km 14,2 ;MANAUS;RMM;14,20;;km;"  2°53'1.82""S";" 59°57'9.41""W";"  2°54'59.88""S";" 59°50'47.62""W";Ok;;;;;;;;;;;;;;;;;;;;;;;;;;;;;;;;;LEITO NATURAL;;SEINFRA ;A VISITAR;;;;R$ 35.500.000,00;
RMMAO;252;SUB. RAMAL 01  - RAMAL ÁGUA BRANCA;ESTRADA;PRIMÁRIO;RAMAL ÁGUA BRANCA ;RAMAL ÁGUA BRANCA - KM 4,55;Início do Sub. Ramal 01 - Ramal Água Branca - Km 4,55;Fim do Sub. Ramal 01 - Km 3,40;MANAUS;RMM;3,40;;km;"  2°53'48.15""S";" 59°55'9.34""W";"  2°54'34.63""S";" 59°56'41.30""W";Ok;;;;;;;;;;;;;;;;;;;;;;;;;;;;;;;;;LEITO NATURAL;;SEINFRA ;A VISITAR;;;;R$ 8.500.000,00;
RMMAO;253;SUB. RAMAL 02 - RAMAL ÁGUA BRANCA ;ESTRADA;PRIMÁRIO;RAMAL ÁGUA BRANCA ;RAMAL ÁGUA BRANCA - KM 5,3;Início Sub.Ramal 02 - Ramal Água Branca - Km 5,32;Fim sub.Ramal 02 - Ramal Água Branca - Km 1,28;MANAUS;RMM;1,28;;km;"  2°53'53.52""S";" 59°54'45.27""W";"  2°53'23.04""S";" 59°54'24.58""W";Ok;;;;;;;;;;;;;;;;;;;;;;;;;;;;;;;;;LEITO NATURAL;;SEINFRA ;A VISITAR;;;;R$ 3.200.000,00;
RMMAO;254;SUB. RAMAL 03 - RAMAL ÁGUA BRANCA ;ESTRADA;PRIMÁRIO;RAMAL ÁGUA BRANCA ;RAMAL ÁGUA BRANCA - KM 7,4;Início Sub.Ramal 03 - Ramal Água Branca - Km 7,4;Fim do Sub.Ramal 03 - Ramal Água Branca - Km 2,19;MANAUS;RMM;2,19;;km;"  2°54'14.06""S";" 59°53'47.50""W";"  2°54'31.66""S";" 59°54'19.18""W";Ok;;;;;;;;;;;;;;;;;;;;;;;;;;;;;;;;;LEITO NATURAL;;SEINFRA ;A VISITAR;;;;R$ 5.475.000,00;
RMMAO;255;SUB. RAMAL 04 - RAMAL ÁGUA BRANCA ;ESTRADA;PRIMÁRIO;RAMAL ÁGUA BRANCA ;RAMAL ÁGUA BRANCA - KM 8,5;Início Sub.Ramal 04 - Ramal Água Branca - Escola Municipal Professora Joana Vieira -  Km 8,5;Fim Sub.Ramal 04 - Ramal Água Branca - Km 1,12;MANAUS;RMM;1,12;;km;"  2°54'22.17""S";" 59°53'13.44""W";"  2°54'43.61""S";" 59°53'37.30""W";Ok;;;;;;;;;;;;;;;;;;;;;;;;;;;;;;;;;LEITO NATURAL;;SEINFRA ;A VISITAR;;;;R$ 2.800.000,00;
RMMAO;256;ESTRADA ADOLPHO DUCkE;ESTRADA;PRIMÁRIO;RAMAL ÁGUA BRANCA ;RAMAL ÁGUA BRANCA - KM 9,1;Início da Estrada Adolpho DucKe - Km 9,1;Fim da Estrada Adolpho DucKe - SAICA - Km 20,7;MANAUS;RMM;20,70;;km;"  2°54'25.39""S";" 59°52'54.64""W";"  3° 1'38.79""S";" 59°54'58.63""W";Ok;;;;;;;;;;;;;;;;;;;;;;;;;;;;;;;;;LEITO NATURAL;;SEINFRA ;A VISITAR;;;;R$ 51.750.000,00;
RMMAO;257;RAMAL DO AREIAL I - AM-010;ESTRADA;PRIMÁRIO;AM-010;AM-010 - KM 33;Início do Ramal Areial I - am-010 - Km 33;Fim do Ramal Areial I - Em Frente ao CaFé das Meninas - BR-174 - Km 9,9;MANAUS;RMM;11,80;;km;"  2°52'56.84""S";" 59°57'8.57""W";"  2°53'27.35""S";" 60° 2'5.96""W";Ok;;;;;;;;;;;;;;;;;;;;;;;;;;;;;;;;;LEITO NATURAL;;SEINFRA ;A VISITAR;;;;R$ 29.500.000,00;
RMMAO;258;RAMAL ÁGUA PRETA;ESTRADA;PRIMÁRIO;AM-010 ;AM-010 - KM 34;Início do Ramal Água Preta - Km 34;Fim do Ramal do Água Preta - Km 2,8;MANAUS;RMM;2,84;;km;"  2°52'31.76""S";" 59°57'12.31""W";"  2°51'27.03""S";" 59°58'13.56""W";Ok;;;;;;;;;;;;;;;;;;;;;;;;;;;;;;;;;LEITO NATURAL;;SEINFRA ;A VISITAR;;;;R$ 7.100.000,00;
RMMAO;259;RAMAL ÁGUA BRANCA 2 ;ESTRADA;PRIMÁRIO;AM-010 ;AM-010 - KM 36,45;Início do Ramal Água Branca 2 - Escola Municipal Abílio Alencar - Km 36,45;Fim do Ramal Água Branca 2 - Km 17, 6;MANAUS;RMM;17,60;;km;"  2°51'32.19""S";" 59°56'28.15""W";"  2°53'26.02""S";" 59°51'43.99""W";Ok;;;;;;;;;;;;;;;;;;;;;;;;;;;;;;;;;LEITO NATURAL;;SEINFRA ;A VISITAR;;;;R$ 44.000.000,00;
RMMAO;260;SUB. RAMAL 01 - RAMAL ÁGUA BRANCA 2 ;ESTRADA;PRIMÁRIO;RAMAL ÁGUA BRANCA 2;RAMAL ÁGUA BRANCA 2 - KM 2 ;Início Sub.Ramal 01 - Ramal Água Branca 2 - Km 2;Fim do Sub. Ramal 01 - Km 1,74;MANAUS;RMM;1,74;;km;"  2°52'10.57""S";" 59°55'40.10""W";"  2°53'0.09""S";" 59°55'42.94""W";Ok;;;;;;;;;;;;;;;;;;;;;;;;;;;;;;;;;LEITO NATURAL;;SEINFRA ;A VISITAR;;;;R$ 4.350.000,00;
RMMAO;261;SUB. RAMAL 03 - RAMAL ÁGUA BRANCA 2;ESTRADA;PRIMÁRIO;RAMAL ÁGUA BRANCA 2;RAMAL ÁGUA BRANCA 2 - KM 9,6;Início do Sub. Ramal 03 - Ramal Água Branca 2 - Km 9,60;Fim do Sub.Ramal 03 - Ramal Água Branca 2 - Km 1,1;MANAUS;RMM;1,10;;km;"  2°52'17.19""S";" 59°52'35.14""W";"  2°51'49.22""S";" 59°52'19.90""W";Ok;;;;;;;;;;;;;;;;;;;;;;;;;;;;;;;;;LEITO NATURAL;;SEINFRA ;A VISITAR;;;;R$ 2.750.000,00;
RMMAO;262;SUB. RAMAL 04 - RAMAL ÁGUA BRANCA 2 ;ESTRADA;PRIMÁRIO;RAMAL ÁGUA BRANCA 2;RAMAL ÁGUA BRANCA 2 - KM 10 ;Início do Sub.Ramal 04 - Ramal Água Branca 2 - Km 10 ;Fim do Sub.Ramal 04 - Ramal Água Branca 2 - Km 1,35;MANAUS;RMM;1,35;;km;"  2°52'24.34""S";" 59°52'30.61""W";"  2°53'2.62""S";" 59°52'19.44""W";Ok;;;;;;;;;;;;;;;;;;;;;;;;;;;;;;;;;LEITO NATURAL;;SEINFRA ;A VISITAR;;;;R$ 3.375.000,00;
RMMAO;263;SUB. RAMAL 05 - RAMAL ÁGUA BRANCA 2  ;ESTRADA;PRIMÁRIO;RAMAL ÁGUA BRANCA 2;RAMAL ÁGUA BRANCA 2 - KM 10,8 ;Início do Sub.Ramal 05 - Ramal Água Branca 2 - Km 10,8 ;Fim do Sub.Ramal 05 - Ramal Água Branca 2 - Km 1,5 ;MANAUS;RMM;1,50;;km;"  2°52'11.17""S";" 59°52'9.42""W";"  2°51'49.59""S";" 59°51'52.18""W";Ok;;;;;;;;;;;;;;;;;;;;;;;;;;;;;;;;;LEITO NATURAL;;SEINFRA ;A VISITAR;;;;R$ 3.750.000,00;
RMMAO;264;SUB. RAMAL 06 - RAMAL ÁGUA BRANCA 2;ESTRADA;PRIMÁRIO;RAMAL ÁGUA BRANCA 2 ;RAMAL ÁGUA BRANCA 2 - KM 14;Início do Sub.Ramal 06 - Ramal Água Branca 2 - Km 14 ;Fim do Sub.Ramal 06 - Ramal Água Branca 2 - Km 0,8;MANAUS;RMM;0,80;;km;"  2°53'22.83""S";" 59°51'24.66""W";"  2°53'45.96""S";" 59°51'33.40""W";Ok;;;;;;;;;;;;;;;;;;;;;;;;;;;;;;;;;LEITO NATURAL;;SEINFRA ;A VISITAR;;;;R$ 2.000.000,00;
RMMAO;265;SUB. RAMAL 07 - RAMAL ÁGUA BRANCA 2 ;ESTRADA;PRIMÁRIO;RAMAL ÁGUA BRANCA 2 ;RAMAL ÁGUA BRANCA 2 - SUB.RAMAL 06 - KM 0,1;Início do Sub.Ramal 07 - Ramal Água Branca 2 - Sub.Ramal 06 - Km 0,1 ;Fim do Sub.Ramal 07 - Km 1,1 ;MANAUS;RMM;1,10;;km;"  2°53'23.79""S";" 59°51'26.14""W";"  2°53'41.40""S";" 59°51'48.72""W";Ok;;;;;;;;;;;;;;;;;;;;;;;;;;;;;;;;;LEITO NATURAL;;SEINFRA ;A VISITAR;;;;R$ 2.750.000,00;
RMMAO;266;SUB. RAMAL 08 - RAMAL ÁGUA BRANCA 2 ;ESTRADA;PRIMÁRIO;RAMAL ÁGUA BRANCA 2;RAMAL ÁGUA BRANCA 2 - KM 16,3;Início do Sub. Ramal 08 - Ramal Água Branca 2 - Km 16,2;Fim do Sub.Ramal 08 - Ramal Água Branca 2 - Km 0,8;MANAUS;RMM;0,80;;km;"  2°53'55.05""S";" 59°51'35.25""W";"  2°54'11.17""S";" 59°51'45.07""W";Ok;;;;;;;;;;;;;;;;;;;;;;;;;;;;;;;;;LEITO NATURAL;;SEINFRA ;A VISITAR;;;;R$ 2.000.000,00;
RMMAO;267;RAMAL ÁGUAS CLARAS ;ESTRADA;PRIMÁRIO;AM-010;AM-010 - KM 36,8;Início do Ramal Águas Claras - Am-010 - Km 36,8;Fim do Ramal Águas Claras - Núcleo Águas Claras - Centro Espírita BeneFicente União Do Vegetal - Km 1,7;MANAUS;RMM;1,70;;km;"  2°51'24.72""S";" 59°56'29.31""W";"  2°50'55.92""S";" 59°56'2.75""W";Ok;;;;;;;;;;;;;;;;;;;;;;;;;;;;;;;;;LEITO NATURAL;;SEINFRA ;A VISITAR;;;;R$ 4.250.000,00;
RMMAO;268;RAMAL DA PETROBRÁS ;ESTRADA;PRIMÁRIO;RAMAL DO LEÃO ;RAMAL DO LEÃO - KM 1 ;Início do Ramal da Petrobrás - Dentro do Ramal do Leão - Km 1 ;Fim do Ramal da Petrobrás - Km 1,70;MANAUS;RMM;1,70;;km;"  2°50'41.51""S";" 59°57'29.53""W";"  2°50'30.00""S";" 59°58'43.18""W";Ok;;;;;;;;;;;;;;;;;;;;;;;;;;;;;;;;;LEITO NATURAL;;SEINFRA ;A VISITAR;;;;R$ 4.250.000,00;
RMMAO;269;RAMAL DO LEÃO ;ESTRADA;PRIMÁRIO;AM-010;AM-010 - KM 38,5;Início do Ramal do Leão -  Am-010 -  Perto Sede Campestre Do Sindicato Dos Bancário - Km 38,5;Fim do Ramal do Leão - Km 3,35 ;MANAUS;RMM;3,35;;km;"  2°50'44.70""S";" 59°56'59.21""W";"  2°49'44.65""S ";" 59°57'54.55""W";Ok;;;;;;;;;;;;;;;;;;;;;;;;;;;;;;;;;LEITO NATURAL;;SEINFRA ;VISITADO;;;;R$ 8.375.000,00;
RMMAO;270;SUB. RAMAL 01 - RAMAL DO LEÃO ;ESTRADA;PRIMÁRIO;RAMAL DO LEÃO ;RAMAL DO LEÃO - KM 1,5;Início do Sub.Ramal 01 - Ramal do Leão - ao Lado do Rancho Bonanza - Km 1,5 ;Fim do Sub.Ramal 01 - Ramal do Leão - Cachoeira do Leão - Km 2,1;MANAUS;RMM;2,10;;km;"  2°50'25.00""S";" 59°57'32.39""W";"  2°49'39.00""S";" 59°58'8.00""W";Ok;;;;;;;;;;;;;;;;;;;;;;;;;;;;;;;;;LEITO NATURAL;;SEINFRA ;A VISITAR;;;;R$ 5.250.000,00;
RMMAO;271;RAMAL DO TAkALITO ;ESTRADA;PRIMÁRIO;AM-010;AM-010 - KM 39,9;Início do Ramal do TaKalito - Granja Miyamoto - Am-010 - Km39,9;Fim do Ramal do TaKalito - Km 3,63;MANAUS;RMM;3,63;;km;"  2°50'14.97""S";" 59°56'33.43""W";"  2°50'22.80""S";" 59°55'19.55""W";Ok;;;;;;;;;;;;;;;;;;;;;;;;;;;;;;;;;LEITO NATURAL;;SEINFRA ;A VISITAR;;;;R$ 9.075.000,00;
RMMAO;272;SUB. RAMAL 01 - RAMAL DO AREAL ;ESTRADA;PRIMÁRIO;RAMAL DO AREAL ;RAMAL DO AREAL - KM 3;Início do Sub.Ramal 01 - Ramal do Areal - Km 3 ;Fim do Sub.Ramal 01 - Ramal do Areal - Km 8,49;MANAUS;RMM;8,49;;km;"  2°47'52.63""S";" 59°57'18.71""W";"  2°45'55.03""S";" 59°58'16.13""W";Ok;;;;;;;;;;;;;;;;;;;;;;;;;;;;;;;;;LEITO NATURAL;;SEINFRA ;A VISITAR;;;;R$ 21.225.000,00;
RMMAO;273;RAMAL SÃO FRANCISCO ;ESTRADA;PRIMÁRIO;AM-010 ;AM-010 - KM 43,6;Início do Ramal São Francisco - Em Frente ao Posto Equador - Am-010 - Km 43,6;Fim do Ramal São Francisco - Km 12,4;MANAUS;RMM;12,40;;km;"  2°48'18.96""S";" 59°55'58.60""W";"  2°51'3.41""S";" 59°51'39.21""W";Ok;;;;;;;;;;;;;;;;;;;;;;;;;;;;;;;;;LEITO NATURAL;;SEINFRA ;A VISITAR;;;;R$ 31.000.000,00;
RMMAO;274;SUB. RAMAL 01 - RAMAL SÃO FRANCISCO;ESTRADA;PRIMÁRIO;RAMAL SÃO FRANCISCO ;RAMAL SÃO FRANCISCO - KM 3,2 ;Início do Sub.Ramal 01 - Ramal do São Francisco - Km 3,2 ;Fim do Sub.Ramal 01 - Ramal do São Francisco - Km 3,7;MANAUS;RMM;3,70;;km;"  2°48'20.04""S";" 59°54'26.09""W";"  2°48'12.69""S";" 59°53'42.09""W";Ok;;;;;;;;;;;;;;;;;;;;;;;;;;;;;;;;;LEITO NATURAL;;SEINFRA ;A VISITAR;;;;R$ 9.250.000,00;
RMMAO;275;SUB. RAMAL 02 - RAMAL SÃO FRANCISCO ;ESTRADA;PRIMÁRIO;RAMAL SÃO FRANCISCO ;RAMAL SÃO FRANCISCO - KM 5,2 ;Início do Sub.Ramal 02 - Ramal São Francisco - Perto da Comunidade São Sebastião - Km 5,1;Fim do Sub.Ramal 02 - Ramal São Francisco - Am-010 - Km 7,2;MANAUS;RMM;7,20;;km;"  2°48'8.46""S";" 59°52'56.51""W";"  2°46'29.22""S";" 59°55'25.11""W";Ok;;;;;;;;;;;;;;;;;;;;;;;;;;;;;;;;;LEITO NATURAL;;SEINFRA ;A VISITAR;;;;R$ 18.000.000,00;
RMMAO;276;RAMAL DO PATUÁ ;ESTRADA;PRIMÁRIO;AM-010;AM-010 - KM 47,2;Início do Ramal do Patuá - Am-010 - Km 47,2;Fim do Ramal do Patuá - Km 7,2 ;MANAUS;RMM;7,20;;km;"  2°46'29.30""S";" 59°55'25.28""W";"  2°48'8.46""S";" 59°52'56.43""W";Ok;;;;;;;;;;;;;;;;;;;;;;;;;;;;;;;;;LEITO NATURAL;;SEINFRA ;A VISITAR;;;;R$ 18.000.000,00;
RMMAO;277;SUB. RAMAL 01 - RAMAL DO PATUÁ ;ESTRADA;PRIMÁRIO;RAMAL DO PATUÁ ;RAMAL DO PATUÁ - KM 2;Início do Sub.Ramal 01 - Ramal do Patuá - Km 2 ;Fim do Sub.Ramal 01 - Ramal do Patuá - Km 1,5;MANAUS;RMM;1,50;;km;"  2°46'38.02""S";" 59°54'28.92""W";"  2°46'13.12""S";" 59°54'11.56""W";Ok;;;;;;;;;;;;;;;;;;;;;;;;;;;;;;;;;LEITO NATURAL;;SEINFRA ;A VISITAR;;;;R$ 3.750.000,00;
RMMAO;278;SUB. RAMAL 02 - RAMAL DO PATUÁ ;ESTRADA;PRIMÁRIO;RAMAL DO PATUÁ ;RAMAL DO PATUÁ - KM 2,3;Início do Sub.Ramal 02 - Ramal do Patuá - Km 2,3;Fim do Sub.Ramal 02 - Ramal do Patuá - Km 0,3 ;MANAUS;RMM;0,30;;km;"  2°46'8.82""S";" 59°54'23.53""W";"  2°46'0.47""S";" 59°54'16.84""W";Ok;;;;;;;;;;;;;;;;;;;;;;;;;;;;;;;;;LEITO NATURAL;;SEINFRA ;A VISITAR;;;;R$ 750.000,00;
RMMAO;279;SUB. RAMAL 03 - RAMAL DO PATUÁ ;ESTRADA;PRIMÁRIO;RAMAL DO PATUÁ ;RAMAL DO PATUÁ - KM 3,70 ;Início do Sub.Ramal 03 - Ramal do Patuá - Km 3,7 ;Fim do Sub.Ramal 03 - Ramal do Patuá - Km 3,2 ;MANAUS;RMM;3,20;;km;"  2°46'35.96""S";" 59°53'39.99""W";"  2°46'10.48""S";" 59°54'16.61""W";Ok;;;;;;;;;;;;;;;;;;;;;;;;;;;;;;;;;LEITO NATURAL;;SEINFRA ;A VISITAR;;;;R$ 8.000.000,00;
RMMAO;280;RAMAL DA UNIÃO ;ESTRADA;PRIMÁRIO;AM-010 ;AM-010 - KM 44,8;Início do Ramal da União - Am-010 - Km 44,8;Fim do Ramal da União - Km 3;MANAUS;RMM;3,00;;km;"  2°47'39.15""S";" 59°55'53.26""W";"  2°46'33.15""S";" 59°56'31.66""W";Ok;;;;;;;;;;;;;;;;;;;;;;;;;;;;;;;;;LEITO NATURAL;;SEINFRA ;A VISITAR;;;;R$ 7.500.000,00;
RMMAO;281;SUB. RAMAL 01 - RAMAL DA UNIÃO ;ESTRADA;PRIMÁRIO;RAMAL DA UNIÃO;RAMAL DA UNIÃO - KM 2 ;Início do Sub.Ramal 01 - Ramal da União - Km 2 ;Fim do Sub.Ramal 01 - Ramal da União - Km 1,5 ;MANAUS;RMM;1,50;;km;"  2°46'59.38""S";" 59°56'24.83""W";"  2°46'59.13""S";" 59°56'58.94""W";Ok;;;;;;;;;;;;;;;;;;;;;;;;;;;;;;;;;LEITO NATURAL;;SEINFRA ;A VISITAR;;;;R$ 3.750.000,00;
RMMAO;282;SUB. RAMAL 02 - RAMAL DA UNIÃO ;ESTRADA;PRIMÁRIO;RAMAL DA UNIÃO;RAMAL DA UNIÃO - KM 2,8;Início do Sub.Ramal 02 - Ramal da União - Km 2,8  ;Fim do Sub.Ramal 02 - Ramal da União - Km 1,5;MANAUS;RMM;1,50;;km;"  2°46'38.36""S";" 59°56'26.97""W";"  2°46'16.45""S";" 59°56'56.89""W";Ok;;;;;;;;;;;;;;;;;;;;;;;;;;;;;;;;;LEITO NATURAL;;SEINFRA ;A VISITAR;;;;R$ 3.750.000,00;
RMMAO;283;RAMAL DO SANTO ANTÔNIO ;ESTRADA;PRIMÁRIO;AM-010;AM-010 - KM 49,2;Início do Ramal do Santo Antônio - Am-010 - Km 49,2 ;Fim do Ramal do São Antônio - Km 3,6;MANAUS;RMM;3,70;;km;"  2°45'34.35""S";" 59°55'16.31""W";"  2°45'38.09""S";" 59°57'0.24""W";Ok;;;;;;;;;;;;;;;;;;;;;;;;;;;;;;;;;LEITO NATURAL;;SEINFRA ;A VISITAR;;;;R$ 9.250.000,00;
RMMAO;284;SUB. RAMAL 01 - RAMAL DO SANTO ANTÔNIO ;ESTRADA;PRIMÁRIO;RAMAL DO SANTO ANTÔNIO ;RAMAL DO SANTO ANTÔNIO - KM 1,7;Início do Sub.Ramal 01 - Ramal do Santo Antônio - Km 1,7 ;Fim do Sub.Ramal 01 - Ramal do Santo Antônio - Km 1,7;MANAUS;RMM;1,70;;km;"  2°45'20.13""S";" 59°56'5.75""W";"  2°44'45.73""S";" 59°55'42.94""W";Ok;;;;;;;;;;;;;;;;;;;;;;;;;;;;;;;;;LEITO NATURAL;;SEINFRA ;A VISITAR;;;;R$ 4.250.000,00;
RMMAO;285;SUB. RAMAL 02 - RAMAL DO SANTO ANTÔNIO ;ESTRADA;PRIMÁRIO;RAMAL DO SANTO ANTÔNIO ;SUB. RAMAL 01- RAMAL DO SANTO ANTÔNIO - KM 1,5;Início do Sub.Ramal 02 - Ramal do Santo Antônio - Km 1,5;Fim do Sub.Ramal 02 - Ramal do Santo Antônio - Km 3,2 ;MANAUS;RMM;3,20;;km;"  2°44'43.01""S";" 59°55'51.71""W";"  2°43'53.56""S";" 59°57'6.29""W";Ok;;;;;;;;;;;;;;;;;;;;;;;;;;;;;;;;;LEITO NATURAL;;SEINFRA ;A VISITAR;;;;R$ 8.000.000,00;
RMMAO;286;SUB. RAMAL 03 - RAMAL DO SANTO ANTÔNIO ;ESTRADA;PRIMÁRIO;RAMAL DO SANTO ANTÔNIO ;SUB. RAMAL 02 - RAMAL DO SANTO ANTÔNIO - KM 3,7;Início do Sub.Ramal 03 - Ramal do Santo Antônio - Km 3,7;Fim do Sub. Ramal 03 - Ramal do Santo Antônio - Km 5,4 ;MANAUS;RMM;5,40;;km;"  2°44'34.60""S";" 59°55'51.98""W";"  2°42'35.97""S";" 59°56'39.75""W";Ok;;;;;;;;;;;;;;;;;;;;;;;;;;;;;;;;;LEITO NATURAL;;SEINFRA ;A VISITAR;;;;R$ 13.500.000,00;
RMMAO;287;SUB. RAMAL 04 - RAMAL DO SANTO ANTÔNIO ;ESTRADA;PRIMÁRIO;RAMAL DO SANTO ANTÔNIO ;SUB. RAMAL 02 - RAMAL DO SANTO ANTÔNIO - KM 2,5;Início do Sub.Ramal 04 - Ramal do Santo Antônio - Km 2,5 ;Fim do Sub.Ramal 04 - Ramal do Santo Antônio - Km 2,52 ;MANAUS;RMM;2,50;;km;"  2°43'59.16""S";" 59°56'45.96""W";"  2°43'9.68""S";" 59°57'31.58""W";Ok;;;;;;;;;;;;;;;;;;;;;;;;;;;;;;;;;LEITO NATURAL;;SEINFRA ;A VISITAR;;;;R$ 6.250.000,00;
RMMAO;288;SUB. RAMAL 05 - RAMAL DO SANTO ANTÔNIO ;ESTRADA;PRIMÁRIO;RAMAL DO SANTO ANTÔNIO ;RAMAL DO SANTO ANTÔNIO - KM 2,3;Início do Sub.Ramal 05 -  Ramal do Santo Antõnio - Ramal Principal - Km 2,3;Fim do Sub.Ramal 05 - Ramal do Santo Antônio - Km 6,6 ;MANAUS;RMM;6,60;;km;"  2°45'29.26""S";" 59°56'17.41""W";"  2°45'15.60""S";" 59°58'18.61""W";Ok;;;;;;;;;;;;;;;;;;;;;;;;;;;;;;;;;LEITO NATURAL;;SEINFRA ;A VISITAR;;;;R$ 16.500.000,00;
RMMAO;289;RAMAL DEUS POR NÓS ;ESTRADA;PRIMÁRIO;AM-010 ;AM-010 - KM 54,1;Início do Ramal Deus por Nós - Am-010 - Km 54,1;Fim do Ramal Deus por Nós - Km 4,3;MANAUS;RMM;4,30;;km;"  2°44'4.98""S";" 59°53'32.21""W";"  2°43'5.66""S";" 59°54'5.46""W";Ok;;;;;;;;;;;;;;;;;;;;;;;;;;;;;;;;;LEITO NATURAL;;SEINFRA ;A VISITAR;;;;R$ 10.750.000,00;
RMMAO;290;SUB. RAMAL 01 - RAMAL DEUS POR NÓS;ESTRADA;PRIMÁRIO;RAMAL DEUS POR NÓS;RAMAL  DEUS POR NÓS - KM 1,2;Início do Sub.Ramal 01 - Ramal Deus por Nós - Km 1,20;Fim do Sub.Ramal 01 - Ramal Deus por Nós - Km 1;MANAUS;RMM;1,00;;km;"  2°43'52.19""S";" 59°53'58.92""W";"  2°44'5.72""S";" 59°54'22.00""W";Ok;;;;;;;;;;;;;;;;;;;;;;;;;;;;;;;;;LEITO NATURAL;;SEINFRA ;A VISITAR;;;;R$ 2.500.000,00;
RMMAO;291;ESTRADA DA ZF-1;ESTRADA;PRIMÁRIO;AM-010 ;AM-010 - KM 55,4;Início da Estrada ZF- 1 - Am-010 - Km 55,4;Fim da Estrada ZF-1 - Km 32,5 - BR-174;MANAUS;RMM;32,50;;km;"  2°44'5.40""S";" 59°52'54.32""W";"  2°36'59.25""S";" 60° 2'21.94""W";Ok;;;;;;;;;;;;;;;;;;;;;;;;;;;;;;;;;LEITO NATURAL;;SEINFRA ;VISITADO;;;;R$ 81.250.000,00;
RMMAO;292;SUB. RAMAL 03 - ESTRADA ZF-1;ESTRADA;PRIMÁRIO;ESTRADA ZF-1 ;ESTRADA ZF-1 - KM 28, 8 ;Início do Sub.Ramal 03 - estrada ZF-1 - Km 28,8;Fim do Sub.Ramal 03 - Estrada ZF-1 - Km 5,1 ;MANAUS;RMM;5,10;;km;"  2°36'32.26""S";" 60° 0'37.07""W";"  2°39'3.83""S";" 60° 0'37.95""W";Ok;;;;;;;;;;;;;;;;;;;;;;;;;;;;;;;;;LEITO NATURAL;;SEINFRA ;A VISITAR;;;;R$ 12.750.000,00;
RMMAO;293;SUB. RAMAL 02 - ESTRADA ZF-1;ESTRADA;PRIMÁRIO;ESTRADA ZF-1 ;ESTRADA ZF-1 - KM 19,7;Início do Sub.Ramal 02 - Estrada ZF-1 Km 19,7;Fim do Sub.Ramal 02 - Estrada ZF-1 - Km 3,5 ;MANAUS;RMM;3,50;;km;"  2°37'14.39""S";" 59°56'27.34""W";"  2°38'36.89""S";" 59°56'56.35""W";Ok;;;;;;;;;;;;;;;;;;;;;;;;;;;;;;;;;LEITO NATURAL;;SEINFRA ;A VISITAR;;;;R$ 8.750.000,00;
RMMAO;294;SUB. RAMAL 01 - ESTRADA ZF-1;ESTRADA;PRIMÁRIO;ESTRADA ZF-1 ;ESTRADA ZF-1 - KM 17,4;Início do Sub.Ramal 01 - Estrada ZF-1 - Km 17,4 ;Fim do Sub.Ramal 01 - Estrada ZF-1 - Km 17,2;MANAUS;RMM;17,20;;km;"  2°36'39.67""S";" 59°55'22.41""W";"  2°31'53.86""S";" 59°49'54.84""W";Ok;;;;;;;;;;;;;;;;;;;;;;;;;;;;;;;;;LEITO NATURAL;;SEINFRA ;A VISITAR;;;;R$ 43.000.000,00;
RMMAO;295;RAMAL DO PARAMAZON;ESTRADA;PRIMÁRIO;AM-010;AM-010 - KM 25,75;Início do Ramal do Paramazon - Am-010 - Perto do Izel Agrocomecial - Km 25,75;Fim do Ramal Paramazon - Km 1;MANAUS;RMM;1,00;;km;"  2°55'8.61""S";" 59°59'46.04""W";"  2°55'27.85""S";" 59°59'21.57""W";Ok;;;;;;;;;;;;;;;;;;;;;;;;;;;;;;;;;LEITO NATURAL;;SEINFRA ;A VISITAR;;;;R$ 2.500.000,00;
RMMAO;296;RAMAL DO SOSSEGO - VILA BOM JESUS ;ESTRADA;PRIMÁRIO;AM-010;AM-010 - KM 27,3;Início do Ramal do Sossego - Vila Bom Jesus - Am-010 - Km 27,3;Fim do Ramal do Sossego - Vila Bom Jesus - Km 0,97;MANAUS;RMM;0,97;;km;"  2°54'52.04""S";" 59°59'2.98""W";"  2°55'21.99""S";" 59°58'53.18""W";Ok;;;;;;;;;;;;;;;;;;;;;;;;;;;;;;;;;LEITO NATURAL;;SEINFRA ;A VISITAR;;;;R$ 2.425.000,00;
RMMAO;297;ESTRADA ZF- 3 ;ESTRADA;PRIMÁRIO;BR-174;BR-174 - KM 63;Início do Ramal da ZF 3 -  BR - 174 - Km 63;Fim do Ramal ZF - 3 - Ramal ZF - 7 -  Km 50;MANAUS;RMM;50,00;;km;"  2°25'27.62""S";" 60° 1'48.68""W";"  2°27'33.85""S";" 59°41'27.50""W";Ok;;;;;;;;;;;;;;;;;;;;;;;;;;;;;;;;;LEITO NATURAL;;SEINFRA ;VISITADO;;;;R$ 125.000.000,00;
RMMAO;298;RAMAL COMUNIDADE  23 DE SETEMBRO;ESTRADA;PRIMÁRIO;BR-174;BR-174 - KM 2,80;Início do Ramal Comunidade 23 de Setembro - Br-174 - Km 2,80;Fim do Ramal da Comunidade 23 de Setembro - Am-010 -  Km 2,1;MANAUS;RMM;2,10;;km;"  2°57'19.39""S";" 60° 1'59.43""W";"  2°57'20.11""S";" 60° 0'55.89""W";Ok;;;;;;;;;;;;;;;;;;;;;;;;;;;;;;;;;LEITO NATURAL;;SEINFRA ;A VISITAR;;;;R$ 5.250.000,00;
RMMAO;299;RAMAL DA COMUNIDADE SÃO JOÃO;ESTRADA;PRIMÁRIO;BR-174;BR-174 - KM 3,60;Início do Ramal da Comunidade São João - Br-174 - Km 3,60;Fim do Ramal da Comunidade São João - Ao lado do Mercadinho Aleluia -  Km 1 ;MANAUS;RMM;1,00;;km;"  2°56'53.21""S";" 60° 2'0.49""W";"  2°56'48.72""S";" 60° 1'28.52""W";Ok;;;;;;;;;;;;;;;;;;;;;;;;;;;;;;;;;LEITO NATURAL;;SEINFRA ;A VISITAR;;;;R$ 2.500.000,00;
RMMAO;300;RAMAL DO PONTO 2 ;ESTRADA;PRIMÁRIO;BR-174;BR-174 - KM 4,18;Início do Ramal do Ponto 2 - Br-174 - Km 4,18;Fim do Ramal do Ponto 2 - Km 0,62;MANAUS;RMM;0,62;;km;"  2°56'34.47""S";" 60° 2'1.49""W";"  2°56'31.48""S";" 60° 2'18.15""W";Ok;;;;;;;;;;;;;;;;;;;;;;;;;;;;;;;;;LEITO NATURAL;;SEINFRA ;A VISITAR;;;;R$ 1.550.000,00;
RMMAO;301;RAMAL DO CAMPO BELO ;ESTRADA;PRIMÁRIO;BR-174;BR-174 - KM 5;Início do Ramal do Campo Belo - Br-174 - Km 5 ;Fim do Ramal do Campo Belo - Km 1,63;MANAUS;RMM;1,63;;km;"  2°56'10.78""S";" 60° 2'3.22""W";"  2°56'14.44""S";" 60° 2'36.23""W";Ok;;;;;;;;;;;;;;;;;;;;;;;;;;;;;;;;;LEITO NATURAL;;SEINFRA ;A VISITAR;;;;R$ 4.075.000,00;
RMMAO;302;SUB. RAMAL 02 - RAMAL SOL NASCENTE;ESTRADA;PRIMÁRIO;RAMAL SOL NASCENTE ;RAMAL SOL NASCENTE - KM 2,52;Início do Sub. Ramal  02 - Ramal Sol Nascente - Km 2,52;Fim do Sub.Ramal 02 - Ramal Sol Nascente - Km 2,86;MANAUS;RMM;2,86;;km;"  2°55'12.94""S";" 60° 3'27.33""W";"  2°53'55.35""S";" 60° 4'11.06""W";Ok;;;;;;;;;;;;;;;;;;;;;;;;;;;;;;;;;LEITO NATURAL;;SEINFRA ;A VISITAR;;;;R$ 7.150.000,00;
RMMAO;303;SUB. RAMAL 01 - RAMAL SOL NASCENTE;ESTRADA;PRIMÁRIO;RAMAL SOL NASCENTE ;RAMAL SOL NASCENTE - KM 1;Início do Sub. Ramal 01 - Ramal Sol Nascente - Km 1 ;Fim do Sub. Ramal 01 - Ramal Sol Nascente - Km 2,93;MANAUS;RMM;2,93;;km;"  2°54'56.02""S";" 60° 2'46.70""W";"  2°53'37.71""S";" 60° 3'25.92""W";Ok;;;;;;;;;;;;;;;;;;;;;;;;;;;;;;;;;LEITO NATURAL;;SEINFRA ;A VISITAR;;;;R$ 7.325.000,00;
RMMAO;304;RAMAL DO AREIAL I ;ESTRADA;PRIMÁRIO;BR-174;BR-174 - KM 9,9;Início do Ramal do Areial I - Br-174 - Km 9,9;Fim do Ramal do Areial I - am-010 - Km 33;MANAUS;RMM;11,80;;km;"  2°53'27.51""S";" 60° 2'6.17""W";"  2°52'56.84""S";" 59°57'8.57""W";Ok;;;;;;;;;;;;;;;;;;;;;;;;;;;;;;;;;LEITO NATURAL;;SEINFRA ;A VISITAR;;;;R$ 29.500.000,00;
RMMAO;305;RAMAL DO SANTANA ;ESTRADA;PRIMÁRIO;BR-174;BR-174 - KM 12;Início do Ramal do Santana - Ao lado do Café Regional Vivian - Br-174 - Km 12;Fim do Ramal do Santana - Km 2,84;MANAUS;RMM;2,84;;km;"  2°52'44.42""S";" 60° 2'7.13""W";"  2°53'17.76""S";" 60° 2'57.00""W";Ok;;;;;;;;;;;;;;;;;;;;;;;;;;;;;;;;;LEITO NATURAL;;SEINFRA ;A VISITAR;;;;R$ 7.100.000,00;
RMMAO;306;RAMAL PORTAL DO CARIBE I;ESTRADA;PRIMÁRIO;BR-174;BR-174 - KM 12,15;Início do Ramal Portal do Caribe I - Km 12,15;Fim do Ramal Portal do Caribe I - Km 1,16;MANAUS;RMM;1,16;;km;"  2°52'39.50""S";" 60° 2'7.29""W";"  2°52'24.24""S";" 60° 2'27.76""W";Ok;;;;;;;;;;;;;;;;;;;;;;;;;;;;;;;;;LEITO NATURAL;;SEINFRA ;A VISITAR;;;;R$ 2.900.000,00;
RMMAO;307;RAMAL SINDICARGAS;ESTRADA;PRIMÁRIO;BR-174;BR-174 - KM 12,23;Início do Ramal do Sindicargas - Ao lado do Bomtempo - Km 12,23;Fim do Ramal do Sindicargas - Km 1,82 ;MANAUS;RMM;1,82;;km;"  2°52'36.81""S";" 60° 2'6.80""W";"  2°52'33.05""S";" 60° 1'26.07""W";Ok;;;;;;;;;;;;;;;;;;;;;;;;;;;;;;;;;LEITO NATURAL;;SEINFRA ;A VISITAR;;;;R$ 4.550.000,00;
RMMAO;308;RAMAL DO ATERRO SANITÁRIO ;ESTRADA;PRIMÁRIO;BR-174;BR-174 - KM 12,96;Início do Ramal do Aterro Sanitário  - Br-174 - Km 12,96;Fim do Ramal do Aterro Sanitário - Km 3,34;MANAUS;RMM;3,34;;km;"  2°52'14.31""S";" 60° 2'5.63""W";"  2°51'46.79""S";" 60° 0'57.24""W";Ok;;;;;;;;;;;;;;;;;;;;;;;;;;;;;;;;;LEITO NATURAL;;SEINFRA ;A VISITAR;;;;R$ 8.350.000,00;
RMMAO;309;RAMAL DO PORTAL DO CARIBE II;ESTRADA;PRIMÁRIO;BR-174;BR-174 - KM 13,87;Início do Ramal Portal do Caribe II - Br-174 - Km 13,87;Fim do Ramal Portal dO Caribe II - Km 0,95;MANAUS;RMM;0,95;;km;"  2°51'44.90""S";" 60° 2'9.05""W";"  2°51'48.63""S";" 60° 2'28.01""W";Ok;;;;;;;;;;;;;;;;;;;;;;;;;;;;;;;;;LEITO NATURAL;;SEINFRA ;A VISITAR;;;;R$ 2.375.000,00;
RMMAO;310;RAMAL DA FAZENDA DA ESPERANÇA ;ESTRADA;PRIMÁRIO;BR-174;BR-174 - KM 15;Início do Ramal da Fazenda da Esperança - Br-174 - Km 15 ;Fim do Ramal da Fazenda da Esperança - Fazenda da Esperança Dom Gino Malvestio - Km 8,18;MANAUS;RMM;8,18;;km;"  2°51'14.94""S";" 60° 2'14.37""W";"  2°53'39.68""S";" 60° 4'17.36""W";Ok;;;;;;;;;;;;;;;;;;;;;;;;;;;;;;;;;LEITO NATURAL;;SEINFRA ;A VISITAR;;;;R$ 20.450.000,00;
RMMAO;311;RAMAL DO CANOEIRO ;ESTRADA;PRIMÁRIO;BR-174;BR-174 - KM 17,11;Início do Ramal do Canoeiro - Ao lado do Café regional da Lene - Br-174 - Km 17,11 ;Fim do Ramal do Canoeiro - Km 1,1 ;MANAUS;RMM;1,10;;km;"  2°49'48.38""S";" 60° 2'3.45""W";"  2°49'52.45""S";" 60° 2'37.76""W";Ok;;;;;;;;;;;;;;;;;;;;;;;;;;;;;;;;;LEITO NATURAL;;SEINFRA ;A VISITAR;;;;R$ 2.750.000,00;
RMMAO;312;RAMAL DA CASTANHEIRA;ESTRADA;PRIMÁRIO;BR-174;BR-174 - KM 17,12;Início do Ramal do Castanheira - Em Frente ao Ramal do Canoeiro - Km 17,12;Fim do Ramal do Castanheira - Km 10,2;MANAUS;RMM;10,20;;km;"  2°49'48.02""S";" 60° 2'2.87""W";"  2°48'26.41""S";" 59°59'18.63""W";Ok;;;;;;;;;;;;;;;;;;;;;;;;;;;;;;;;;LEITO NATURAL;;SEINFRA ;A VISITAR;;;;R$ 25.500.000,00;
RMMAO;313;RAMAL DO BANDEIRANTE;ESTRADA;PRIMÁRIO;BR-174;BR-174 - KM 22,5;Início do Ramal do Bandeirante - BR-174 - Km 22,5;Fim do Ramal do Bandeirante - Km 9,22;MANAUS;RMM;9,22;;km;"  2°46'43.10""S";" 60° 2'11.06""W";"  2°45'45.37""S";" 59°58'48.83""W";Ok;;;;;;;;;;;;;;;;;;;;;;;;;;;;;;;;;LEITO NATURAL;;SEINFRA ;A VISITAR;;;;R$ 23.050.000,00;
RMMAO;314;RAMAL DO JABUTI;ESTRADA;PRIMÁRIO;BR-174;BR-174 - KM 23,77;Início do Ramal do Jabuti - Br-174 - Km 23,7;Fim do Ramal do Jabuti - Km 1,31;MANAUS;RMM;1,31;;km;"  2°46'1.77""S";" 60° 2'12.29""W";"  2°45'50.59""S";" 60° 2'42.66""W";Ok;;;;;;;;;;;;;;;;;;;;;;;;;;;;;;;;;LEITO NATURAL;;SEINFRA ;A VISITAR;;;;R$ 3.275.000,00;
RMMAO;315;RAMAL DO kM 22 - ( ESCOLA AGRICOLA RAINHA DOS APÓSTOLOS) ;ESTRADA;PRIMÁRIO;BR-174;BR-174 - KM 22;Início do Ramal do Km 22 - ( Esc.Agric.R. dos Apoóstolos) - Br-174 - Km 22;Fim do Ramal do Km 22 - ( Esc.Agric.R. dos Apoóstolos) - Ramal da Comunidade Hoollywood - Km 8,8;MANAUS;RMM;8,88;;km;"  2°46'56.23""S";" 60° 2'11.79""W";"  2°44'46.79""S";" 60° 4'18.42""W";Ok;;;;;;;;;;;;;;;;;;;;;;;;;;;;;;;;;LEITO NATURAL;;SEINFRA ;A VISITAR;;;;R$ 22.200.000,00;
RMMAO;316;RAMAL DA COMUNIDADE HOOLLYWOOD;ESTRADA;PRIMÁRIO;BR-174;BR-174 - KM 28;Início do Ramal da Comunidade Hoollywood - Br-174 - Km 28 ;Fim do Ramal da Comunidade Hoollywood - Km 11,8;MANAUS;RMM;11,80;;km;"  2°44'0.56""S";" 60° 2'43.65""W";"  2°42'7.70""S";" 60° 6'6.47""W";Ok;;;;;;;;;;;;;;;;;;;;;;;;;;;;;;;;;LEITO NATURAL;;SEINFRA ;A VISITAR;;;;R$ 29.500.000,00;
RMMAO;317;RAMAL DO CAPITÃO BANOTES;ESTRADA;PRIMÁRIO;BR-174;BR-174 - KM 28,14;Início do Ramal do Capitão Bonates - Ao Lado do Bar do Toco - Br-174 - Km 28,14 ;Fim do Ramal do Capitão Bonates - Km 5,38;MANAUS;RMM;5,38;;km;"  2°43'55.69""S";" 60° 2'44.08""W";"  2°42'59.21""S";" 60° 4'56.96""W";Ok;;;;;;;;;;;;;;;;;;;;;;;;;;;;;;;;;LEITO NATURAL;;SEINFRA ;A VISITAR;;;;R$ 13.450.000,00;
RMMAO;318;RAMAL DO SÃO JOÃO;ESTRADA;PRIMÁRIO;BR-174;BR-174 - KM 28,07;Início do Ramal do São João - Br-174 - Km 28,07;Fim do Ramal do São João - Km 5,59;MANAUS;RMM;5,59;;km;"  2°43'57.95""S";" 60° 2'43.09""W";"  2°43'26.79""S";" 60° 0'14.43""W";Ok;;;;;;;;;;;;;;;;;;;;;;;;;;;;;;;;;LEITO NATURAL;;SEINFRA ;A VISITAR;;;;R$ 13.975.000,00;
RMMAO;319;RAMAL DO BONS AMIGOS ;ESTRADA;PRIMÁRIO;BR-174;BR-174 - KM 25,18;Início do Ramal do Bons Amigos - Br-174 - Km 25,18 ;Fim do Ramal do Bons Amigos - Km 8,84;MANAUS;RMM;8,84;;km;"  2°45'17.04""S";" 60° 2'24.53""W";"  2°43'58.79""S";" 59°58'34.16""W";Ok;;;;;;;;;;;;;;;;;;;;;;;;;;;;;;;;;LEITO NATURAL;;SEINFRA ;A VISITAR;;;;R$ 22.100.000,00;
RMMAO;320;RAMAL DO RANCHO LIMA ;ESTRADA;PRIMÁRIO;BR-174;BR-174 - KM 29,36;Início do Ramal do Rancho Lima - Br-174 - Km 29,36;Fim do Ramal do Rancho Lima - Km 0,75;MANAUS;RMM;0,75;;km;"  2°43'15.62""S";" 60° 2'49.54""W";"  2°43'18.30""S";" 60° 3'13.30""W";Ok;;;;;;;;;;;;;;;;;;;;;;;;;;;;;;;;;LEITO NATURAL;;SEINFRA ;A VISITAR;;;;R$ 1.875.000,00;
RMMAO;321;RAMAL DA VITÓRIA RÉGIA;ESTRADA;PRIMÁRIO;BR-174;BR-174 - KM 29,47;Início do Ramal da Vitória Régia - Br-174 - Km 29,47;Fim do Ramal da Vitória Régia - Km 0,47;MANAUS;RMM;0,47;;km;"  2°43'12.03""S";" 60° 2'50.02""W";"  2°43'13.98""S";" 60° 3'5.01""W";Ok;;;;;;;;;;;;;;;;;;;;;;;;;;;;;;;;;LEITO NATURAL;;SEINFRA ;A VISITAR;;;;R$ 1.175.000,00;
RMMAO;322;RAMAL COMUNIDADE NOVO CANAÃ;ESTRADA;PRIMÁRIO;BR-174;BR-174 - KM 40,45;Início do Ramal da Comunidade Nova Canaã - Br-174 - Km 40,45;Fim do Ramal da Comunidade Nova Canaã - Estrada da ZF-1 - Km 1,14;MANAUS;RMM;1,14;;km;"  2°37'19.60""S";" 60° 2'23.22""W";"  2°37'8.61""S";" 60° 1'58.68""W";Ok;;;;;;;;;;;;;;;;;;;;;;;;;;;;;;;;;LEITO NATURAL;;SEINFRA ;A VISITAR;;;;R$ 2.850.000,00;
RMMAO;323;ESTRADA DA ZF - 4;ESTRADA;PRIMÁRIO;BR-174;BR-174 - KM 67;Início da Estrada ZF - 4 - BR-174 - Km 67;Fim da Estrada ZF - 4 - Km 53,7;MANAUS;RMM;53,70;;km;"  2°23'32.49""S";" 60° 2'14.34""W";"  2°21'28.34""S";" 60°18'38.64""W";Ok;;;;;;;;;;;;;;;;;;;;;;;;;;;;;;;;;LEITO NATURAL;;SEINFRA ;A VISITAR;;;;R$ 134.250.000,00;
RMMAO;324;ESTRADA DA ZF - 5 ;ESTRADA;PRIMÁRIO;BR-174;BR-174 - KM 83;Início do Ramal d a ZF - 5 - BR-174 - Km 83;Fim da Estrada da FZ - 5 - Km 65;MANAUS;RMM;65,00;;km;"  2°14'59.72""S";" 60° 1'57.52""W";"  2°21'28.19""S";" 60°18'38.96""W";Ok;;;;;;;;;;;;;;;;;;;;;;;;;;;;;;;;;LEITO NATURAL;;SEINFRA ;A VISITAR;;;;R$ 162.500.000,00;
RMMAO;325;RAMAL DO BRASILEIRINHO;ESTRADA;PRIMÁRIO;R. GERGELIM ;R. GERGELIM - AO LADO DO SAICA ;Início do Ramal do Brasileirinho - Km 00 - Perto SAICA ( Serviço de Acolhimento Institucional para Crianças e Adolescentes Sob Medida Protetiva) ;Fim do Ramal do Brasileirinho - Km 11,8;MANAUS;RMM;11,80;;km;"  3° 1'42.34""S";" 59°55'2.76""W";"  3° 1'9.50""S";" 59°49'37.74""W";Ok;;;;;;;;;;;;;;;;;;;;;;;;;;;;;;;;;LEITO NATURAL;;SEINFRA ;VISITADO;;;;R$ 29.500.000,00;
RMATZ;15;RAMAL DO JATUÁ;ESTRADA;PRIMÁRIO;AM-254;AM-254 - KM 47,1;Início do Ramal do Jatuá - Am-254 - Km 47,1;Fim do Ramal do Jatuá - Km 4,50;AUTAZES;RMM;4,50;4,49;km;"  3°36'8.75""S";" 59°34'7.95""W";"  3°38'19.23""S";" 59°33'16.41""W";Ok;;;;;;;;;;;;;;;;;;;;;;;;;;;;;;;;;PAVIMENTADA;;SEINFRA ;CONCLUÍDO;;CT-00065/2018-SEINFRA;Ramal Jatuá;R$ 11.250.000,00;R$ 4.193.098,35
RMMAO;327;RAMAL CLÁUDIO MESQUITA 2;ESTRADA;PRIMÁRIO;BR-174;BR-174 - KM 7;Início do Ramal Claúdio Mesquita 2 - Br-174 - Km 7;Fim do Ramal Claúdio Mesquita 2 - Km 5,41;MANAUS;RMM;3,42;;km;"  2°54'48.36""S";" 60° 2'20.44""W";"  2°55'57.68""S";" 60° 4'27.81""W";Ok;;;;;;;;;;;;;;;;;;;;;;;;;;;;;;;;;LEITO NATURAL;;;A VISITAR;;;;R$ 8.550.000,00;
RMATZ;16;RAMAL DO HSL;ESTRADA;PRIMÁRIO;AM-254;AM-254 - KM 47,1;Início do Ramal do Hsl - Am-254 - Km 47,1;Fim do Ramal do HSL - Km 8,65;AUTAZES;RMM;8,65;8,65;km;"  3°36'8.16""S";" 59°34'8.06""W";"  3°32'35.22""S";" 59°33'24.77""W";Ok;;;;;;;;;;;;;;;;;;;;;;;;;;;;;;;;;PAVIMENTADA;;SEINFRA ;CONCLUÍDO;;CT-00065/2018-SEINFRA;Ramal HSL;R$ 21.625.000,00;R$ 8.087.356,74
RMATZ;21; RAMAL DO MUTUCA;ESTRADA;PRIMÁRIO;AM-254;AM-254 - KM 52,95;Início do Ramal do Mutuca - Am-254 - Km 52,95;Fim do Ramal do Mutuca - Km 11,2;AUTAZES;RMM;11,20;11,20;km;"  3°36'14.38""S";" 59°31'2.84""W";"  3°31'11.37""S";" 59°32'19.89""W";Ok;;;;;;;;;;;;;;;;;;;;;;;;;;;;;;;;;PAVIMENTADA;;SEINFRA ;CONCLUÍDO;;CT-00065/2018-SEINFRA;Ramal Rio Mutuca;R$ 28.000.000,00;R$ 10.459.399,01
RMATZ;29;RAMAL DO GAPENÚ;ESTRADA;PRIMÁRIO;AM-254;AM-254 - KM 93,30;Início do Ramal do Gapenú - Am-254 - Km 93,30;Fim do Ramal do Gapenú - Km 3;AUTAZES;RMM;3,00;3,00;km;"  3°32'46.75""S";" 59°11'41.95""W";"  3°32'6.31""S";" 59°10'26.35""W";Ok;;;;;;;;;;;;;;;;;;;;;;;;;;;;;;;;;PAVIMENTADA;;SEINFRA ;CONCLUÍDO;;CT-00065/2018-SEINFRA;Ramal Gapenu;R$ 7.500.000,00;R$ 2.801.624,73
RMATZ;40;RAMAL DO ROSARINHO;ESTRADA;PRIMÁRIO;AM-254;AM-254 - KM 104;Início Ramal do Rosarinho - Am-254 - Porto Hidroviário de Autazes - Km 104 ;Fim do Ramal do Rosarinho - Am-254 - Km 118;AUTAZES;RMM;13,40;12,80;km;"  3°34'39.15""S";" 59° 8'4.06""W";"  3°40'37.58""S";" 59° 5'33.23""W";Ok;;;;;;;;;;;;;;;;;;;;;;;;;;;;;;;;;PAVIMENTADA;;SEINFRA ;VISITADO / CONCLUÍDO;;CT-00065/2018-SEINFRA;Ramal Rosarinho;R$ 33.500.000,00;R$ 11.953.598,87
RMIRA;127;RAMAL LINDO AMANHECER;ESTRADA;PRIMÁRIO;AM-070;AM-070 - KM 27,06;Início do Ramal do Lindo Amanhecer - Am-070 - Km 27,06;Fim do Lindo Amanhecer - Km 9,11;IRANDUBA;RMM;8,60;8,60;km;"  3°10'9.74""S";" 60°16'52.96""W";"  3°12'53.46""S";" 60°18'41.13""W";Ok;;;;;;;;;;;;;;;;;;;;;;;;;;;;;;;;;PAVIMENTADA;;SEINFRA ;VISITADO / CONCLUÍDO;;CT-00071/2020-SEINFRA;Ramal do Uga-Uga, kM 26 da AM-070 (ME);R$ 21.500.000,00;R$ 14.250.575,46
RMIRA;128;RAMAL CACHOEIRA DO CASTANHO ;ESTRADA;PRIMÁRIO;AM-070;AM-070 - KM 24,61;Início Ramal Cachoeira do Castanho - Am-070 - Km 24,61;Fim do Ramal Cachoeira do Castanho - Km 6,30;IRANDUBA;RMM;6,30;7,19;km;"  3° 9'31.73""S";" 60°15'46.96""W";"  3° 6'22.95""S";" 60°17'2.27""W";Ok;;;;;;;;;;;;;;;;;;;;;;;;;;;;;;;;;PAVIMENTADA;;SEINFRA ;VISITADO / CONCLUÍDO;;CT-00071/2020-SEINFRA;Ramal da Cachoeira do Castanho, kM 24 da AM-070 (MD) ;R$ 15.750.000,00;R$ 11.603.153,61
RMMAQ;244;RAMAL DO BARRO ALTO ;ESTRADA;PRIMÁRIO;AM-354;AM-354 - KM 33,66;Início do Ramal do Barro Alto - Am-354 - Km 33,66;Fim do Ramal do Barro Alto - Porto Barro Alto - Km 17 ;MANAQUIRI;RMM;17,00;17,19;km;"  3°28'14.00""S";" 60°25'28.53""W";"  3°23'57.50""S";" 60°25'36.93""W";Ok;;;;;;;;;;;;;;;;;;;;;;;;;;;;;;;;;PAVIMENTADA;;SEINFRA ;VISITADO / EM OBRA;;CT-00073/2022-SEINFRA;Ramal do Barro Alto, kM 11 da Estrada AM - 354;R$ 42.500.000,00;R$ 27.186.588,52
RMMAO;335;SUB. RAMAL 02 - RAMAL ÁGUA BRANCA 2 ;ESTRADA;PRIMÁRIO;RAMAL ÁGUA BRANCA 2;RAMAL ÁGUA BRANCA 2 - KM 4,1;Início do Sub. Ramal 02 - Ramal Água Branca 2 - Km 4,14;Fim do Sub. Ramal 02 - Ramal Água Branca 2 - Km 1,10;MANAUS ;RMM;1,10;;km;"  2°51'23.58""S";" 59°55'2.16""W";"  2°50'55.97""S";" 59°54'42.17""W";Ok;;;;;;;;;;;;;;;;;;;;;;;;;;;;;;;;;LEITO NATURAL;;SEINFRA ;A VISITAR;;;;R$ 2.750.000,00;
RMMAO;336;RAMAL DO AREAL ;ESTRADA;PRIMÁRIO;AM-010 ;AM-010 - KM 42,9;Início do Ramal do Areal - Am-010 - Km 42,9;Fim do Ramal do Areal - ao Lado do CaFé da regional da Edi - Br-174 - Km 14,8 ;MANAUS ;RMM;14,80;;km;"  2°48'42.40""S";" 59°56'6.95""W";"  2°49'10.50""S";" 60° 2'7.58""W";Ok;;;;;;;;;;;;;;;;;;;;;;;;;;;;;;;;;LEITO NATURAL;;SEINFRA ;A VISITAR;;;;R$ 37.000.000,00;
RMNON;337;RAMAL DO kM 148 - AM-254 ;ESTRADA;PRIMÁRIO;AM-254;AM-254 - KM 148,50;Início do Ramal do Km 148 - Am-254 - Km 148,50;Fim do Ramal do Km 148 - Am-254 - Km 3,77;NOVA OLINDA DO NORTE;INTERIOR;3,77;;km;"  3°52'53.00""S";" 59° 3'53.99""W";"  3°54'16.98""S";" 59° 2'36.68""W";Ok;;;;;;;;;;;;;;;;;;;;;;;;;;;;;;;;;LEITO NATURAL;;SEINFRA ;A VISITAR;;;;R$ 9.425.000,00;
RMNON;338;RAMAL DA COMUNIDADE PINDOBAL ;ESTRADA;PRIMÁRIO;AM-255;AM-254 - KM 156,11;Início do Ramal da Comunidade Pindobal - Am-254 - Km 156,11;Fim do Ramal da Comunidade Pindobal - Km 7,69;NOVA OLINDA DO NORTE;INTERIOR;7,68;;km;"  3°50'16.24""S";" 59° 1'18.40""W";"  3°53'27.89""S";" 58°59'39.66""W";Ok;;;;;;;;;;;;;;;;;;;;;;;;;;;;;;;;;LEITO NATURAL;;SEINFRA ;A VISITAR;;;;R$ 19.200.000,00;
RMNON;339;RAMAL DO kM 154 - AM-254;ESTRADA;PRIMÁRIO;AM-254;AM-254 - KM 154;Início do Ramal do Km 154 - Am-254 - Km 154;Fim do Ramal do Km 154 - Am-254 - Km 1,78;NOVA OLINDA DO NORTE;INTERIOR;1,78;;km;"  3°50'56.18""S";" 59° 2'10.79""W";"  3°50'20.52""S";" 59° 2'46.01""W";Ok;;;;;;;;;;;;;;;;;;;;;;;;;;;;;;;;;LEITO NATURAL;;SEINFRA ;A VISITAR;;;;R$ 4.450.000,00;
RMNAV;340;RAMAL DO kM 97 - AM-352;ESTRADA;PRIMÁRIO;AM-352;AM-352 - KM 97,48;Início do Ramal do Km 97 - Am-352 - Km 97,48;Fim do Ramal do Km 97 - Am-352 - Km 1,63;NOVO AIRÃO;INTERIOR;1,63;;km;"  2°39'4.64""S";" 60°56'42.44""W";"  2°39'25.18""S";" 60°56'3.48""W";Ok;;;;;;;;;;;;;;;;;;;;;;;;;;;;;;;;;LEITO NATURAL;;SEINFRA ;A VISITAR;;;;R$ 4.075.000,00;
RMNAV;341;RAMAL DO APINA;ESTRADA;PRIMÁRIO;AM-352;AM-352 - KM 96,88;Início do Ramal do Apina - Am-352 - Km 96,88;Fim do Ramal do Apina - Km 4,48;NOVO AIRÃO;INTERIOR;4,48;;km;"  2°39'23.54""S";" 60°56'47.00""W";"  2°40'53.02""S";" 60°55'21.43""W";Ok;;;;;;;;;;;;;;;;;;;;;;;;;;;;;;;;;LEITO NATURAL;;SEINFRA ;A VISITAR;;;;R$ 11.200.000,00;
RMNAV;342;RAMAL DO kM 96 - AM-352;ESTRADA;PRIMÁRIO;AM-352;AM-352 - KM 96,1;Início do Ramal do Km 96 - Am-352 - Km 96,1;Fim do Ramal do Km 96 - Am-352 - Km 0,72;NOVO AIRÃO;INTERIOR;0,72;;km;"  2°39'46.84""S";" 60°56'55.59""W";"  2°39'51.97""S";" 60°56'33.12""W";Ok;;;;;;;;;;;;;;;;;;;;;;;;;;;;;;;;;LEITO NATURAL;;SEINFRA ;A VISITAR;;;;R$ 1.800.000,00;
RMNAV;343;RAMAL DO MUTUM;ESTRADA;PRIMÁRIO;AM-352;AM-352 - KM 95,2;Início do Ramal do Mutum - Am-352 - Km 95,2;Fim do Ramal do Mutum - Km 7,1;NOVO AIRÃO;RMM;7,10;;km;"  2°40'10.56""S";" 60°56'59.49""W";"  2°41'40.21""S";" 60°59'59.02""W";Ok;;;;;;;;;;;;;;;;;;;;;;;;;;;;;;;;;LEITO NATURAL;;SEINFRA ;A VISITAR;;;;R$ 17.750.000,00;
RMNAV;344;RAMAL DO SEMÍDIO;ESTRADA;PRIMÁRIO;AM-352;AM-352 - KM 90,26;Início do Ramal do Semídio - Am-352 - Km 90,26;Fim do Ramal do Semídio - Am-352- Km 0,95;NOVO AIRÃO;RMM;0,95;;km;"  2°42'20.55""S";" 60°56'5.47""W";"  2°42'14.66""S";" 60°55'35.79""W";Ok;;;;;;;;;;;;;;;;;;;;;;;;;;;;;;;;;LEITO NATURAL;;SEINFRA ;A VISITAR;;;;R$ 2.375.000,00;
RMNAV;345;RAMAL DO kM 87 - AM-352;ESTRADA;PRIMÁRIO;AM-352;AM-352 - KM 87,89;Início do Ramal do Km 87 - Am-352 - Km 87,89;Fim do Ramal do Km 87 - Am-352 - Km 0,32;NOVO AIRÃO;RMM;0,31;;km;"  2°43'27.13""S";" 60°56'30.50""W";"  2°43'24.39""S";" 60°56'21.03""W";Ok;;;;;;;;;;;;;;;;;;;;;;;;;;;;;;;;;LEITO NATURAL;;SEINFRA ;A VISITAR;;;;R$ 775.000,00;
RMNAV;346;RAMAL DO kM 85 - AM-352;ESTRADA;PRIMÁRIO;AM-352;AM-352 - KM 85,33;Início do Ramal do Km 85 - Am-352 - Km 85,33;Fim do Ramal do Km 85 - Am-352 - Km 0,49;NOVO AIRÃO;RMM;0,49;;km;"  2°44'44.88""S";" 60°56'34.51""W";"  2°44'43.75""S";" 60°56'49.21""W";Ok;;;;;;;;;;;;;;;;;;;;;;;;;;;;;;;;;LEITO NATURAL;;SEINFRA ;A VISITAR;;;;R$ 1.225.000,00;
RMNAV;347;RAMAL DO kM 86 - AM-352;ESTRADA;PRIMÁRIO;AM-352;AM-352 - KM 86,1;Início do Ramal do Km 86 - Am-352 - Km 86,1;Fim do Ramal do Km 86 - Am-352 - Km 2,1 ;NOVO AIRÃO;RMM;2,10;;km;"  2°44'20.38""S";" 60°56'28.94""W";"  2°44'11.69""S";" 60°57'5.64""W";Ok;;;;;;;;;;;;;;;;;;;;;;;;;;;;;;;;;LEITO NATURAL;;SEINFRA ;A VISITAR;;;;R$ 5.250.000,00;
RMNAV;348;RAMAL DO AYRIO;ESTRADA;PRIMÁRIO;AM-352;AM-352 - KM 84,97;Início do Ramal do Alyrio - Am-352 - Km 84,97;Fim do Ramal da Alyrio - Km 2,36;NOVO AIRÃO;RMM;2,36;;km;"  2°44'55.04""S";" 60°56'31.32""W";"  2°45'22.65""S";" 60°57'29.01""W";Ok;;;;;;;;;;;;;;;;;;;;;;;;;;;;;;;;;LEITO NATURAL;;SEINFRA ;A VISITAR;;;;R$ 5.900.000,00;
RMNAV;349;RAMAL DO kM 83 - AM-352;ESTRADA;PRIMÁRIO;AM-352;AM-352 - KM 83,76;Início do Ramal do Km 82 - Am-352 - Km 83,76;Fim do Ramal do Km 83 - Am-352 - Km 1,76;NOVO AIRÃO;RMM;1,76;;km;"  2°45'32.50""S";" 60°56'21.49""W";"  2°45'41.54""S";" 60°57'5.21""W";Ok;;;;;;;;;;;;;;;;;;;;;;;;;;;;;;;;;LEITO NATURAL;;SEINFRA ;A VISITAR;;;;R$ 4.400.000,00;
RMNAV;350;RAMAL DO PONTO 380;ESTRADA;PRIMÁRIO;AM-352;AM-352 - KM 83,12;Início do Ramal do Ponto 380 - Am-352 - Km 83,12;Fim do Ramal do Ponto 380 - Km 2,50;NOVO AIRÃO;RMM;2,50;;km;"  2°45'53.18""S";" 60°56'20.17""W";"  2°46'38.23""S";" 60°57'15.15""W";Ok;;;;;;;;;;;;;;;;;;;;;;;;;;;;;;;;;LEITO NATURAL;;SEINFRA ;A VISITAR;;;;R$ 6.250.000,00;
RMNAV;351;RAMAL SOLDADO;ESTRADA;PRIMÁRIO;AM-352;AM-352 - Km 81,92;Início do Ramal do Saldado - Am-352 - Km 81,92;Fiim do Ramal do Soldado - Km 0,36;NOVO AIRÃO;RMM;0,36;;km;"  2°46'30.82""S";" 60°56'22.19""W";"  2°46'33.71""S";" 60°56'33.44""W";Ok;;;;;;;;;;;;;;;;;;;;;;;;;;;;;;;;;LEITO NATURAL;;SEINFRA ;A VISITAR;;;;R$ 900.000,00;
RMNAV;352;RAMAL DO kM 81 - AM-352;ESTRADA;PRIMÁRIO;AM-352;AM-352 - KM 81,29;Início do Ramal do Km 81 - Am-352 - Km 81,29;Fim do Ramal do Km 81 - Am-352 - Km 2,15;NOVO AIRÃO;RMM;2,15;;km;"  2°46'49.21""S";" 60°56'12.72""W";"  2°47'2.29""S";" 60°57'13.96""W";Ok;;;;;;;;;;;;;;;;;;;;;;;;;;;;;;;;;LEITO NATURAL;;SEINFRA ;A VISITAR;;;;R$ 5.375.000,00;
RMNAV;353;RAMAL DOS AMIGOS;ESTRADA;PRIMÁRIO;AM-352;AM-352 - KM 75,87;Início do Ramal dos Amigos - Am-352 - Km 75,87;Fim do Ramal dos Amigos - Km 3,39;NOVO AIRÃO;RMM;3,39;;km;"  2°49'29.23""S";" 60°55'40.00""W";"  2°48'53.28""S";" 60°57'12.90""W";Ok;;;;;;;;;;;;;;;;;;;;;;;;;;;;;;;;;LEITO NATURAL;;SEINFRA ;A VISITAR;;;;R$ 8.475.000,00;
RMMAC;227;RAMAL NOVA ESPERANÇA ;ESTRADA;PRIMÁRIO;AM-070;AM-070 - KM 63,91;Início do Ramal Nova Esperança - Am-070 - Km 63,91;Fim do Ramal Nova Esperança - Km 6,5 ;MANACAPURU;RMM;6,55;6,53;km;"  3°14'23.93""S";" 60°31'30.80""W";"  3°17'18.55""S";" 60°33'13.65""W";Ok;;;;;;;;;;;;;;;;;;;;;;;;;;;;;;;;;PAVIMENTADA;;SEINFRA ;VISITADO / CONCLUÍDO;;CT-00086/2022-SEINFRA;Ramal Nova Esperança , kM 62 da AM-070;R$ 16.375.000,00;R$ 12.936.380,04
RMMAC;228;RAMAL ANJO GABRIEL ;ESTRADA;PRIMÁRIO;AM-070;RAMAL NOVA ESPERANÇA - KM 5 ;Início do Ramal do Anjo Gabriel - Ramal Nova Esperança - Km 5;Fim do Ramal do Anjo Gabriel - Km 0,48;MANACAPURU;RMM;0,48;0,47;km;"  3°16'37.60""S";" 60°33'1.45""W";"  3°16'45.24""S";" 60°32'48.67""W";Ok;;;;;;;;;;;;;;;;;;;;;;;;;;;;;;;;;PAVIMENTADA;;SEINFRA ;CONCLUÍDO;;CT-00086/2022-SEINFRA;Ramal Anjo Gabriel, kM 62 da AM-070;R$ 1.200.000,00;R$ 931.466,53
RMMAC;229;SUB. RAMAL  DO PARU;ESTRADA;PRIMÁRIO;AM-070;COMUNIDADE SÃO RAIMUNDO - KM 5,7;Início Ramal do Paru - Comunidade São Raimundo - Km 5,7;Fim do Ramal Paru- Km 2,7;MANACAPURU;RMM;2,70;2,92;km;"  3°16'53.75""S";" 60°33'5.25""W";"  3°17'41.88""S";" 60°32'14.82""W";Ok;;;;;;;;;;;;;;;;;;;;;;;;;;;;;;;;;PAVIMENTADA;;SEINFRA ;VISITADO / CONCLUÍDO;;CT-00086/2022-SEINFRA;Ramal Parú, kM 62 da AM-070;R$ 6.750.000,00;R$ 5.783.345,96
 RMPAR ;354;RAMAL DOS REIS ;ESTRADA;PRIMÁRIO;ESTRADA DOS ANINGAS;ESTRADA DOS ANINGAS - KM 2,43;Início do Ramal dos Amigos - Am-352 - Km 75,87;Fim do Ramal dos Reis - Km 1,57;PARINTINS;INTERIOR;1,57;1,46;km;"  2°39'30.34""S";" 56°47'4.84""W";"  2°40'6.17""S";" 56°46'45.07""W";Ok;;;;;;;;;;;;;;;;;;;;;;;;;;;;;;;;;PAVIMENTADA;;SEINFRA ;EM OBRA;;CT-00089/2022-SEINFRA;"Ramais na sede do município de Parintins/AM.
 Ramal dos Reis; Ramal da AABB;
Estrada dos Reis;Ramal do Regaço.";R$ 3.925.000,00;R$ 2.120.558,67
RMPRF;358;RAMAL DO kM 120 - BR-174;ESTRADA;PRIMÁRIO;BR-174;BR-174 - KM 120;Início Ramal da Boa Esperança - BR-174 - Km 120;Fim do Ramal da Boa Esperança - Km 20,4;PRESIDENTE FIGUEIREDO;RMM;20,40;;km;"  1°56'30.41""S";" 60° 2'40.86""W";"  1°56'56.79""S";" 59°54'25.74""W";Ok;;;;;;;;;;;;;;;;;;;;;;;;;;;;;;;;;LEITO NATURAL;;SEINFRA ;A VISITAR;;;;R$ 51.000.000,00;
RMPRF;359;RAMAL DO URUBUI ;ESTRADA;PRIMÁRIO;BR-174;BR-174 - KM 107,14;Início do Ramal do Urubui - Br-174 - Km 107,14;Fim do Ramal do Urubuí - Km 10,2 ;PRESIDENTE FIGUEIREDO;RMM;10,20;;km;"  2° 2'32.95""S";" 60° 1'33.98""W";"  2° 3'28.15""S";" 60° 6'8.63""W";Ok;;;;;;;;;;;;;;;;;;;;;;;;;;;;;;;;;LEITO NATURAL;;SEINFRA ;A VISITAR;;;;R$ 25.500.000,00;
RMPRF;360;RAMAL DO CARAMURU;ESTRADA;PRIMÁRIO;BR-174;BR-174 - KM 121,31;Início do Ramal do Caramuru - Br-174 - Km 121,31;Fim do Ramal do Caramuru - Km 2,29;PRESIDENTE FIGUEIREDO;RMM;2,29;;km;"  1°55'30.48""S";" 60° 3'9.70""W";"  1°54'37.50""S";" 60° 3'4.62""W";Ok;;;;;;;;;;;;;;;;;;;;;;;;;;;;;;;;;LEITO NATURAL;;SEINFRA ;A VISITAR;;;;R$ 5.725.000,00;
RMPRF;361;RAMAL DO SARGENTO PICANÇO;ESTRADA;PRIMÁRIO;BR-174;BR-174 - KM 123,15;Início do Ramal do Sargento Picanço - Br-174 - Km 123,15;Fim do Ramal do Sargento Picanço - Ramal da Boa Esperança - Km 4,61;PRESIDENTE FIGUEIREDO;RMM;4,61;;km;"  1°54'35.61""S";" 60° 3'35.69""W";"  1°55'3.30""S";" 60° 1'44.60""W";Ok;;;;;;;;;;;;;;;;;;;;;;;;;;;;;;;;;LEITO NATURAL;;SEINFRA ;A VISITAR;;;;R$ 11.525.000,00;
RMPRF;362;RAMAL DA COMUNIDADE BRAVA GENTE E URUBUI II;ESTRADA;PRIMÁRIO;BR-174;BR-174 - KM 126,67;Início do Ramal da comunidade Brava Gente e Urubuí II - Br-174 - Km 126,67;Fim do Ramal da Comunidade Brava Gente e Urubuí - Km 27,4 ;PRESIDENTE FIGUEIREDO;RMM;27,40;;km;"  1°52'52.15""S";" 60° 4'25.77""W";"  1°50'34.20""S";" 60°14'17.56""W";Ok;;;;;;;;;;;;;;;;;;;;;;;;;;;;;;;;;LEITO NATURAL;;SEINFRA ;A VISITAR;;;;R$ 68.500.000,00;
RMPRF;363;RAMAL DA COMUNIDADE JARDIM DA FLORESTA ;ESTRADA;PRIMÁRIO;BR-174;BR-174 - KM 126,68;Início do Ramal da Comunidade Jardim Floresta - Br-174 - Km 126,68;Fim do Ramal da Comunidade Jardim Floresta - Km 19,3;PRESIDENTE FIGUEIREDO;RMM;19,30;;km;"  1°52'51.23""S";" 60° 4'25.09""W";"  1°49'12.35""S";" 59°56'9.21""W";Ok;;;;;;;;;;;;;;;;;;;;;;;;;;;;;;;;;LEITO NATURAL;;SEINFRA ;A VISITAR;;;;R$ 48.250.000,00;
RMPRF;364;RAMAL DO CASTANHAL ;ESTRADA;PRIMÁRIO;BR-174;BR-174 - KM 133,34;Início do Ramal do Castanhal - Br-174 - Km 133,34;Fim do Ramal do Castanhal - Km 33,8;PRESIDENTE FIGUEIREDO;RMM;33,80;;km;"  1°50'22.00""S";" 60° 6'49.56""W";"  1°39'36.89""S";" 59°58'35.23""W";Ok;;;;;;;;;;;;;;;;;;;;;;;;;;;;;;;;;LEITO NATURAL;;SEINFRA ;VISITADO;;;;R$ 84.500.000,00;
RMPRF;365;RAMAL DA COMUNIDADE CANASTRA I E II ;ESTRADA;PRIMÁRIO;BR-174;BR-174 - KM 136,68;Início do Ramal da Comunidade Canastra I e II - Br-174 - Km 136,68;Fim do Ramal da Comunidade Canastra I e II - Km 9,51;PRESIDENTE FIGUEIREDO;RMM;9,51;;km;"  1°49'23.88""S";" 60° 8'18.74""W";"  1°47'56.81""S";" 60° 4'18.60""W";Ok;;;;;;;;;;;;;;;;;;;;;;;;;;;;;;;;;LEITO NATURAL;;SEINFRA ;A VISITAR;;;;R$ 23.775.000,00;
RMPRF;366;RAMAL DA COMUNIDADE DO RIO PARDO E RIO CANOAS;ESTRADA;PRIMÁRIO;BR-174;BR-174 - KM 138,57;Início do Ramal da Comunidade do Rio Pardo e Rio Canoas - Km 138,57;Fim do Ramal da Comunidade Rio pardo e Rio Canoas - Km 30,2 ;PRESIDENTE FIGUEIREDO;RMM;30,20;;km;"  1°48'33.09""S";" 60° 8'48.20""W";"  1°47'14.64""S";" 60°21'26.06""W";Ok;;;;;;;;;;;;;;;;;;;;;;;;;;;;;;;;;LEITO NATURAL;;SEINFRA ;A VISITAR;;;;R$ 75.500.000,00;
RMPRF;367;RAMAL DA COMUNIDADE SÃO SEBASTIÃO ;ESTRADA;PRIMÁRIO;BR-174;BR-174 - KM 143,6;Início do Ramal da Comunidade São Sebastião - Br-174 - Km 143,6;Fim do Ramal da Comunidade São Sebastião - Km 0,62 ;PRESIDENTE FIGUEIREDO;RMM;0,62;;km;"  1°45'52.48""S";" 60° 8'39.18""W";"  1°46'3.00""S";" 60° 8'50.00""W";Ok;;;;;;;;;;;;;;;;;;;;;;;;;;;;;;;;;LEITO NATURAL;;SEINFRA ;A VISITAR;;;;R$ 1.550.000,00;
RMPRF;368;RAMAL DA COMUNIDADE PONTA DE PEDRA;ESTRADA;PRIMÁRIO;BR-174;BR-174 - KM 148;Início do Ramal da Comunidade Ponta de Pedra - Br-174 - Km 148;Fim do Ramal da Comunidade Ponta de Pedra - Km 0,1;PRESIDENTE FIGUEIREDO;RMM;0,10;;km;"  1°43'41.34""S";" 60° 9'13.42""W";"  1°43'42.04""S";" 60° 9'11.41""W";Ok;;;;;;;;;;;;;;;;;;;;;;;;;;;;;;;;;LEITO NATURAL;;SEINFRA ;A VISITAR;;;;R$ 250.000,00;
RMPRF;369;RAMAL DA COMUNIDADE TERRA SANTA;ESTRADA;PRIMÁRIO;BR-174;BR-174 - KM 152;Início do Ramal da Comunidade Terra Santa - Br-174 - Km 152;Fim do Ramal da Comunidade Terra Santa - Km 10;PRESIDENTE FIGUEIREDO;RMM;10,00;;km;"  1°41'25.10""S";" 60° 9'30.26""W";"  1°40'52.77""S";" 60° 5'26.10""W";Ok;;;;;;;;;;;;;;;;;;;;;;;;;;;;;;;;;LEITO NATURAL;;SEINFRA ;A VISITAR;;;;R$ 25.000.000,00;
RMPRF;370;RAMAL ÁGUA AZUL ;ESTRADA;PRIMÁRIO;BR-174;BR-174 - KM 155;Início do Ramal Água Azul - Br-174 - Km 155;Fim do Ramal Água Azul - Km 6,93;PRESIDENTE FIGUEIREDO;RMM;6,93;;km;"  1°38'43.37""S";" 60°14'34.49""W";"  1°38'6.08""S";" 60°11'21.77""W";Ok;;;;;;;;;;;;;;;;;;;;;;;;;;;;;;;;;LEITO NATURAL;;SEINFRA ;A VISITAR;;;;R$ 17.325.000,00;
RMPRF;371;RAMAL SERRA DO SOL ;ESTRADA;PRIMÁRIO;BR-174;BR-174 - KM 160,92;Início do Ramal Serra do Sol - Br-174 - Km 160,92 ;Fim do Ramal Serra do Sol - Km 18,8;PRESIDENTE FIGUEIREDO;RMM;18,80;;km;"  1°35'12.66""S";" 60°12'46.20""W";"  1°40'1.92""S";" 60°20'21.77""W";Ok;;;;;;;;;;;;;;;;;;;;;;;;;;;;;;;;;LEITO NATURAL;;SEINFRA ;A VISITAR;;;;R$ 47.000.000,00;
RMPRF;372;RAMAL RUMO CERTO;ESTRADA;PRIMÁRIO;BR-174;BR-174 - KM 161,23;Início do Ramal Rumo Certo - Br-174 - Km 161,23 ;Fim do Ramal Rumo Certo - Km 6,85;PRESIDENTE FIGUEIREDO;RMM;6,85;;km;"  1°34'54.60""S";" 60°12'54.56""W";"  1°32'36.75""S";" 60°10'24.26""W";Ok;;;;;;;;;;;;;;;;;;;;;;;;;;;;;;;;;LEITO NATURAL;;SEINFRA ;A VISITAR;;;;R$ 17.125.000,00;
RMPRF;373;RAMAL DA COMUNIDADE NOVA GALILEIA;ESTRADA;PRIMÁRIO;BR-174;BR-174 - KM 170,77;Início do Ramal da Comunidade Nova Galileia - Br-174 - Km 170,77;Fim do Ramal da Comunidade Nova Galileia - Km 12,3;PRESIDENTE FIGUEIREDO;RMM;12,30;;km;"  1°30'18.83""S";" 60°15'14.84""W";"  1°32'15.31""S";" 60°20'22.41""W";Ok;;;;;;;;;;;;;;;;;;;;;;;;;;;;;;;;;LEITO NATURAL;;SEINFRA ;A VISITAR;;;;R$ 30.750.000,00;
RMPRF;374;RAMAL DO GOIANO;ESTRADA;PRIMÁRIO;BR-174;BR-174 - KM 172,57;Início do Ramal do Goiano - Br-174 - Km 172,5;Fim do Ramal do Goiano - Km 2,1 ;PRESIDENTE FIGUEIREDO;RMM;2,10;;km;"  1°29'28.79""S";" 60°15'49.72""W";"  1°28'41.12""S";" 60°15'6.06""W";Ok;;;;;;;;;;;;;;;;;;;;;;;;;;;;;;;;;LEITO NATURAL;;SEINFRA ;A VISITAR;;;;R$ 5.250.000,00;
RMPRF;375;RAMAL DA ESTRELA;ESTRADA;PRIMÁRIO;BR-174;BR-174 - KM 171,11;Início do Ramal da Estrela - Br-174 - Km 171,11;Fim do Ramal da Estrela - Km 2,43;PRESIDENTE FIGUEIREDO;RMM;2,43;;km;"  1°30'9.97""S";" 60°15'20.42""W";"  1°29'36.47""S";" 60°14'20.37""W";Ok;;;;;;;;;;;;;;;;;;;;;;;;;;;;;;;;;LEITO NATURAL;;SEINFRA ;A VISITAR;;;;R$ 6.075.000,00;
RMPRF;376;RAMAL DA COMUNIDADE NOVO JERUSA;ESTRADA;PRIMÁRIO;BR-174 ;BR-174 - KM 174,35;Início do Ramal da Comunidade Nova Jerusalém - Br-174 - Km 174,35;Fim do Ramal da Comunidade Nova Jerusalém - Km 1,1;PRESIDENTE FIGUEIREDO;RMM;1,10;;km;"  1°28'39.71""S";" 60°16'24.45""W";"  1°28'25.44""S";" 60°16'9.31""W";Ok;;;;;;;;;;;;;;;;;;;;;;;;;;;;;;;;;LEITO NATURAL;;SEINFRA ;A VISITAR;;;;R$ 2.750.000,00;
RMPRF;377;RAMAL DO PAULISTA ;ESTRADA;PRIMÁRIO;BR-174;BR-174 - KM 174,84;Início do Ramal do Paulista - Br-174 - Km - 174,84;Fim do Ramal do Paulista - Km 22,6;PRESIDENTE FIGUEIREDO;RMM;22,60;;km;"  1°28'26.57""S";" 60°16'33.67""W";"  1°18'26.12""S";" 60°13'39.29""W";Ok;;;;;;;;;;;;;;;;;;;;;;;;;;;;;;;;;LEITO NATURAL;;SEINFRA ;A VISITAR;;;;R$ 56.500.000,00;
RMPRF;378;RAMAL DO LOPES FILHO ;ESTRADA;PRIMÁRIO;BR-174;BR-174 - KM 177,04;Início do Ramal do Lopes Filho - Br-174 - Km 177,04;Fim do Ramal do Lopes Filho - Km 5;PRESIDENTE FIGUEIREDO;RMM;5,00;;km;"  1°27'34.62""S";" 60°17'21.45""W";"  1°29'15.92""S";" 60°17'32.90""W";Ok;;;;;;;;;;;;;;;;;;;;;;;;;;;;;;;;;LEITO NATURAL;;SEINFRA ;A VISITAR;;;;R$ 12.500.000,00;
RMPRF;379;RAMAL DA NONA;ESTRADA;PRIMÁRIO;BR-174;BR-174 - KM 179,43;Início do Ramal da Nona - Br-174 - Km 179,43;Fim do Ramal da Nona - Km 6,64;PRESIDENTE FIGUEIREDO;RMM;6,64;;km;"  1°26'27.36""S";" 60°17'59.53""W";"  1°29'0.32""S";" 60°20'22.20""W";Ok;;;;;;;;;;;;;;;;;;;;;;;;;;;;;;;;;LEITO NATURAL;;SEINFRA ;A VISITAR;;;;R$ 16.600.000,00;
RMPRF;380;RAMAL DO SERRAGRO;ESTRADA;PRIMÁRIO;BR-174;BR-174 - KM 195,29;Início do Ramal do Serragro - Br-174 - Km 195,29 ;Fim do Ramal do Serragro - Km 16,8;PRESIDENTE FIGUEIREDO;RMM;16,80;;km;"  1°19'40.59""S";" 60°22'54.74""W";"  1°20'19.20""S";" 60°29'37.84""W";Ok;;;;;;;;;;;;;;;;;;;;;;;;;;;;;;;;;LEITO NATURAL;;SEINFRA ;A VISITAR;;;;R$ 42.000.000,00;
RMPRF;381;RAMAL DO ROBERTINHO;ESTRADA;PRIMÁRIO;BR-174;BR-174 - KM 197,5;Início do Ramal do Robertinho - Br-174 - Km 197,5;Fim do Ramal do Robertinho - Km 8,35;PRESIDENTE FIGUEIREDO;RMM;8,35;;km;"  1°18'38.43""S";" 60°23'30.38""W";"  1°16'11.73""S";" 60°20'56.11""W";Ok;;;;;;;;;;;;;;;;;;;;;;;;;;;;;;;;;LEITO NATURAL;;SEINFRA ;A VISITAR;;;;R$ 20.875.000,00;
RMPRF;382;ESTRADA DA MINERAÇÃO TABOCA;ESTRADA;PRIMÁRIO;BR-174;BR-174 - KM 244,58;Início da Estrada da Mineração Taboca - Br-174 - Km 244,58;Fim da Estrada da Mineração Taboca - Km 40,3;PRESIDENTE FIGUEIREDO;RMM;40,30;;km;"  0°54'37.29""S";" 60°30'57.61""W";"  0°46'44.14""S";" 60°12'36.52""W";Ok;;;;;;;;;;;;;;;;;;;;;;;;;;;;;;;;;LEITO NATURAL;;SEINFRA ;A VISITAR;;;;R$ 100.750.000,00;
RMPRF;383;RAMAL DA COMUNIDADE MARUAGA;ESTRADA;PRIMÁRIO;AM-240;AM-240 - KM 7,37;Início do Ramal da Comunidade Maruaga - Ao Lado do Restaurante Jatobá - Am-240 - Km 7,37;Fim do Ramal da Comunidade Maruaga - Km 4,38;PRESIDENTE FIGUEIREDO;RMM;4,38;;km;"  2° 2'41.68""S";" 59°58'23.34""W";"  2° 2'0.55""S";" 59°57'37.13""W";Ok;;;;;;;;;;;;;;;;;;;;;;;;;;;;;;;;;LEITO NATURAL;;SEINFRA ;A VISITAR;;;;R$ 10.950.000,00;
RMPRF;384;RAMAL COMUNIDADE MARAGOARA;ESTRADA;PRIMÁRIO;AM-240;AM-240 - KM 7,64;Início do Ramal da Comunidade Maragoara - Am-354 - Km 7,64;Fim do Ramal da Comunidade Maragoara - Km 2,68;PRESIDENTE FIGUEIREDO;RMM;2,68;;km;"  2° 2'43.23""S";" 59°58'15.49""W";"  2° 1'28.19""S";" 59°58'2.67""W";Ok;;;;;;;;;;;;;;;;;;;;;;;;;;;;;;;;;LEITO NATURAL;;SEINFRA ;A VISITAR;;;;R$ 6.700.000,00;
RMPRF;385;ESTRADA DE ACESSO AM-240;ESTRADA;PRIMÁRIO;AM-240;AM-240 - KM 7,49;Início da Estrada de Acesso a Br-174 - Km 104,23;Fim do Ramal do Acesso Am-240 - Km 4,47;PRESIDENTE FIGUEIREDO;RMM;6,17;;km;"  2° 4'51.12""S";" 60° 0'26.21""W";"  2° 2'44.73""S";" 59°58'20.39""W";Ok;;;;;;;;;;;;;;;;;;;;;;;;;;;;;;;;;LEITO NATURAL;;SEINFRA ;A VISITAR;;;;R$ 15.425.000,00;
RMPRF;386;RAMAL DO kM 9 - AM-240 ;ESTRADA;PRIMÁRIO;AM-240;AM-240 - KM 9,55;Início do Ramal do Km 9 - Am-240 - Km 9,55;Fim do Ramal do Km 9 - Am-240 - Km 2,21;PRESIDENTE FIGUEIREDO;RMM;2,21;;km;"  2° 3'5.36""S";" 59°57'17.14""W";"  2° 4'11.23""S";" 59°57'20.54""W";Ok;;;;;;;;;;;;;;;;;;;;;;;;;;;;;;;;;LEITO NATURAL;;SEINFRA ;A VISITAR;;;;R$ 5.525.000,00;
RMPRF;387;RAMAL DO kM 10 - AM-240;ESTRADA;PRIMÁRIO;AM-240;AM-240 - KM 10,1;Início do Ramal do Km 10 - Am-240 - Km 10,1;Fim do Ramal do Km 10 - Am-240 - Km 2,76;PRESIDENTE FIGUEIREDO;RMM;2,76;;km;"  2° 3'10.85""S";" 59°57'0.71""W";"  2° 4'21.90""S";" 59°56'25.54""W";Ok;;;;;;;;;;;;;;;;;;;;;;;;;;;;;;;;;LEITO NATURAL;;SEINFRA ;A VISITAR;;;;R$ 6.900.000,00;
RMPRF;388;RAMAL MARCOS FREIRE 1;ESTRADA;PRIMÁRIO;AM-240;AM-240 - KM 14,16;Início do Ramal do Marcos Freire 1 - Am-240 - Km 14,16;Fim do Ramal do Marcos Freire 1 - Recanto Iracema - Km 11,2;PRESIDENTE FIGUEIREDO;RMM;11,20;;km;"  2° 2'57.04""S";" 59°54'51.26""W";"  2° 7'20.80""S";" 59°52'2.58""W";Ok;;;;;;;;;;;;;;;;;;;;;;;;;;;;;;;;;LEITO NATURAL;;SEINFRA ;A VISITAR;;;;R$ 28.000.000,00;
RMPRF;389;SUB. RAMAL  MARCOS FREIE 1 - kM 8;ESTRADA;PRIMÁRIO;AM-240;RAMAL MARCOS FREIRE 1 - KM 8;Início do Sub.Ramal Marcos Freire 1 - Ramal do Marcos Freire 1 - Km 8;Fim do Sub.Ramal do Marcos Freire 1 - Km 8 - Km 3;PRESIDENTE FIGUEIREDO;RMM;3,00;;km;"  2° 6'3.38""S";" 59°53'0.54""W";"  2° 6'24.02""S";" 59°51'42.96""W";Ok;;;;;;;;;;;;;;;;;;;;;;;;;;;;;;;;;LEITO NATURAL;;SEINFRA ;A VISITAR;;;;R$ 7.500.000,00;
RMPRF;390;RAMAL MARCOS FREIRE 2;ESTRADA;PRIMÁRIO;AM-240;AM-240 - KM 14,34;Início do Ramal Marcos Freire 2 - Am-240 - Km 14,34;Fim do Ramal do Marcos Freire 2 - Km 6,82;PRESIDENTE FIGUEIREDO;RMM;6,82;;km;"  2° 2'55.29""S";" 59°54'45.53""W";"  2° 0'4.44""S";" 59°54'41.09""W";Ok;;;;;;;;;;;;;;;;;;;;;;;;;;;;;;;;;LEITO NATURAL;;SEINFRA ;A VISITAR;;;;R$ 17.050.000,00;
RMPRF;391;RAMAL DA COMUNIDADE NOVA UNIÃO;ESTRADA;PRIMÁRIO;AM-240;AM-240 - KM 19,50;Início do Ramal da Comunidade Nova União - Am-240 - Km 19,55;Fim do Ramal da Comunidade Nova União - Km 11,5;PRESIDENTE FIGUEIREDO;RMM;11,50;;km;"  2° 2'50.49""S";" 59°52'1.20""W";"  1°59'3.21""S";" 59°54'27.66""W";Ok;;;;;;;;;;;;;;;;;;;;;;;;;;;;;;;;;LEITO NATURAL;;SEINFRA ;A VISITAR;;;;R$ 28.750.000,00;
RMPRF;392;RAMAL DO kM 21 - AM-240;ESTRADA;PRIMÁRIO;AM-240;AM-240 - KM 21,94;Início do Ramal do Km 21 - Am-240 - Km 21,94;Fim do Ramal do Km 21 - Am-240 - Km 0,74;PRESIDENTE FIGUEIREDO;RMM;0,74;;km;"  2° 2'28.93""S";" 59°50'48.91""W";"  2° 2'50.76""S";" 59°50'54.03""W";Ok;;;;;;;;;;;;;;;;;;;;;;;;;;;;;;;;;LEITO NATURAL;;SEINFRA ;A VISITAR;;;;R$ 1.850.000,00;
RMPRF;393;RAMAL COMUNIDADE SÃO FRANCISCO DE ASSIS;ESTRADA;PRIMÁRIO;AM-240;AM-240 - KM 25,54;Início do Ramal da Comunidade São Francisco de Assis - Am-240 - Km 25,54;Fim do Ramal da Comunidade São Francisco de Assis - Km 4,74;PRESIDENTE FIGUEIREDO;RMM;4,74;;km;"  2° 2'32.95""S";" 59°48'54.17""W";"  2° 0'43.93""S";" 59°49'33.31""W";Ok;;;;;;;;;;;;;;;;;;;;;;;;;;;;;;;;;LEITO NATURAL;;SEINFRA ;A VISITAR;;;;R$ 11.850.000,00;
RMPRF;394;RAMAL DA COMUNIDADE SÃO SALVADOR ;ESTRADA;PRIMÁRIO;AM-240;AM-240 - KM 27,1;Início do Ramal da Comunidade São Salvador - Am-240 - Km 27,1;Fim do Ramal da Comunidade São Salvador - Km 10,6;PRESIDENTE FIGUEIREDO;RMM;10,60;;km;"  2° 2'38.11""S";" 59°48'4.59""W";"  2° 8'4.82""S";" 59°48'43.15""W";Ok;;;;;;;;;;;;;;;;;;;;;;;;;;;;;;;;;LEITO NATURAL;;SEINFRA ;A VISITAR;;;;R$ 26.500.000,00;
RMPRF;395;RAMAL A COMUNIDADE CRISTO REI;ESTRADA;PRIMÁRIO;AM-240;AM-240 - KM 29,10;Início do Ramal da Comunidade Cristo Rei - Am-240 - Km 29,10;Fim do Ramal da Comunidade Cristo Rei - Km 10,5;PRESIDENTE FIGUEIREDO;RMM;10,50;;km;"  2° 2'38.42""S";" 59°47'0.07""W";"  2° 6'56.74""S";" 59°45'8.42""W";Ok;;;;;;;;;;;;;;;;;;;;;;;;;;;;;;;;;LEITO NATURAL;;SEINFRA ;A VISITAR;;;;R$ 26.250.000,00;
RMPRF;396;RAMAL OGA CRISTO REI ;ESTRADA;PRIMÁRIO;AM-240;AM-240 - KM 29,24;Início do Ramal Oga Cristo Rei - Am-240 - Km 29,24;Fim do Ramal Oga Cristo Rei - Km 5,92;PRESIDENTE FIGUEIREDO;RMM;5,92;;km;"  2° 2'37.00""S";" 59°46'55.74""W";"  1°59'30.04""S";" 59°46'46.74""W";Ok;;;;;;;;;;;;;;;;;;;;;;;;;;;;;;;;;LEITO NATURAL;;SEINFRA ;A VISITAR;;;;R$ 14.800.000,00;
RMPRF;397;RAMAL DA COMUNIDADE CRISTÃ;ESTRADA;PRIMÁRIO;AM-240;AM-240 - KM 32,78;Início do Ramal da Comunidade Cristã - Am-240 - Km 32,78;Fim do Ramal da Comunidade Cristã - Km 4,86;PRESIDENTE FIGUEIREDO;RMM;4,86;;km;"  2° 2'14.95""S";" 59°45'0.75""W";"  2° 0'35.94""S";" 59°43'36.03""W";Ok;;;;;;;;;;;;;;;;;;;;;;;;;;;;;;;;;LEITO NATURAL;;SEINFRA ;A VISITAR;;;;R$ 12.150.000,00;
RMPRF;398;RAMAL DA COMUNIDADE NOVO HORIZONTE ;ESTRADA;PRIMÁRIO;AM-240;AM-240 - KM 37,51;Início do Ramal da Comunidade Novo Horizonte - Am-240 - Km 37,51;Fim do Ramal da Comunidade Novo Horizonte - Km 8,20;PRESIDENTE FIGUEIREDO;RMM;8,20;;km;"  2° 2'49.73""S";" 59°42'45.48""W";"  2° 0'3.16""S";" 59°44'25.05""W";Ok;;;;;;;;;;;;;;;;;;;;;;;;;;;;;;;;;LEITO NATURAL;;SEINFRA ;A VISITAR;;;;R$ 20.500.000,00;
RMPRF;399;RAMAL DA MORENA;ESTRADA;PRIMÁRIO;AM-240;AM-240 - KM 73,22;Início do Ramal da Morena - Am-240 - Km 73,22;Fim do Ramal da Morena - Porto da Morena - Km 33,9;PRESIDENTE FIGUEIREDO;RMM;33,90;;km;"  1°55'51.19""S";" 59°28'39.47""W";"  2° 7'26.11""S";" 59°19'28.49""W";Ok;;;;;;;;;;;;;;;;;;;;;;;;;;;;;;;;;LEITO NATURAL;;SEINFRA ;A VISITAR;;;;R$ 84.750.000,00;
RMPRF;400;SUB. RAMAL DA MORENA - kM 33;ESTRADA;PRIMÁRIO;AM-240;AM-240 - KM 33;Início do Sub.Ramal da Morena - Km 33;Fim do Sub.Ramal do Ramal da Morena Km 33 - Km 6,38;PRESIDENTE FIGUEIREDO;RMM;6,38;;km;"  2° 6'57.76""S";" 59°19'24.21""W";"  2° 4'34.18""S";" 59°18'16.80""W";Ok;;;;;;;;;;;;;;;;;;;;;;;;;;;;;;;;;LEITO NATURAL;;SEINFRA ;A VISITAR;;;;R$ 15.950.000,00;
RMPRF;401;RAMAL COMUNIDADE FÉ EM DEUS;ESTRADA;PRIMÁRIO;AM-240;AM-240 - KM 67,93;Início do Ramal da Comunidade Fé em Deus - Am-240 - Km 67,93;Fim do Ramal da Comunidade Fé em Deus - Km 1,63;PRESIDENTE FIGUEIREDO;RMM;1,63;;km;"  1°57'28.22""S";" 59°29'24.56""W";"  1°56'58.30""S";" 59°28'52.63""W";Ok;;;;;;;;;;;;;;;;;;;;;;;;;;;;;;;;;LEITO NATURAL;;SEINFRA ;A VISITAR;;;;R$ 4.075.000,00;
RMPRF;402;RAMAL DA COMUNIDADE SÃO MIGUEL ;ESTRADA;PRIMÁRIO;AM-240;AM-240 - KM 51;Início do Ramal da Comunidade São Miguel - Am-240 - Km 51;Fim do Ramal da Comunidade São Miguel - Km 6,81;PRESIDENTE FIGUEIREDO;RMM;6,81;;km;"  2° 1'59.50""S";" 59°36'8.08""W";"  2° 5'10.11""S";" 59°35'36.19""W";Ok;;;;;;;;;;;;;;;;;;;;;;;;;;;;;;;;;LEITO NATURAL;;SEINFRA ;A VISITAR;;;;R$ 17.025.000,00;
RMRPE;403;RAMAL BONS AMIGOS ;ESTRADA;PRIMÁRIO;AM-010;AM-010 - KM 56,7 ;Início do Ramal Bons Amigos - Am-010 - Km 56,7;Fim do Ramal Bons Amigos - Km 0,66 ;RIO PRETO DA EVA ;RMM;0,66;;km;"  2°44'6.90""S";" 59°52'13.93""W";"  2°43'47.62""S";" 59°52'21.77""W";Ok;;;;;;;;;;;;;;;;;;;;;;;;;;;;;;;;;LEITO NATURAL;;SEINFRA ;A VISITAR;;;;R$ 1.650.000,00;
RMRPE;404;RAMAL DO kM 63 - AM-010;ESTRADA;PRIMÁRIO;AM-010;AM-010 - KM 63,3 ;Início do Ramal do Km 63 - Am-010 - Km 63,3;Fim do Ramal do Km 63 - Km 1,47 ;RIO PRETO DA EVA ;RMM;1,40;;km;"  2°44'4.25""S";" 59°49'20.51""W";"  2°43'29.05""S";" 59°49'0.31""W";Ok;;;;;;;;;;;;;;;;;;;;;;;;;;;;;;;;;LEITO NATURAL;;SEINFRA ;A VISITAR;;;;R$ 3.500.000,00;
RMRPE;405;RAMAL DO kM 67 - AM-010;ESTRADA;PRIMÁRIO;AM-010 ;AM-010 - KM 67,5;Início do Ramal do Km 63 - Am-010 - Km 63,5;Fim do Ramal do Km 67 - Km 3,7 ;RIO PRETO DA EVA ;RMM;3,70;;km;"  2°44'2.41""S";" 59°47'20.73""W";"  2°42'15.05""S";" 59°46'36.38""W";Ok;;;;;;;;;;;;;;;;;;;;;;;;;;;;;;;;;LEITO NATURAL;;SEINFRA ;A VISITAR;;;;R$ 9.250.000,00;
RMRPE;406;RAMAL DO kM 71 - AM-010;ESTRADA;PRIMÁRIO;AM-010;AM-010 - KM 71,6;Início do Ramal do Km 71 - Am-010 - Km 71,6;Fim do Ramal do Km 71 - Km 1,7;RIO PRETO DA EVA ;RMM;1,70;;km;"  2°44'28.74""S";" 59°45'25.01""W";"  2°45'19.67""S";" 59°45'27.03""W";Ok;;;;;;;;;;;;;;;;;;;;;;;;;;;;;;;;;LEITO NATURAL;;SEINFRA ;A VISITAR;;;;R$ 4.250.000,00;
RMRPE;407;RAMAL DO PARAÍSO VERDE ;ESTRADA;PRIMÁRIO;AM-010;AM-010 - KM 72,8;Início do Ramal do Paraíso Verde - Am-010 - Km 72,8;Fim do Ramal do Paraíso Verde - Km 3,4;RIO PRETO DA EVA ;RMM;3,40;;km;"  2°44'23.55""S";" 59°45'3.31""W";"  2°43'10.40""S";" 59°46'11.69""W";Ok;;;;;;;;;;;;;;;;;;;;;;;;;;;;;;;;;LEITO NATURAL;;SEINFRA ;A VISITAR;;;;R$ 8.500.000,00;
RMRPE;408;SUB. RAMAL 01 - RAMAL SULIVAN PORTELA ;ESTRADA;PRIMÁRIO;RAMAL SULIVAN PORTELA;RAMAL SULIVAN PORTELA - KM 9,1 ;Início do Sub.Ramal 01 - Ramal Sulivan Portela - Km 9,4 ;Fim do Sub.Ramal 01 -  Ramal mdo Silivan Portela - Km 16 ;RIO PRETO DA EVA ;RMM;16,00;;km;"  2°44'43.18""S";" 59°37'58.86""W";"  2°40'59.20""S";" 59°34'3.15""W";Ok;;;;;;;;;;;;;;;;;;;;;;;;;;;;;;;;;LEITO NATURAL;;SEINFRA ;A VISITAR;;;;R$ 40.000.000,00;
RMRPE;409;SUB. RAMAL 02 - RAMAL SULIVAN PORTELA ;ESTRADA;PRIMÁRIO;RAMAL SULIVAN PORTELA;SUB.RAMAL 01 - RAMAL SULIVAN PORTELA - KM 9,2;Início do Sub.Ramal 02 - Ramal Sulivan Portela - Sub.Ramal 01 - Km 2;Fim do Sub.Ramal 02 - Ramal Sulivan Portela - Km 7,88;RIO PRETO DA EVA ;RMM;7,80;;km;"  2°43'50.08""S";" 59°37'32.18""W";"  2°40'46.55""S";" 59°36'9.17""W";Ok;;;;;;;;;;;;;;;;;;;;;;;;;;;;;;;;;LEITO NATURAL;;SEINFRA ;A VISITAR;;;;R$ 19.500.000,00;
RMRPE;410;SUB. RAMAL 03 - RAMAL SULIVAN PORTELA ;ESTRADA;PRIMÁRIO;RAMAL SULIVAN PORTELA;RAMAL SULIVAN PORTELA - KM 16,5;Início do Sub.Ramal 03 - Ramal Sulivan Portela - Km 16,5;Fim do Sub.Ramal 03 - Ramal Sulivan Portela - Km 3,9;RIO PRETO DA EVA ;RMM;3,90;;km;"  2°47'16.55""S";" 59°35'59.68""W";"  2°46'38.76""S";" 59°34'1.61""W";Ok;;;;;;;;;;;;;;;;;;;;;;;;;;;;;;;;;LEITO NATURAL;;SEINFRA ;A VISITAR;;;;R$ 9.750.000,00;
RMRPE;411;SUB. RAMAL 04 - RAMAL SULIVAN PORTELA ;ESTRADA;PRIMÁRIO;RAMAL SULIVAN PORTELA;RAMAL SULIVAN PORTELA - KM 20;Início do Sub.Ramal 04 - Ramal do Sulivan Portela - Km 20;Fim do Sub.Ramal 04 - Ramal Sulivan Portela - Km 2,1 ;RIO PRETO DA EVA ;RMM;2,10;;km;"  2°48'27.67""S";" 59°35'20.45""W";"  2°49'4.61""S";" 59°36'15.07""W";Ok;;;;;;;;;;;;;;;;;;;;;;;;;;;;;;;;;LEITO NATURAL;;SEINFRA ;A VISITAR;;;;R$ 5.250.000,00;
RMRPE;412;ESTRADA ZF-7 B;ESTRADA;PRIMÁRIO;AM-010 ;AM-010 - KM 87,9;Início da Estrada ZF-7 B - Am-010 - Km 87,9;Fim da Estrada ZF- 7 B - Km 18,7 ;RIO PRETO DA EVA ;RMM;18,70;;km;"  2°39'39.40""S";" 59°39'22.25""W";"  2°33'27.69""S";" 59°41'22.23""W";Ok;;;;;;;;;;;;;;;;;;;;;;;;;;;;;;;;;LEITO NATURAL;;SEINFRA ;A VISITAR;;;;R$ 46.750.000,00;
RMRPE;413;RAMAL DO kM 83 - AM-010;ESTRADA;PRIMÁRIO;AM-010;AM-010 - KM 83,4; Início do Ramal do Km 83 - Am-010 - Km 83,40;Fim do Ramal do Km 83 - Km 83,4 - estrada da ZF-7 B;RIO PRETO DA EVA ;RMM;6,70;;km;"  2°41'22.67""S";" 59°40'53.33""W";"  2°39'9.49""S";" 59°40'1.97""W";Ok;;;;;;;;;;;;;;;;;;;;;;;;;;;;;;;;;LEITO NATURAL;;SEINFRA ;A VISITAR;;;;R$ 16.750.000,00;
RMRPE;414;RAMAL DO kM 81 - AM-010;ESTRADA;PRIMÁRIO;AM-010 ;AM-010  - KM 81,05;Início do Ramal do Km 81 - ao Lado do Mercantil Real - Km 81,05;Fim do Ramal do Km 81 - Km 15 ;RIO PRETO DA EVA ;RMM;15,00;;km;"  2°35'28.39""S";" 59°45'7.54""W";"  2°41'53.91""S";" 59°41'59.34""W";Ok;;;;;;;;;;;;;;;;;;;;;;;;;;;;;;;;;LEITO NATURAL;;SEINFRA ;A VISITAR;;;;R$ 37.500.000,00;
RMRPE;415;RAMAL DO BAIXO RIO ;ESTRADA;PRIMÁRIO;AM-010;AM-010 - KM 80,1 ;Início do Ramal do Baixo Rio - Am-010 - ao Lado do Posto Equador - Km 80,1;Fim do Ramal do Baixo Rio - Km 14,2 ;RIO PRETO DA EVA ;RMM;14,20;;km;"  2°41'59.27""S";" 59°42'26.62""W";"  2°47'30.55""S";" 59°37'56.77""W";Ok;;;;;;;;;;;;;;;;;;;;;;;;;;;;;;;;;LEITO NATURAL;;SEINFRA ;A VISITAR;;;;R$ 35.500.000,00;
RMRPE;416;RAMAL DO kM 79 - AM-010;ESTRADA;PRIMÁRIO;AM-010;AM-010 - KM 79,3;Início do Km 79 - Am-010 - Km 79,3 ;Fim do Ramal do Km 79 - Km 10,1;RIO PRETO DA EVA ;RMM;10,10;;km;"  2°42'5.54""S";" 59°42'54.18""W";"  2°38'45.13""S";" 59°45'50.50""W";Ok;;;;;;;;;;;;;;;;;;;;;;;;;;;;;;;;;LEITO NATURAL;;SEINFRA ;A VISITAR;;;;R$ 25.250.000,00;
RMRPE;417;RAMAL DO IFIBRAM ;ESTRADA;PRIMÁRIO;AM-010;AM-010 - KM 85,9;Início do Ramal do Ifibram - Am-010 - Km 85,9 ;Fim do Ramal do IFibram - Km 8,6 ;RIO PRETO DA EVA ;RMM;8,60;;km;"  2°40'34.85""S";" 59°39'54.68""W";"  2°40'48.87""S";" 59°36'43.59""W";Ok;;;;;;;;;;;;;;;;;;;;;;;;;;;;;;;;;LEITO NATURAL;;SEINFRA ;A VISITAR;;;;R$ 21.500.000,00;
RMRPE;418;RAMAL DO kM 89 - AM-010;ESTRADA;PRIMÁRIO;AM-010;AM-010 - KM 89,9;Início do Ramal do Km 89 - ao Lado da Fabrica Ração Confiança  - Am-010 - Km 89,9;Fim do Ramal do Km 89 - Km 2,5;RIO PRETO DA EVA ;RMM;2,50;;km;"  2°38'58.12""S";" 59°38'39.36""W";"  2°39'54.49""S";" 59°38'1.42""W";Ok;;;;;;;;;;;;;;;;;;;;;;;;;;;;;;;;;LEITO NATURAL;;SEINFRA ;A VISITAR;;;;R$ 6.250.000,00;
RMRPE;419;RAMAL UNIÃO DAS VITÓRIAS;ESTRADA;PRIMÁRIO;AM-010;AM-010 - KM 91,4;Início do Ramal União das Vitórias - Igreja Assembleia de Deus - Am-010 - Km 91,4;Fim do Ramal da União das Vitórias - Km 5,1;RIO PRETO DA EVA ;RMM;5,10;;km;"  2°38'58.12""S";" 59°38'39.36""W";"  2°39'54.49""S";" 59°38'1.42""W";Ok;;;;;;;;;;;;;;;;;;;;;;;;;;;;;;;;;LEITO NATURAL;;SEINFRA ;A VISITAR;;;;R$ 12.750.000,00;
RMRPE;420;ESTRADA ZF-7 ;ESTRADA;PRIMÁRIO;AM-010 ;AM-010 - KM 93,5;Início do Estrada ZF- 7 - am-010 - Km 93,5;Fim do Estrada FZ - 7 - Km 40,9;RIO PRETO DA EVA ;RMM;40,90;;km;"  2°38'0.75""S";" 59°37'6.00""W";"  2°27'22.58""S";" 59°37'24.74""W";Ok;;;;;;;;;;;;;;;;;;;;;;;;;;;;;;;;;LEITO NATURAL;;SEINFRA ;VISITADO;;;;R$ 102.250.000,00;
RMRPE;421;RAMAL FÉ EM DEUS ;ESTRADA;PRIMÁRIO;AM-010;AM-010 - KM 93,9;Início do Ramal Fé em Deus - Am-010 - Km 93,9 ;Fim do Ramal Fé em Deus - Km 7,9;RIO PRETO DA EVA ;RMM;7,98;;km;"  2°37'58.79""S";" 59°36'50.80""W";"  2°41'21.53""S";" 59°36'1.96""W";Ok;;;;;;;;;;;;;;;;;;;;;;;;;;;;;;;;;LEITO NATURAL;;SEINFRA ;A VISITAR;;;;R$ 19.950.000,00;
RMRPE;422;SUB. RAMAL 02 - RAMAL DA IFIBRAM ;ESTRADA;PRIMÁRIO;RAMAL IFIBRAM;RAMAL IFIBRAM - KM 3,2 ;Início Sub.Ramal 02 - Ramal da Ifibram - Km 3,2 ;Fim do Sub.Ramal 02 - Ramal IFibram - Km 3,7;RIO PRETO DA EVA ;RMM;3,70;;km;"  2°41'24.75""S";" 59°38'55.82""W";"  2°39'57.24""S";" 59°38'1.04""W";Ok;;;;;;;;;;;;;;;;;;;;;;;;;;;;;;;;;LEITO NATURAL;;SEINFRA ;A VISITAR;;;;R$ 9.250.000,00;
RMRPE;423;ESTRADA ZF-8;ESTRADA;PRIMÁRIO;AM-010;AM-010 - KM  95,95;Início da Estrada ZF-8 - Am-010 - Km 95,95;Fim da Estrada ZF-8 - Km 26,4 ;RIO PRETO DA EVA ;RMM;26,40;;km;"  2°38'7.64""S";" 59°35'57.90""W";"  2°29'55.73""S";" 59°29'38.00""W";Ok;;;;;;;;;;;;;;;;;;;;;;;;;;;;;;;;;LEITO NATURAL;;SEINFRA ;A VISITAR;;;;R$ 66.000.000,00;
RMRPE;424;ESTRADA VELHA ;ESTRADA;PRIMÁRIO;AM-010;AM-010 - KM 98,1;Início da Estrada Velha - Am-010 - Km 98,1 ;Fim da Estrada Velha - Am-010 - Km 100,3  ;RIO PRETO DA EVA ;RMM;2,95;;km;"  2°38'47.83""S";" 59°35'5.74""W";"  2°39'20.02""S";" 59°34'4.94""W";Ok;;;;;;;;;;;;;;;;;;;;;;;;;;;;;;;;;LEITO NATURAL;;SEINFRA ;A VISITAR;;;;R$ 7.375.000,00;
RMRPE;425;RAMAL 15 DE NOVEMBRO;ESTRADA;PRIMÁRIO;AM-010 ;AM-010 - KM 101,3;Início do Ramal 15 de Novembro - Am-010 - Km 101,3 ;Fim do Ramal 15 de Novembro - Km 0,46;RIO PRETO DA EVA ;RMM;0,46;;km;"  2°39'52.64""S";" 59°33'57.92""W";"  2°39'47.76""S";" 59°33'44.61""W";Ok;;;;;;;;;;;;;;;;;;;;;;;;;;;;;;;;;LEITO NATURAL;;SEINFRA ;A VISITAR;;;;R$ 1.150.000,00;
RMRPE;426;RAMAL DO kM 101 - AM-010;ESTRADA;PRIMÁRIO;AM-010;AM-010 - KM 101,54;Início do Ramal do Km 101 - Am-010 - Km 101,54;Fim do Ramal do Km 101 - Km 1,8;RIO PRETO DA EVA ;RMM;1,80;;km;"  2°40'0.43""S";" 59°33'56.82""W";"  2°40'20.03""S";" 59°34'45.07""W";Ok;;;;;;;;;;;;;;;;;;;;;;;;;;;;;;;;;LEITO NATURAL;;SEINFRA ;A VISITAR;;;;R$ 4.500.000,00;
RMRPE;427;RAMAL DO SUCURIJU ;ESTRADA;PRIMÁRIO;AM-010;AM-010 - KM 102,4;Início do Ramal do Sucuriju - Am-010 - Km 102,4;Fim do Ramal do Sucuriju - Km 7,1;RIO PRETO DA EVA ;RMM;7,10;;km;"  2°37'24.85""S";" 59°32'5.51""W";"  2°40'25.59""S";" 59°33'46.65""W";Ok;;;;;;;;;;;;;;;;;;;;;;;;;;;;;;;;;LEITO NATURAL;;SEINFRA ;A VISITAR;;;;R$ 17.750.000,00;
RMRPE;428;RAMAL JANGADA II;ESTRADA;PRIMÁRIO;AM-010;AM-010 - KM 102,4;Início do Ramal Jangada II - Am-010 - Km 102,4;Fim do Ramal do Jangada II - Km 3;RIO PRETO DA EVA ;RMM;3,00;;km;"  2°40'26.25""S";" 59°33'46.61""W";"  2°41'10.22""S";" 59°34'51.22""W";Ok;;;;;;;;;;;;;;;;;;;;;;;;;;;;;;;;;LEITO NATURAL;;SEINFRA ;A VISITAR;;;;R$ 7.500.000,00;
RMRPE;429;RAMAL APARECIDA ;ESTRADA;PRIMÁRIO;AM-010;AM-010 - KM 104,1;Início do Ramal da Aparecida - Am-010 - Km 104,1;Fim do Ramal da Aparecida - Km 12 ;RIO PRETO DA EVA ;RMM;12,00;;km;"  2°40'36.92""S";" 59°33'0.61""W";"  2°36'14.83""S";" 59°29'23.29""W";Ok;;;;;;;;;;;;;;;;;;;;;;;;;;;;;;;;;LEITO NATURAL;;SEINFRA ;A VISITAR;;;;R$ 30.000.000,00;
RMRPE;430;ESTRADA ZF- 9 ;ESTRADA;PRIMÁRIO;AM-010;AM-010 - KM 107,5;Início da Estrada ZF- 9  - am-010 - Km 107,5;Fim da Estrada ZF-9 - Km 22,8;RIO PRETO DA EVA ;RMM;22,80;;km;"  2°41'42.94""S";" 59°31'33.28""W";"  2°39'37.61""S";" 59°22'21.43""W";Ok;;;;;;;;;;;;;;;;;;;;;;;;;;;;;;;;;LEITO NATURAL;;SEINFRA ;A VISITAR;;;;R$ 57.000.000,00;
RMRPE;431;RAMAL DO kM 108 - AM-010 ;ESTRADA;PRIMÁRIO;AM-010;AM-010 - KM 108;Início do Ramal do Km 108 - Am-010 - Km 108 ;Fim do Ramal do Km 108 - Km 1,27;RIO PRETO DA EVA ;RMM;1,27;;km;"  2°41'53.52""S";" 59°31'24.06""W";"  2°42'6.51""S";" 59°30'48.82""W";Ok;;;;;;;;;;;;;;;;;;;;;;;;;;;;;;;;;LEITO NATURAL;;SEINFRA ;A VISITAR;;;;R$ 3.175.000,00;
RMRPE;432;RAMAL DO PROCÓPIO ;ESTRADA;PRIMÁRIO;AM-010 ;AM-010 - KM 114,9 ;Início do Ramal do Procópio - Am-010 - Km 114,9;Fim do Ramal do Procópio - Km 18,65;RIO PRETO DA EVA ;RMM;18,65;;km;"  2°44'38.71""S";" 59°29'21.96""W";"  2°39'48.68""S";" 59°22'17.51""W";Ok;;;;;;;;;;;;;;;;;;;;;;;;;;;;;;;;;LEITO NATURAL;;SEINFRA ;A VISITAR;;;;R$ 46.625.000,00;
RMRPE;433;RAMAL ASA BRANCA ;ESTRADA;PRIMÁRIO;AM-010;AM-010 - KM 116,6;Início do Ramal Asa Branca - Am-010 - Km 116,66;Fim do Ramal do Asa Branca - Km 9,8;RIO PRETO DA EVA ;RMM;9,80;;km;"  2°45'27.27""S";" 59°29'19.60""W";"  2°49'8.72""S";" 59°31'56.61""W";Ok;;;;;;;;;;;;;;;;;;;;;;;;;;;;;;;;;LEITO NATURAL;;SEINFRA ;A VISITAR;;;;R$ 24.500.000,00;
RMRPE;434;RAMAL BELÉM;ESTRADA;PRIMÁRIO;AM-010;AM-010 - KM 118,9;Início do Ramal do Belém - Am-010 - Km 118,9;Fim do Ramal Belém - Km 10,5;RIO PRETO DA EVA ;RMM;10,50;;km;"  2°45'4.51""S";" 59°23'43.45""W";"  2°46'32.02""S";" 59°28'42.30""W";Ok;;;;;;;;;;;;;;;;;;;;;;;;;;;;;;;;;LEITO NATURAL;;SEINFRA ;A VISITAR;;;;R$ 26.250.000,00;
RMRPE;435;RAMAL DAS TORRES;ESTRADA;PRIMÁRIO;AM-010;AM-010 - KM 119,7;Início do Ramal das Torres - Am-010 - Km 119,7 ;Fim do Ramal das Torres - Km 1,32 ;RIO PRETO DA EVA ;RMM;1,32;;km;"  2°46'53.94""S";" 59°28'31.51""W";"  2°47'18.08""S";" 59°28'54.55""W";Ok;;;;;;;;;;;;;;;;;;;;;;;;;;;;;;;;;LEITO NATURAL;;SEINFRA ;A VISITAR;;;;R$ 3.300.000,00;
RMRPE;436;RAMAL DO kM 119 - AM-010;ESTRADA;PRIMÁRIO;AM-010;AM-010 - KM 119,8;Início do Ramal do Km 119 - Am-010 - Km 119,8;Fim do Ramal do Km 119 - Km 0,75;RIO PRETO DA EVA ;RMM;0,75;;km;"  2°46'55.92""S";" 59°28'28.92""W";"  2°46'39.75""S";" 59°28'11.45""W";Ok;;;;;;;;;;;;;;;;;;;;;;;;;;;;;;;;;LEITO NATURAL;;SEINFRA ;A VISITAR;;;;R$ 1.875.000,00;
RMRPE;437;RAMAL RAIO DE SOL ;ESTRADA;PRIMÁRIO;AM-010;AM-010 - KM 121,4;Início do Ramal Raio de Sol - Am-010 - Km 121,4;Fim do Ramal Raio de Sol - Am-010 - Km 4,2;RIO PRETO DA EVA ;RMM;4,20;;km;"  2°47'40.77""S";" 59°28'4.45""W";"  2°46'47.86""S";" 59°29'37.55""W";Ok;;;;;;;;;;;;;;;;;;;;;;;;;;;;;;;;;LEITO NATURAL;;SEINFRA ;A VISITAR;;;;R$ 10.500.000,00;
RMRPE;438;RAMAL DO kM 122 - AM-010;ESTRADA;PRIMÁRIO;AM-010;AM-010 - KM 121,4;Início do Ramal do Km 122 - Am-010 - Km 122,46;Fim do Ramal do Km 122 - Km 0,7;RIO PRETO DA EVA ;RMM;0,78;;km;"  2°48'13.89""S";" 59°27'53.01""W";"  2°47'54.50""S";" 59°27'39.01""W";Ok;;;;;;;;;;;;;;;;;;;;;;;;;;;;;;;;;LEITO NATURAL;;SEINFRA ;A VISITAR;;;;R$ 1.950.000,00;
RMRPE;439;RAMAL DO TUMBIRA;ESTRADA;PRIMÁRIO;AM-010;AM-010 - KM 123,4;Início do Ramal do  Tumbira - Am-010 - Km 123,4 ;Fim do Ramal do Tumbira - Km 12,4;RIO PRETO DA EVA ;RMM;12,40;;km;"  2°48'24.81""S";" 59°27'27.94""W";"  2°52'38.49""S";" 59°31'10.24""W";Ok;;;;;;;;;;;;;;;;;;;;;;;;;;;;;;;;;LEITO NATURAL;;SEINFRA ;A VISITAR;;;;R$ 31.000.000,00;
RMRPE;440;RAMAL DO kM 124 - AM-010;ESTRADA;PRIMÁRIO;AM-010;AM-010 - KM 124,9;Início do Ramal do Km 124 - Am-010 - Km 124,9;Fim do Ramal do Km 124 - Km 2,94;RIO PRETO DA EVA ;RMM;2,80;;km;"  2°48'28.66""S";" 59°26'39.95""W";"  2°47'15.14""S";" 59°26'26.72""W";Ok;;;;;;;;;;;;;;;;;;;;;;;;;;;;;;;;;LEITO NATURAL;;SEINFRA ;A VISITAR;;;;R$ 7.000.000,00;
RMRPE;441;RAMAL DO AMAZONAS;ESTRADA;PRIMÁRIO;AM-010;AM-010 - KM 126,3;Início do Ramal do Amazonas - Am-010 - Km 126,36;Fim do Ramal do Amazonas - Km 10,4;RIO PRETO DA EVA ;RMM;10,40;;km;"  2°49'12.22""S";" 59°26'24.35""W";"  2°44'54.56""S";" 59°23'15.94""W";Ok;;;;;;;;;;;;;;;;;;;;;;;;;;;;;;;;;LEITO NATURAL;;SEINFRA ;A VISITAR;;;;R$ 26.000.000,00;
RMRPE;442;RAMAL MARAVILHA ;ESTRADA;PRIMÁRIO;AM-010;AM-010 - KM 126,9;Início do Ramal Maravilha - Am-010 - Km 126,9;Fim do Ramal Maravilha - Km 1,67;RIO PRETO DA EVA ;RMM;1,67;;km;"  2°49'20.41""S";" 59°26'5.90""W";"  2°49'42.65""S";" 59°26'40.11""W";Ok;;;;;;;;;;;;;;;;;;;;;;;;;;;;;;;;;LEITO NATURAL;;SEINFRA ;A VISITAR;;;;R$ 4.175.000,00;
RMRPE;443;RAMAL DO MEU VELHO ;ESTRADA;PRIMÁRIO;AM-010;AM-010 - KM 127,8;Início do Ramal do Meu Velho - Am-010 - Km 127,8 ;Fim do Ramal do Meu Velho - Km 0,64;RIO PRETO DA EVA ;RMM;0,64;;km;"  2°49'33.67""S";" 59°25'45.40""W";"  2°49'51.92""S";" 59°25'45.95""W";Ok;;;;;;;;;;;;;;;;;;;;;;;;;;;;;;;;;LEITO NATURAL;;SEINFRA ;A VISITAR;;;;R$ 1.600.000,00;
RMRPE;444;RAMAL BOA SORTE ;ESTRADA;PRIMÁRIO;AM-010;AM-010 - KM 128,4;Início do Ramal Boa Sorte - Am-010 - Km 128,4;Fim do Ramal Boa Sorte - Km 15,5;RIO PRETO DA EVA ;RMM;15,50;;km;"  2°49'49.96""S";" 59°25'31.18""W";"  2°54'2.56""S";" 59°31'31.33""W";Ok;;;;;;;;;;;;;;;;;;;;;;;;;;;;;;;;;LEITO NATURAL;;SEINFRA ;A VISITAR;;;;R$ 38.750.000,00;
RMRPE;445;RAMAL DO kM 128 - AM-010 ;ESTRADA;PRIMÁRIO;AM-010;AM-010 - KM 128,4;Início do Ramal do Km 128 - Am-010 - Km 128,4 ;Fim do Ramal do Km 128 - Km 1,69;RIO PRETO DA EVA ;RMM;1,69;;km;"  2°49'49.95""S";" 59°25'29.91""W";"  2°49'58.30""S";" 59°24'44.47""W";Ok;;;;;;;;;;;;;;;;;;;;;;;;;;;;;;;;;LEITO NATURAL;;SEINFRA ;A VISITAR;;;;R$ 4.225.000,00;
RMRPE;446;RAMAL DO BANCO;ESTRADA;PRIMÁRIO;AM-010;AM-010 - KM 129,7;Início do Ramal do Banco  - Am-010 - Km 129,7;Fim do Ramal do Banco - Km 19,8;RIO PRETO DA EVA ;RMM;19,80;;km;"  2°50'16.02""S";" 59°25'0.96""W";"  2°43'3.83""S";" 59°19'21.54""W";Ok;;;;;;;;;;;;;;;;;;;;;;;;;;;;;;;;;LEITO NATURAL;;SEINFRA ;A VISITAR;;;;R$ 49.500.000,00;
RMRPE;447;RAMAL DO GARRA;ESTRADA;PRIMÁRIO;AM-010;AM-010 - KM 130,3;Início do Ramal do Garra - Am-010 - Km 130,3;Fim do Ramal do Garra - Km 3,30;RIO PRETO DA EVA ;RMM;3,30;;km;"  2°50'34.56""S";" 59°25'4.80""W";"  2°51'52.08""S";" 59°25'33.17""W";Ok;;;;;;;;;;;;;;;;;;;;;;;;;;;;;;;;;LEITO NATURAL;;SEINFRA ;A VISITAR;;;;R$ 8.250.000,00;
RMRPE;448;RAMAL MANAPOLIS;ESTRADA;PRIMÁRIO;AM-010;AM-010 - KM 132,1;Início do Ramal do Manapolis - am-010 - Km 132,1;Fim do Ramal do Manapolis - Km 17,2;RIO PRETO DA EVA ;RMM;17,20;;km;"  2°51'22.13""S";" 59°24'39.32""W";"  2°57'11.27""S";" 59°29'59.40""W";Ok;;;;;;;;;;;;;;;;;;;;;;;;;;;;;;;;;LEITO NATURAL;;SEINFRA ;A VISITAR;;;;R$ 43.000.000,00;
RMRPE;449;SUB. RAMAL 01 - RAMAL DO MANAPOLIS;ESTRADA;PRIMÁRIO;RAMAL DO MANAPOLIS;RAMAL DO MANAPOLIS - KM 1,35;Início do Sub. Ramal 01 - Ramal do Manapolis - Km 1,35;Fim do Sub. Ramal 01 - Ramal do Manapolis - Km 11,4;RIO PRETO DA EVA ;RMM;11,40;;km;"  2°52'0.54""S";" 59°24'56.64""W";"  2°54'48.72""S";" 59°28'1.14""W";Ok;;;;;;;;;;;;;;;;;;;;;;;;;;;;;;;;;LEITO NATURAL;;SEINFRA ;A VISITAR;;;;R$ 28.500.000,00;
RMRPE;450;RAMAL 6 DE JANEIRO ;ESTRADA;PRIMÁRIO;AM-010;AM-010 - KM 136,9;Início do Ramal 6 de Janeiro - Am-010 - Km 136,9;Fim do Ramal 6 de janeiro - Km 1 ;RIO PRETO DA EVA ;RMM;1,00;;km;"  2°52'9.05""S";" 59°22'55.35""W";"  2°52'33.02""S";" 59°22'58.91""W";Ok;;;;;;;;;;;;;;;;;;;;;;;;;;;;;;;;;LEITO NATURAL;;SEINFRA ;A VISITAR;;;;R$ 2.500.000,00;
RMRPE;451;RAMALD O kM 137 - AM-010 ;ESTRADA;PRIMÁRIO;AM-010;AM-010 - KM 137;Início do Ramal do Km 137 - Am-010 - Km 137;Fim Do ramal do Km 137 - Km 2,86;RIO PRETO DA EVA ;RMM;2,86;;km;"  2°52'6.93""S";" 59°22'52.26""W";"  2°50'37.19""S";" 59°22'53.73""W";Ok;;;;;;;;;;;;;;;;;;;;;;;;;;;;;;;;;LEITO NATURAL;;SEINFRA ;A VISITAR;;;;R$ 7.150.000,00;
RMRPE;452;RAMAL DO TUCANO ;ESTRADA;PRIMÁRIO;AM-010;AM-010 - KM 137,5;Início do Ramal do Tucano - Am-010 - Km 137,5;Fim do Ramal do Tucano - Km , 11,4;RIO PRETO DA EVA ;RMM;11,40;;km;"  2°52'1.66""S";" 59°22'39.43""W";"  2°50'47.62""S";" 59°19'21.93""W";Ok;;;;;;;;;;;;;;;;;;;;;;;;;;;;;;;;;LEITO NATURAL;;SEINFRA ;A VISITAR;;;;R$ 28.500.000,00;
RMRPE;453;ESTRADA DA ZF - 6;ESTRADA;PRIMÁRIO;BR-174;BR-174 - KM 85,35;Início da Estrada da ZF - 6 - Br-174 - Km 85,35;Fim da Estrada ZF - 6 - Km 35,4;RIO PRETO DA EVA ;RMM;35,40;;km;"  2°13'49.93""S";" 60° 1'29.72""W";"  2°12'59.60""S";" 59°47'18.89""W";Ok;;;;;;;;;;;;;;;;;;;;;;;;;;;;;;;;;LEITO NATURAL;;SEINFRA ;A VISITAR;;;;R$ 88.500.000,00;
RMRPE;454;RAMAL DA COMUNIDADE CRACOÁ;ESTRADA;PRIMÁRIO;BR-174;BR-174 - KM 99,26;Início do Ramal da Comunidade Cracoá - Br-174 - Km 99,26;Fim do Ramal da Comunidade Cracoá - Km 1,11 ;RIO PRETO DA EVA ;RMM;1,11;;km;"  2° 7'14.74""S";" 59°59'40.33""W";"  2° 6'58.00""S";" 59°59'29.85""W";Ok;;;;;;;;;;;;;;;;;;;;;;;;;;;;;;;;;LEITO NATURAL;;SEINFRA ;A VISITAR;;;;R$ 2.775.000,00;
 RMPAR ;355;RAMAL DA AABB;ESTRADA;PRIMÁRIO;ESTRADA DO CONTÔRNO;ESTRADA DO CONTÔRNO - KM 0,44;Início do Ramal da AABB - Estrada do Contôrno - Km 0,44;Fim do Ramal da AABB - Km 0,33;PARINTINS;INTERIOR;0,33;0,26;km;"  2°40'21.04""S";" 56°44'55.38""W";"  2°40'30.89""S";" 56°44'52.72""W";Ok;;;;;;;;;;;;;;;;;;;;;;;;;;;;;;;;;PAVIMENTADA;;SEINFRA ;EM OBRA;;CT-00089/2022-SEINFRA;"Ramais na sede do município de Parintins/AM.
 Ramal dos Reis; Ramal da AABB;
Estrada dos Reis;Ramal do Regaço.";R$ 825.000,00;R$ 377.375,26
 RMPAR ;356;ESTRADA DOS REIS;ESTRADA;PRIMÁRIO;ESTRADA DO MACURANY;ESTRADA DO MACURANY - KM 3,53;Início da Estrada dos Réis - Estrada do Macurany - Km 2,70;Fim da Estrada dos Réis - Reserva Macurany - Km 1,58;PARINTINS;INTERIOR;1,58;1,46;km;"  2°40'15.61""S";" 56°44'41.48""W";"  2°40'55.31""S";" 56°44'22.39""W";Ok;;;;;;;;;;;;;;;;;;;;;;;;;;;;;;;;;PAVIMENTADA;;SEINFRA ;EM OBRA;;CT-00089/2022-SEINFRA;"Ramais na sede do município de Parintins/AM.
 Ramal dos Reis; Ramal da AABB;
Estrada dos Reis;Ramal do Regaço.";R$ 3.950.000,00;R$ 2.120.558,67
 RMPAR ;357;RAMAL DO REGAÇO;ESTRADA;PRIMÁRIO;ESTRADA DO MACURANY;ESTRADA DO MACURANY - KM 3,53;Início do Ramal do Regaço - Estrada do Macurany - Km 3,53;Fim do Ramal do Regaço - Balneário Regaço - Km 0,77;PARINTINS;INTERIOR;0,77;0,76;km;"  2°40'13.07""S";" 56°44'15.77""W";"  2°39'48.52""S";" 56°44'18.31""W";Ok;;;;;;;;;;;;;;;;;;;;;;;;;;;;;;;;;PAVIMENTADA;;SEINFRA ;EM OBRA;;CT-00089/2022-SEINFRA;"Ramais na sede do município de Parintins/AM.
 Ramal dos Reis; Ramal da AABB;
Estrada dos Reis;Ramal do Regaço.";R$ 1.925.000,00;R$ 1.103.096,91
RMGUA;75;RAMAL DO GAMA ;ESTRADA;PRIMÁRIO;ESTRADA DO GUAJARÁ ;-;Início do Ramal Gama - Estrada de Guajará - Km 00 ;Fim Ramal Gama - Estrada do Guarajá - Km 32;GUAJARÁ;INTERIOR;32,00;19,22;km;"  7°33'2.02""S";" 72°39'9.15""W";"  7°17'48.16""S";" 72°38'20.59""W";Ok;;;;;;;;;;;;;;;;;;;;;;;;;;;;;;;;;PAVIMENTADA;;SEINFRA ;CONCLUÍDO;;CT-00091/2014-SEINFRA;Ramal do Gama;R$ 80.000.000,00;R$ 16.186.390,90
RMCAP;46;RAMAL DE ACESSO A ESCOLA NOVO HORIZONTE;ESTRADA;PRIMÁRIO;AV. WALDOMIRO MORAES DE CASTRO;AV. WALDOMIRO MORAES DE CASTRO - AO LADO DO SEMJEL ;Início Ramal de Acesso a Escola Novo Horizonte - Av.Waldomiro Moraes de Castro - Km 01;Fim Ramal de Acesso a Escola Novo Horizonte - Km 1,2;CAAPIRANGA;INTERIOR;1,28;0,53;km;"  3°18'40.20""S";" 61°12'29.52""W";"  3°18'43.90""S";" 61°13'7.71""W";Ok;;;;;;;;;;;;;;;;;;;;;;;;;;;;;;;;;PAVIMENTADA;;SEINFRA ;CONCLUÍDO;;CV-00005/2022-SEINFRA;Ramal Acesso viário a Escola Novo Horizonte;R$ 3.200.000,00;R$ 2.405.377,97
RMCAP;47;RAMAL DO CEMITÉRIO;ESTRADA;PRIMÁRIO;AV. WALDOMIRO MORAES DE CASTRO;AV. WALDOMIRO MORAES DE CASTRO - PERTO DA LOJA LKL ;Início do Ramal Cemitério - Av. Waldomiro Moraes de Castro - Perto da Loja LKL - Km 00;Fim Ramal do Cemitério - Km 0,5 ;CAAPIRANGA;INTERIOR;0,55;0,55;km;"  3°18'58.96""S";" 61°12'30.56""W";"  3°18'54.32""S";" 61°12'15.33""W";Ok;;;;;;;;;;;;;;;;;;;;;;;;;;;;;;;;;PAVIMENTADA;;SEINFRA ;CONCLUÍDO;;CV-00006/2022-SEINFRA;Ramal do Cemitério.;R$ 1.375.000,00;R$ 952.594,04
 RMSPO ;458;ESTRADA DA BETÂNIA;ESTRADA;PRIMÁRIO;ESTRADA ARAJATUBA;ESTRADA ARAJATUBA - KM 3,32;Início da Estrada da Betânia - Estrada Arajatuba - Km 3,32;Fim da Estrada da Betânia - Km 1,35 ;SÃO PAULO DE OLIVENÇA;INTERIOR;1,35;1,36;km;"  3°28'1.54""S";" 68°55'34.62""W";"  3°27'30.58""S";" 68°55'13.17""W";Ok;;;;;;;;;;;;;;;;;;;;;;;;;;;;;;;;;PAVIMENTADA;;SEINFRA ;CONCLUÍDO;;CV-00008/2021-SEINFRA;"Estrada da Betânia,
Estrada Felisberto Martins e 
Estrada do Bonfim";R$ 3.375.000,00;R$ 1.966.272,12
 RMSPO ;459;ESTRADA FELISBERTO MARTINS ;ESTRADA;PRIMÁRIO;ESTRADA ARAJATUBA;ESTRADA ARAJATUBA - KM 2;Início da Estrada Felisberto Martins - Estrada Arajatuba - Km 2;Fim da Estrada Felisberto Martins - Km 4;SÃO PAULO DE OLIVENÇA;INTERIOR;4,00;0,60;km;"  3°28'23.06""S";" 68°55'51.50""W";"  3°30'4.16""S";" 68°55'0.58""W";Ok;;;;;;;;;;;;;;;;;;;;;;;;;;;;;;;;;PAVIMENTADA;;SEINFRA ;CONCLUÍDO;;CV-00008/2021-SEINFRA;"Estrada da Betânia,
Estrada Felisberto Martins e 
Estrada do Bonfim";R$ 10.000.000,00;R$ 867.473,00
 RMSPO ;460;ESTRADA DO BONFIM;ESTRADA;PRIMÁRIO;R.R BRANCO;R.R BRANCO - KM 00;Início da Estrada do Bonfim - R.r. Branco - Km 00;Fim da Estrada do BonFim - Km 5,31 ;SÃO PAULO DE OLIVENÇA;INTERIOR;5,31;1,60;km;"  3°28'43.00""S";" 68°57'19.79""W";"  3°30'24.93""S";" 68°57'10.18""W";Ok;;;;;;;;;;;;;;;;;;;;;;;;;;;;;;;;;PAVIMENTADA;;SEINFRA ;CONCLUÍDO;;CV-00008/2021-SEINFRA;"Estrada da Betânia,
Estrada Felisberto Martins e 
Estrada do Bonfim";R$ 13.275.000,00;R$ 2.313.261,32
RMCOD;73;ESTRADA DE CODAJÁS - ANORI;ESTRADA;PRIMÁRIO;R. GETÚLIO VARGAS;R. GETÚLIO VARGAS - PORTO HIDROVIÁRIO;Início da Estrada de Codajás - Anori - Porto Hidroviário de Codajás - Km 00;Fim da estrada de Codajás - Anori - Km 68,8;CODAJÁS;INTERIOR;68,80;68,78;km;"  3°50'35.60""S";" 62° 3'47.88""W";"  3°44'14.09""S";" 61°39'37.29""W";Ok;;;;;;;;;;;;;;;;;;;;;;;;;;;;;;;;;PAVIMENTADA;;SEINFRA ;EM OBRA;;CV-00008/2022-SEINFRA;Estrada Codajás - Anori;R$ 172.000.000,00;R$ 11.330.710,93
RMTEF;466;ESTRADA DAS MISSÕES ;ESTRADA;PRIMÁRIO;ESTRADA DO AEROPORTO ;ESTRADA DO AEROPORTO - AO LADO DO GRESSTE;Início da Estrada das Missões - Ao Lado do GRESSTE Clube - Km 00;Fim da Estrada das Missões - Km 6,9;TEFÉ;INTERIOR;6,90;6,90;km;"  3°22'19.11""S";" 64°43'16.86""W";"  3°24'46.80""S";" 64°41'26.20""W";Ok;;;;;;;;;;;;;;;;;;;;;;;;;;;;;;;;;PAVIMENTADA;;SEINFRA ;EM OBRA;;CV-00009/2022-SEINFRA;Estrada das Missões;R$ 17.250.000,00;R$ 10.098.282,20
 RMSPO ;457;ESTRADA ARAJATUBA;ESTRADA;PRIMÁRIO;R. TIRADENTES;R. TIRADENTES - ESCOLA ESTADUAL MONSENHOR ;Início da Estrada Arajatuba - Escola Estadual Monsenhor Evangelista - Km 00;Fim da Estrada Arajatuba - Km 5,83;SÃO PAULO DE OLIVENÇA;INTERIOR;5,83;3,53;km;"  3°28'5.08""S";" 68°56'41.69""W";"  3°27'28.48""S";" 68°54'41.94""W";Ok;;;;;;;;;;;;;;;;;;;;;;;;;;;;;;;;;PAVIMENTADA;;SEINFRA ;EM OBRA;;CV-00023/2021-SEINFRA;Construção de calçada, meio fio e sarjeta na Estrada do Ajaratuba;R$ 14.575.000,00;R$ 1.499.360,99
RMJUR;185;RAMAL IGARAPÉ GRANDE ;ESTRADA;PRIMÁRIO;AM-366;R. DUCILIO ROCHA;Início do Ramal do Igarapé Grande - R. Ducilio Rocha - Am-366 - Km 546,76;Fim do Ramal do Igarapé Grande - Igarapé do Rio Juruá - Km 4,43;JURUÁ;INTERIOR;4,43;1,19;km;"  3°28'16.65""S";" 66° 3'23.97""W";"  3°29'51.72""S";" 66° 2'15.77""W";Ok;;;;;;;;;;;;;;;;;;;;;;;;;;;;;;;;;PAVIMENTADA;;SEINFRA ;OBRA EXTINTA ;;CV-00027/2018-SEINFRA;Estrada do Igarapé Grande;R$ 11.075.000,00;R$ 1.060.319,36
RMCRO;468;RAMAL DO MAMORI ;ESTRADA;PRIMÁRIO;BR-319;BR-319 - KM 78,12;Início do Ramal do Mamori - Br-319 - Km 78,12;Fim do Ramal do Mamori - Km 10,6 ;CAREIRO;RMM;10,60;;km;"  3°34'42.50""S";" 60°11'47.76""W";"  3°36'58.35""S";" 60° 7'54.47""W";Ok;;;;;;;;;;;;;;;;;;;;;;;;;;;;;;;;;LEITO NATURAL;;;A VISITAR;;;;R$ 26.500.000,00;
RMCRO;469;RAMAL DO SAMAÚMA;ESTRADA;PRIMÁRIO;BR-319;BR-319 - KM 77,23;Início do Ramal do Samaúma - Br-319 - Km 77,23;Fim do Ramal do Samaúma - Km 7,65;CAREIRO;RMM;7,65;;km;"  3°34'20.73""S";" 60°11'28.38""W";"  3°31'37.95""S";" 60°14'6.35""W";Ok;;;;;;;;;;;;;;;;;;;;;;;;;;;;;;;;;LEITO NATURAL;;;A VISITAR;;;;R$ 19.125.000,00;
 RMFBO ;470;ESTRADA DO TUPÉ ;ESTRADA;PRIMÁRIO;R. TERTULIANO RODRIGUES ;R. TERTULIANO RODRIGUES - KM 00;Início da Estrada do Tupé - R.Tertuliano Rodrigues - Km 00;Fim da Estrada de Tapé - Km 13;FONTE BOA;INTERIOR;13,00;;km;"  2°30'53.46""S";" 66° 5'23.15""W";"  2°31'17.68""S";" 65°59'21.21""W";Ok;;;;;;;;;;;;;;;;;;;;;;;;;;;;;;;;;LEITO NATURAL;;;A VISITAR;;;;R$ 32.500.000,00;
 RMFBO ;471;ESTRADA DO MAMUPINA;ESTRADA;PRIMÁRIO;ESTRADA DO TUPÉ;ESTRADA DO TUPÉ - KM 2,64;Início da Estrada do Mamupina - Estrada do Tupé - Km 2,64;Fim da Estrada do Mamupina - Km 4,37;FONTE BOA;INTERIOR;4,37;;km;"  2°31'43.30""S";" 66° 4'21.67""W";"  2°33'35.82""S";" 66° 3'12.91""W";Ok;;;;;;;;;;;;;;;;;;;;;;;;;;;;;;;;;LEITO NATURAL;;;A VISITAR;;;;R$ 10.925.000,00;
 RMUCA ;472;ESTRADA DO GILBERTO MESTRINHO;ESTRADA;PRIMÁRIO;PR. RAIMUNDO WILSON ;PR. RAIMUNDO WILSON - KM 00;Início da Estrada do Gilberto Mestrinho - Ao lado da Pr. Raimundo Wilson - Km 00;Fim do Estrada do Gilberto Mestrinho - Km 4,55;URUCARÁ;INTERIOR;4,55;;km;"  2°32'10.27""S";" 57°45'0.50""W";"  2°31'56.62""S";" 57°42'53.85""W";Ok;;;;;;;;;;;;;;;;;;;;;;;;;;;;;;;;;LEITO NATURAL;;;A VISITAR;;;;R$ 11.375.000,00;
 RMUCA ;473;RAMAL NOVA ESPERANÇA ;ESTRADA;PRIMÁRIO;AM-326;AM-326 - KM 23,4;Início do Ramal Nova Esperança - Estrada Amanay - Km 23,4;Fim do Ramal Nova Esperança - Km 11,30;URUCARÁ;INTERIOR;11,30;;km;"  2°24'35.97""S";" 57°43'18.44""W";"  2°27'16.06""S";" 57°39'22.64""W";Ok;;;;;;;;;;;;;;;;;;;;;;;;;;;;;;;;;LEITO NATURAL;;;A VISITAR;;;;R$ 28.250.000,00;
RMANR;474;ESTRADA ANORI SOLIMÕES ;ESTRADA;PRIMÁRIO;R. RAIMUNDO PINTO BRANDÃO ;R. RAIMUNDO PINTO BRANDÃO - KM 0,1;Início da Estrada Anori Solimões - R.Raimundo Pinto Brandão - Km 0,1;Fim da Estrada Anori Solimões - Km 2,43;ANORI;INTERIOR;2,43;;km;"  3°44'44.66""S";" 61°39'18.37""W";"  3°45'39.69""S";" 61°38'37.23""W";Ok;;;;;;;;;;;;;;;;;;;;;;;;;;;;;;;;;LEITO NATURAL;;;A VISITAR;;;;R$ 6.075.000,00;
RMANR;475;ESTRADA ANORI ANAMA;ESTRADA;PRIMÁRIO;ORLA;ORLA - KM 0,2;Início da Estrada Anori Anama - Ao lado da Orla - Km 0,2 ;Fim da Estrada Anori Anama - Km 3,55;ANORI;INTERIOR;3,55;;km;"  3°44'58.09""S";" 61°39'33.29""W";"  3°43'9.74""S";" 61°38'57.16""W";Ok;;;;;;;;;;;;;;;;;;;;;;;;;;;;;;;;;LEITO NATURAL;;;A VISITAR;;;;R$ 8.875.000,00;
 RMAPÍ ;476;SUB. RAMAL DO AIRQUEMES ;ESTRADA;PRIMÁRIO;-;-;Início do Sub. Ramal do Airquemes - Km 00;Fim do Sub. Ramal do Airquemes - Km 21,9;APUÍ;INTERIOR;21,90;;km;"  7° 7'48.26""S";" 59°23'18.46""W";"  7°13'25.46""S";" 59°30'39.24""W";Ok;;;;;;;;;;;;;;;;;;;;;;;;;;;;;;;;;LEITO NATURAL;;;A VISITAR;;;;R$ 54.750.000,00;
 RMAPÍ ;477;RAMAL DO CACOAL ;ESTRADA;PRIMÁRIO;BR-230;AM-230 - KM 0,1 ;Início do Ramal do Cacoal - Am-230 ( Rodovia Transamazônia ) - Km 0,1;Fim do Ramal do Cacoal - Km  35,9;APUÍ;INTERIOR;35,90;;km;"  7° 3'59.40""S";" 59°34'40.39""W";"  7°10'26.08""S";" 59°19'56.60""W";Ok;;;;;;;;;;;;;;;;;;;;;;;;;;;;;;;;;LEITO NATURAL;;;A VISITAR;;;;R$ 89.750.000,00;
 RMAPÍ ;478;SUB. RAMAL DO CUPUAÇU ;ESTRADA;PRIMÁRIO;SUB. RAMAL DO AIRQUEMES ;SUB. RAMAL DO AIRQUEMES - KM 3,75;Início do Sub. Ramal do Cupuaçu - Sub. Ramal do Airquemes - Km 3,75;Fim do Sub. Ramal do Cupuaçu - Km 2,79;APUÍ;INTERIOR;2,79;;km;"  7° 9'24.33""S";" 59°22'29.58""W";"  7° 8'36.55""S";" 59°21'18.64""W";Ok;;;;;;;;;;;;;;;;;;;;;;;;;;;;;;;;;LEITO NATURAL;;;A VISITAR;;;;R$ 6.975.000,00;
 RMAPÍ ;479;RAMAL DA GAÚCHA;ESTRADA;PRIMÁRIO;-;-;Início do Ramal da Gaúcha - Ramal da Coruja - Km 19;Fim do Ramal da Gaúcha -  Km 1;APUÍ;INTERIOR;1,00;;km;"  7°21'21.49""S";" 59°51'19.13""W";"  7°21'3.36""S";" 59°51'39.71""W";Ok;;;;;;;;;;;;;;;;;;;;;;;;;;;;;;;;;LEITO NATURAL;;;A VISITAR;;;;R$ 2.500.000,00;
 RMAPÍ ;480;RAMAL DO JARU;ESTRADA;PRIMÁRIO;-;-;Início do Ramal do Jaru - Am-230 ( Transamazônica) - Km 00;Fim do Ramal do Jaru - Km 26,2;APUÍ;INTERIOR;26,20;;km;"  7° 4'54.70""S";" 59°35'49.11""W";"  6°54'25.23""S";" 59°37'54.69""W";Ok;;;;;;;;;;;;;;;;;;;;;;;;;;;;;;;;;LEITO NATURAL;;;A VISITAR;;;;R$ 65.500.000,00;
 RMAPÍ ;481;SUB. RAMAL DAS LINHARE;ESTRADA;PRIMÁRIO;-;-;Início do Sub. Ramal das Linhares - Km 00;Fim do Ramal das Linhares - Km 12,6;APUÍ;INTERIOR;12,60;;km;"  7° 7'51.06""S";" 59°34'53.90""W";"  7°12'54.03""S";" 59°36'55.12""W";Ok;;;;;;;;;;;;;;;;;;;;;;;;;;;;;;;;;LEITO NATURAL;;;A VISITAR;;;;R$ 31.500.000,00;
 RMAPÍ ;482;SUB. RAMAL TRÊS BURITIS;ESTRADA;PRIMÁRIO;-;-;Início do Sub. Ramal três Buritis - Km 00;Fim do Sub. Ramal Três Buritis - Km 12,4;APUÍ;INTERIOR;12,40;;km;"  7°12'52.34""S";" 59°30'57.22""W";"  7°15'13.18""S";" 59°37'4.22""W";Ok;;;;;;;;;;;;;;;;;;;;;;;;;;;;;;;;;LEITO NATURAL;;;A VISITAR;;;;R$ 31.000.000,00;
 RMAPÍ ;483;SUB. RAMAL TRÊS DE JULHO;ESTRADA;PRIMÁRIO;-;-;Início do Sub. Ramal Três de Julho - Km 00;Fim do Sub. Ramal Três de Julho - Km 11,9;APUÍ;INTERIOR;11,90;;km;"  7°10'32.66""S";" 59°31'5.94""W";"  7°12'54.18""S";" 59°36'54.98""W";Ok;;;;;;;;;;;;;;;;;;;;;;;;;;;;;;;;;LEITO NATURAL;;;A VISITAR;;;;R$ 29.750.000,00;
 RMAPÍ ;484;RAMAL DO AMAZONAS;ESTRADA;PRIMÁRIO;-;-;Início do Ramal do Amazonas - Km 00;Fim do Ramal do Amazonas - Km 6,22 ;APUÍ;INTERIOR;6,22;;km;"  7°22'32.81""S";" 59°51'16.46""W";"  7°12'54.18""S";" 59°48'14.17""W";Ok;;;;;;;;;;;;;;;;;;;;;;;;;;;;;;;;;LEITO NATURAL;;;A VISITAR;;;;R$ 15.550.000,00;
 RMAPÍ ;485; RAMAL CORUJA 03 ;ESTRADA;PRIMÁRIO;-;-;Início do Ramal Coruja 03 - Km 00;Fim do Ramal Coruja 03 - Km 10, 8 ;APUÍ;INTERIOR;10,80;;km;"  7°21'47.40""S";" 59°51'18.34""W";"  7°20'8.60""S";" 59°55'15.13""W";Ok;;;;;;;;;;;;;;;;;;;;;;;;;;;;;;;;;LEITO NATURAL;;;A VISITAR;;;;R$ 27.000.000,00;
 RMAPÍ ;486;SUB. RAMAL DO DOURADÃO;ESTRADA;PRIMÁRIO;-;-;Início do Sub. Ramal do Douradão - Km 00;Fim do Sub. Ramal do Douradão - Km 14,9;APUÍ;INTERIOR;14,90;;km;"  7°10'23.58""S";" 59°43'14.41""W";"  7° 9'35.25""S";" 59°38'21.94""W";Ok;;;;;;;;;;;;;;;;;;;;;;;;;;;;;;;;;LEITO NATURAL;;;A VISITAR;;;;R$ 37.250.000,00;
 RMAPÍ ;487;RAMAL FÁBIO LUCENA ;ESTRADA;PRIMÁRIO;BR-230;AM-230 - KM 00;Início do Ramal Fábio Lucena - Am-230 ( Rodovia Transamazônia ) - Km 00;Fim do Ramal Fábio Lucena - Km 27,3;APUÍ;INTERIOR;27,30;;km;"  7° 6'30.76""S";" 59°44'13.35""W";"  7°15'48.07""S";" 59°49'32.27""W";Ok;;;;;;;;;;;;;;;;;;;;;;;;;;;;;;;;;LEITO NATURAL;;;A VISITAR;;;;R$ 68.250.000,00;
 RMAPÍ ;488;SUB. RAMAL DO PAULISTA ;ESTRADA;PRIMÁRIO;SUB. RAMAL CORUJA 03;SUB. RAMAL CORUJA 03 - KM 4 ;Início do Sub. Ramal do Paulista - dentro do Ramal Coruja 03 - Km 4;Fim do Sub. Ramal do Paulista - Km 7,14;APUÍ;INTERIOR;7,14;;km;"  7°21'46.47""S";" 59°53'9.98""W";"  7°19'43.10""S";" 59°55'30.06""W";Ok;;;;;;;;;;;;;;;;;;;;;;;;;;;;;;;;;LEITO NATURAL;;;A VISITAR;;;;R$ 17.850.000,00;
 RMAPÍ ;489;RAMAL SOLDADO DE BORRACHA;ESTRADA;PRIMÁRIO;R. BAHIA ;AO LADO DO CASCALHO GRÁTIS - KM 00;Início do Ramal Soldado de Borracha - Ao lado do Cascalho Grátis - Km 00;Fim do Ramal Soldado de Borracha - Km 20;APUÍ;INTERIOR;20,00;;km;"  7°16'27.64""S";" 59°51'9.22""W";"  7°11'39.23""S";" 59°44'40.57""W";Ok;;;;;;;;;;;;;;;;;;;;;;;;;;;;;;;;;LEITO NATURAL;;;A VISITAR;;;;R$ 50.000.000,00;
 RMAPÍ ;490;RAMAL DA CORUJA ;ESTRADA;PRIMÁRIO;R. BAHIA ; Ao lado da Laninha do Salgados - Km 00;Início do Ramal da Coruja - R. Bahia - Ao lado da Laninha do Salgados - Km 00;Fim do Ramal da Coruja - Km 35,5 ;APUÍ;INTERIOR;35,50;;km;"  7°12'26.90""S";" 59°53'12.51""W";"  7°28'48.29""S";" 59°51'24.10""W";Ok;;;;;;;;;;;;;;;;;;;;;;;;;;;;;;;;;LEITO NATURAL;;;A VISITAR;;;;R$ 88.750.000,00;
 RMAPÍ ;491;SUB. RAMAL DO ZÉ BRANCO ;ESTRADA;PRIMÁRIO;-;-;Início do Sub. Ramal do Zé Branco - Km 00 ;Fim do Sub. Ramal do Zé Branco - Km 7,20;APUÍ;INTERIOR;7,20;;km;"  7°11'41.07""S";" 59°49'33.55""W";"  7°13'45.40""S";" 59°47'57.43""W";Ok;;;;;;;;;;;;;;;;;;;;;;;;;;;;;;;;;LEITO NATURAL;;;A VISITAR;;;;R$ 18.000.000,00;
 RMAPÍ ;492;RAMAL NOVA UNIÃO ;ESTRADA;PRIMÁRIO;AM-174 ;AM-174 - KM 45 ;Início do Ramal Nova União - Am-174 - Km 45 ;Fim do Ramal Nova da União - Km 13,70;APUÍ;INTERIOR;13,70;;km;"  6°55'22.77""S";" 59°55'1.94""W";"  6°54'35.38""S";" 60° 1'36.12""W";Ok;;;;;;;;;;;;;;;;;;;;;;;;;;;;;;;;;LEITO NATURAL;;;A VISITAR;;;;R$ 34.250.000,00;
 RMNAR ;493;ESTRADA NOVA;ESTRADA;PRIMÁRIO;AM-360 ;AM-360 - KM 70;Início da Estrada Nova - Am-360 - Km 70;Fim da Estrada Nova - Km 11,3 ;NOVA ARIPUANÃ;INTERIOR;11,30;;km;"  6°42'29.54""S";" 60° 4'55.94""W";"  6°40'4.66""S";" 59°59'49.53""W";Ok;;;;;;;;;;;;;;;;;;;;;;;;;;;;;;;;;LEITO NATURAL;;;A VISITAR;;;;R$ 28.250.000,00;
 RMAPÍ ;494;SUB. RAMAL SEBASTIÃO PRETO ;ESTRADA;PRIMÁRIO;RAMAL DA CORUJA ;RAMAL DA CORUJA - KM 28;Início do Sub. Ramal Sebastião Preto - Ramal da Coruja - Km 28 ;Fim do Sub. Ramal Sebastião Preto - Km 23;APUÍ;INTERIOR;23,00;;km;"  7°19'39.94""S";" 59°51'16.71""W";"  7°23'39.32""S";" 59°43'49.70""W";Ok;;;;;;;;;;;;;;;;;;;;;;;;;;;;;;;;;LEITO NATURAL;;;A VISITAR;;;;R$ 57.500.000,00;
 RMATN ;495;ESTRADA CUNHA GOMES ;ESTRADA;PRIMÁRIO;-;-;Início da Estrada Cunha Gomes - R. Trinta e Um de Março - Km 00;Fim da Estrada Cunha Gomes - Km 7,29;ATALAIA DO NORTE ;INTERIOR;7,29;;km;"  4°21'57.58""S";" 70°11'41.73""W";"  4°25'24.10""S";" 70°10'26.89""W";Ok;;;;;;;;;;;;;;;;;;;;;;;;;;;;;;;;;LEITO NATURAL;;;A VISITAR;;;;R$ 18.225.000,00;
 RMATN ;496;ESTRADA PEDRO TEIXEIRA;ESTRADA;PRIMÁRIO;AV. AUGUSTO LUZEIRO ;AV. AUGUSTO LUZEIRO - KM 00;Início da Estrada Pedro Teixeira - Av. Augusto Luzeiro - Km 00;Fim da Estrada Pedro Teixeira - R. Primeiro de Maio - Km 27,1 ;ATALAIA DO NORTE ;INTERIOR;27,10;;km;"  4°21'55.95""S";" 70°11'32.97""W";"  4°23'43.26""S";"  4°23'43.26""S";Ok;;;;;;;;;;;;;;;;;;;;;;;;;;;;;;;;;LEITO NATURAL;;;A VISITAR;;;;R$ 67.750.000,00;
 RMBJC ;497;ESTRADA DE HUMARIZAL ;ESTRADA;PRIMÁRIO;R. E TARUDIMA;R. E TARUDIMA - KM 00;Início da Estrada de Humarizal - R. e Tarudima - Km 00;Fim da Esrada de Humarizal - Km 4,61;BENJAMIN CONSTANT ;INTERIOR;4,61;;km;"  4°22'47.32""S";" 70° 2'18.59""W";"  4°22'14.74""S";" 70° 4'39.89""W";Ok;;;;;;;;;;;;;;;;;;;;;;;;;;;;;;;;;LEITO NATURAL;;;A VISITAR;;;;R$ 11.525.000,00;
RMATZ;498;SUB. RAMAL FERRO QUENTE ;ESTRADA;PRIMÁRIO;ESTRADA DO SAMPAIO;ESTRADA DO SAMPAIO - KM 7,48;Início do Sub. Ramal Ferro Quente - Estrada do Sampaio - Km 7,48;Fim do Sub. Ramal Ferro Quente - Km 2,80;AUTAZES;RMM;2,80;;km;"  3°42'54.10""S";" 59° 7'27.65""W";"  3°44'17.17""S";" 59° 7'15.45""W";Ok;;;;;;;;;;;;;;;;;;;;;;;;;;;;;;;;;LEITO NATURAL;;;A VISITAR;;;;R$ 7.000.000,00;
RMATZ;499;SUB. RAMAL LAGO DO MIGUEL ;ESTRADA;PRIMÁRIO;ESTRADA DO SAMPAIO;ESTRADA DO SAMPAIO - KM 16,4;Início do Sub. Ramal Lago do Miguel - Estrada do Sampaio - Km 16,4;Fim do Sub. Ramal Lago do Miguel - Km 3,63;AUTAZES;RMM;3,63;;km;"  3°46'4.63""S";" 59° 9'52.29""W";"  3°46'45.77""S";" 59° 8'13.64""W";Ok;;;;;;;;;;;;;;;;;;;;;;;;;;;;;;;;;LEITO NATURAL;;;A VISITAR;;;;R$ 9.075.000,00;
 RMBRC ;500;ESTRADA BARCELOS CAURÉS ;ESTRADA;PRIMÁRIO;AV. EFIGÊNIO SÁES;AV. EFIGÊNIO SÁES - AO LADO DA IGREJA ASSEMBLEIA DE DEUS - KM 00;Início da Estrada Barcelos Caurés - Av. Efigênio Sáes - Ao Lado da Igreja Assembleia de Deus - Km 00;Fim da Estrada Barcelos Caurés - Km 3;BARCELOS ;INTERIOR;3,00;;km;"  0°58'21.05""S";" 62°55'41.26""W";"  0°59'49.30""S";" 62°55'36.73""W";Ok;;;;;;;;;;;;;;;;;;;;;;;;;;;;;;;;;LEITO NATURAL;;;A VISITAR;;;;R$ 7.500.000,00;
 RMBRC ;501;ESTRADA MARIUÁ;ESTRADA;PRIMÁRIO;R. NOVA ;R. NOVA - KM 00;Início da Estrada Mariuá - R. Nova - Km 00;Fim da Estrada Mariuá - Km 11,6;BARCELOS ;INTERIOR;11,60;;km;"  0°58'8.49""S";" 62°55'55.86""W";"  0°53'47.77""S";" 62°59'8.44""W";Ok;;;;;;;;;;;;;;;;;;;;;;;;;;;;;;;;;LEITO NATURAL;;;A VISITAR;;;;R$ 29.000.000,00;
 RMBRC ;502;ESTRADA DO ELOI;ESTRADA;PRIMÁRIO;ESTRADA BARCELOS CAURÉS ;ESTRADA BARCELOS CAURÉS - KM 1,36;Início da Estrada do Eloi - Estrada Barcelos Caurés - Km 1,36;Fim da Estrada do Eloi - Km 6,62;BARCELOS ;INTERIOR;6,62;;km;"  0°58'58.59""S";" 62°55'32.36""W";"  1° 1'53.56""S";" 62°54'35.96""W";Ok;;;;;;;;;;;;;;;;;;;;;;;;;;;;;;;;;LEITO NATURAL;;;A VISITAR;;;;R$ 16.550.000,00;
RMMAO;503;SUB. RAMAL DAS PEDRAS ;ESTRADA;PRIMÁRIO;SUB. RAMAL NOVO PARAÍSO ;SUB. RAMAL NOVO PARAÍSO  - KM 2,25;Início do Sub. Ramal das Pedras - Ao Lado da Chacará da Mana - Km 2,25;Fim do Sub. Ramal das Pedras - Km 1,39;MANAUS ;RMM;1,39;;km;"  2°56'32.85""S";" 60° 5'17.61""W";"  2°55'53.34""S";" 60° 5'38.59""W";Ok;;;;;;;;;;;;;;;;;;;;;;;;;;;;;;;;;LEITO NATURAL;;;A VISITAR;;;;R$ 3.475.000,00;
 RMBRC ;504;ESTRADA DE NAZARÉ;ESTRADA;PRIMÁRIO;AV.MARIUÁ ;AV. MARIUÁ - KM 00;Início da Estrada de Nazaré - Av. Mariuá - Ao Lado da Pescaria Amazônia - Pro Tucuna - Km 00;Fim da Estrada de Nazaré - Km 2,13;BARCELOS ;INTERIOR;2,13;;km;"  0°58'17.94""S";" 62°55'17.66""W";"  0°58'54.88""S";" 62°54'23.52""W";Ok;;;;;;;;;;;;;;;;;;;;;;;;;;;;;;;;;LEITO NATURAL;;;A VISITAR;;;;R$ 5.325.000,00;
 RMBJC ;505;SUB. RAMAL DO kM 2 - ESTRADA HUMARIZAL ;ESTRADA;PRIMÁRIO;ESTRADA UMARIZAL ;ESTRADA UMARIZAL - KM 2;Início do Sub. Ramal do Km 2 - Estrada Umarizal - Km 2 ;Fim do Sub. Ramal do Km 2 - Estrada Umarizal - Km 3,97;BENJAMIN CONSTANT ;INTERIOR;3,97;;km;"  4°22'41.84""S";" 70° 3'23.68""W";"  4°24'38.86""S";" 70° 4'10.43""W";Ok;;;;;;;;;;;;;;;;;;;;;;;;;;;;;;;;;LEITO NATURAL;;;A VISITAR;;;;R$ 9.925.000,00;
 RMBJC ;506;SUB. RAMAL DO kM 2,66 - ESTRADA HUMARIZAL ;ESTRADA;PRIMÁRIO;ESTRADA UMARIZAL ;ESTRADA UMARIZAL - KM 2,66;Início Sub. Ramal do Km 2,66 - Estrada Umarizal - Km 2,66;Fim do Sub. Ramal do Km 2,66 - Estrada Umarizal - Km 2,66;BENJAMIN CONSTANT ;INTERIOR;2,66;;km;"  4°22'35.67""S";" 70° 3'42.32""W";"  4°23'29.26""S";" 70° 4'38.40""W";Ok;;;;;;;;;;;;;;;;;;;;;;;;;;;;;;;;;LEITO NATURAL;;;A VISITAR;;;;R$ 6.650.000,00;
 RMBJC ;507;ESTRADA DO CARDOSO ;ESTRADA;PRIMÁRIO;R. FRANCISCO ;R. FRANCISCO - KM 00;Início da Estrada Cardoso - R. Francisco - Ao Lado E.M. Chagas de Almeida - Km 00;Fim da Estrada Cardoso - R. Primeiro de Maio - Km 2,20;BENJAMIN CONSTANT ;INTERIOR;2,20;;km;"  4°22'42.34""S";" 70° 2'5.56""W";"  4°23'20.44""S";" 70° 1'50.28""W";Ok;;;;;;;;;;;;;;;;;;;;;;;;;;;;;;;;;LEITO NATURAL;;;A VISITAR;;;;R$ 5.500.000,00;
 RMBVR ;508;ESTRADA PADRE GABRIEL ;ESTRADA;PRIMÁRIO;R. ORIMAR MAFRA ;R. ORIMAR MAFRA - KM 00 ;Início da Estrada Padre Gabriel - R. Orimar Mafra - Ao lado Quadra Tia Iró - Km 00;Fim da Estrada Padre Gabriel - Km 5,75 ;BOA VISTA DO RAMOS;INTERIOR;5,75;;km;"  2°58'24.05""S";" 57°34'59.77""W";"  2°58'43.39""S";" 57°32'1.09""W";Ok;;;;;;;;;;;;;;;;;;;;;;;;;;;;;;;;;LEITO NATURAL;;;A VISITAR;;;;R$ 14.375.000,00;
 RMBDA ;509;RAMAL DA GARRAFA ;ESTRADA;PRIMÁRIO;BR-317;BR-317 - KM 118;Início do Ramal da Garrafa - Br-317 - Km 118;Fim do Ramal da GarraFa - Km 20 ;BOCA DO ACRE ;INTERIOR;20,00;;km;"  9°23'16.21""S";" 67°16'39.08""W";"  9°23'6.90""S";" 67° 6'37.21""W";Ok;;;;;;;;;;;;;;;;;;;;;;;;;;;;;;;;;LEITO NATURAL;;;A VISITAR;;;;R$ 50.000.000,00;
 RMBDA ;510;RAMAL NOVO AMPARO ;ESTRADA;PRIMÁRIO;-;-;Início do Ramal Novo Amparo - Km 00;Fim do Ramal Novo Amparo - Br-364 - Km 23,8;BOCA DO ACRE ;INTERIOR;23,80;;km;"  9° 4'31.92""S";" 68°27'7.74""W";"  9°10'19.36""S";" 68°33'59.19""W";Ok;;;;;;;;;;;;;;;;;;;;;;;;;;;;;;;;;LEITO NATURAL;;;A VISITAR;;;;R$ 59.500.000,00;
RMBBA;511;ESTRADA DO JATUARANA;ESTRADA;PRIMÁRIO;ESTRADA BORBA MAPIA ;ESTRADA BORBA MAPIA - KM 0,55 ;Início da Estrada Jatuarana - Estrada Borba Mapia - Ao lado Dr. Danilo de Matos Areosa - Km 0,55;Fim da Estrada Jatuarana - Km 7,86;BORBA ;INTERIOR;7,86;;km;"  4°24'24.76""S";" 59°35'43.67""W";"  4°23'9.34""S";" 59°33'17.77""W";Ok;;;;;;;;;;;;;;;;;;;;;;;;;;;;;;;;;LEITO NATURAL;;;A VISITAR;;;;R$ 19.650.000,00;
RMBBA;512;ESTRADA DO AEROPORTO ;ESTRADA;PRIMÁRIO;R. MAL. DEODORO ;R. MAL. DEODORO - KM 00;Início da Estrada do Aeroporto - Ao lado do Comercial Pedraça - Km 00 ;Fim da Estrada do Aeroporto - Km 1,65;BORBA ;INTERIOR;1,65;;km;"  4°23'34.44""S";" 59°35'47.43""W";"  4°24'19.59""S";" 59°36'5.19""W";Ok;;;;;;;;;;;;;;;;;;;;;;;;;;;;;;;;;LEITO NATURAL;;;A VISITAR;;;;R$ 4.125.000,00;
RMMAC;513;SUB. RAMAL DO CANAÃ;ESTRADA;PRIMÁRIO;ESTRADA DO MEMBECA;ESTRADA DO MEMBECA - KM 29,6;Início do Sub. Ramal Canaã - Estrada do Membeca - Km 29,6;Fim do Sub. Ramal do Canaã - Comunidade Canaã - Km 1,17;MANACAPURU;RMM;1,17;;km;"  3° 8'21.23""S";" 61° 8'20.16""W";"  3° 8'1.10""S";" 61° 8'39.98""W";Ok;;;;;;;;;;;;;;;;;;;;;;;;;;;;;;;;;LEITO NATURAL;;;A VISITAR;;;;R$ 2.925.000,00;
RMCAP;514;RAMAL DO PATAUÁ ;ESTRADA;PRIMÁRIO;ESTRADA DO MEMBECA;ESTRADA DO MEMBECA - KM 2,24;Início do Ramal do Patauá - Estrada do Membeca - Km 2,24;Fim do Ramal do Patauá - Comunidade do Patauá - Km 1,64;CAAPIRANGA;INTERIOR;1,64;;km;"  3°18'37.35""S";" 61°12'29.83""W";"  3°18'22.83""S";" 61°11'48.08""W";Ok;;;;;;;;;;;;;;;;;;;;;;;;;;;;;;;;;LEITO NATURAL;;;A VISITAR;;;;R$ 4.100.000,00;
RMCAP;515;SUB. RAMAL DA MALOCA ;ESTRADA;PRIMÁRIO;RAMAL DO PATAUÁ ;RAMAL DO PATAUÁ - KM 1,12;Início do Sub. Ramal da Maloca - Ramal do Patauá - Km 1,12;Fim do Sub. Ramal da Maloca - Km 2,54;CAAPIRANGA;INTERIOR;2,54;;km;"  3°18'14.06""S";" 61°12'2.66""W";"  3°17'37.69""S";" 61°11'7.07""W";Ok;;;;;;;;;;;;;;;;;;;;;;;;;;;;;;;;;LEITO NATURAL;;;A VISITAR;;;;R$ 6.350.000,00;
 RMCAN ;516;ESTRADA DO ITAPA ;ESTRADA;PRIMÁRIO;R. FLORIANO PEIXOTO ;R. FLORIANO PEIXOTO - KM 00;Início da Estrada do Itapa - R. Floriano Peixoto - Ao Lado da Defesa Civil - Km 00;Fim da Estrada do Itapa - Km 4,35;CANUTAMA ;INTERIOR;4,35;;km;"  6°32'7.03""S";" 64°23'17.37""W";"  6°30'7.77""S";" 64°24'23.74""W";Ok;;;;;;;;;;;;;;;;;;;;;;;;;;;;;;;;;LEITO NATURAL;;;A VISITAR;;;;R$ 10.875.000,00;
 RMCAN ;517;RAMAL LINHA 17 ;ESTRADA;PRIMÁRIO;BR-319;BR-319 - KM 17;Início do Ramal da Linha 17 - Br-319 - Km 17  ;Fim do Ramal da Linha 17 - Km 14,4 ;CANUTAMA ;INTERIOR;14,40;;km;"  8°37'50.56""S";" 63°59'47.29""W";"  8°36'49.33""S";" 64° 7'20.67""W";Ok;;;;;;;;;;;;;;;;;;;;;;;;;;;;;;;;;LEITO NATURAL;;;A VISITAR;;;;R$ 36.000.000,00;
 RMCAR ;518;ESTRADA DO RIOZINHO ;ESTRADA;PRIMÁRIO;R. JOÃO BÔSCO;R. JOÃO BÔSCO - KM 00;Início da Estrada do Riozinho - R.João Bôsco - Km 00 ;Fim da Estrada do Riozinho - Baneário do Riozinho - Km 16,4 ;CARAUARI ;INTERIOR;16,40;;km;"  4°52'36.21""S";" 66°54'8.45""W";"  4°45'52.30""S";" 66°58'33.63""W";Ok;;;;;;;;;;;;;;;;;;;;;;;;;;;;;;;;;LEITO NATURAL;;;EM OBRA;;;;R$ 41.000.000,00;
 RMCAR ;519;ESTRADA DA MANDUQUINHA ;ESTRADA;PRIMÁRIO;R. MIGUEL SERAFIM ;R. MIGUEL SERAFIM - KM 00;Início da Estrada Manduquinha - R. Miguel Serafim - Ao Lado da Feirinha do Bairro de Fátima - Km 00;Fim da Estrada Manduquinha - Km 2,69;CARAUARI ;INTERIOR;2,69;;km;"  4°52'41.71""S";" 66°54'11.98""W";"  4°51'53.38""S";" 66°55'17.86""W";Ok;;;;;;;;;;;;;;;;;;;;;;;;;;;;;;;;;LEITO NATURAL;;;A VISITAR;;;;R$ 6.725.000,00;
 RMCAR ;520;ESTRADA DO IGARAPÉ DA ROÇA ;ESTRADA;PRIMÁRIO;R. SÃO JACOB ;R. SÃO JACOB - KM 00;Início da Estrada do Igarapé da Roça - R. São Jacob - Km 00;Fim da Estrada do Igarapé da Roça - Km 2,34;CARAUARI ;INTERIOR;2,34;;km;"  4°53'10.68""S";" 66°54'16.06""W";"  4°54'25.98""S";" 66°54'20.07""W";Ok;;;;;;;;;;;;;;;;;;;;;;;;;;;;;;;;;LEITO NATURAL;;;A VISITAR;;;;R$ 5.850.000,00;
 RMCAR ;521;ESTRADA DO GAVIÃO ;ESTRADA;PRIMÁRIO;R. CELINO MENEZES ;R. CELINO MENEZES - KM 00;Início da Estrada do Gavião - R. Celino Menezes - Ao lado da Oficina e Lava Jato Carauari - Km 00;Fim da Estrada do Gavião - Porto do Gavião - Km 8,39;CARAUARI ;INTERIOR;8,39;;km;"  4°52'9.64""S";" 66°53'32.05""W";"  4°50'12.38""S";" 66°51'3.49""W";Ok;;;;;;;;;;;;;;;;;;;;;;;;;;;;;;;;;LEITO NATURAL;;;EM OBRA;;;;R$ 20.975.000,00;
 RMHUM ;522;ESTRADA DA PORTOBRÁS;ESTRADA;PRIMÁRIO;BR-230;BR-230 - KM 00;Início da Estrada da Portobrás - Br-230 - Km 00;Fim da Estrada da Petrobrás - Km 1,84;HUMAITÁ ;INTERIOR;1,84;;km;"  7°29'46.76""S";" 63° 1'35.39""W";"  7°28'48.98""S";" 63° 1'36.57""W";Ok;;;;;;;;;;;;;;;;;;;;;;;;;;;;;;;;;LEITO NATURAL;;;A VISITAR;;;;R$ 4.600.000,00;
 RMCAR ;523;ESTRADA DO TAQUARA;ESTRADA;PRIMÁRIO;AM-333;AM-333 - KM 00;Início da Estrada do Taquara - Am-333 - Km 00;Fim da Estrada do Taquara - Comunidade Taquara - Km 4,78;CARAUARI ;INTERIOR;4,78;;km;"  4°53'38.44""S";" 66°55'51.04""W";"  4°55'59.58""S";" 66°55'45.54""W";Ok;;;;;;;;;;;;;;;;;;;;;;;;;;;;;;;;;LEITO NATURAL;;;A VISITAR;;;;R$ 11.950.000,00;
RMCRV;524;ESTRADA DO CAMBIXE ;ESTRADA;PRIMÁRIO;-;-;Início da Estrada do Cambixe - Km 00 ;Fim da Estrada Camxibe - Fazenda Silva Mendes - Km 18 ;CAREIRO DA VÁRZEA ;RMM;18,00;;km;"  3°11'49.60""S";" 59°49'40.69""W";"  3°12'17.85""S";" 59°40'15.37""W";Ok;;;;;;;;;;;;;;;;;;;;;;;;;;;;;;;;;LEITO NATURAL;;;A VISITAR;;;;R$ 45.000.000,00;
RMCRO;525;RAMAL DO JACAMIM ;ESTRADA;PRIMÁRIO;BR-319 ;BR-319 - KM 00;Início do Ramal do Jacamim - Br-319 - Km 00 ;Início do Ramal do Jacamim - Lago do Araça Sr. Anselmo - Km 3,31;CAREIRO ;RMM;3,31;;km;"  3°27'43.48""S";" 60° 3'4.54""W";"  3°26'14.87""S";" 60° 3'50.16""W";Ok;;;;;;;;;;;;;;;;;;;;;;;;;;;;;;;;;LEITO NATURAL;;;A VISITAR;;;;R$ 8.275.000,00;
RMCRO;526;RAMAL DO TIMBÓ;ESTRADA;PRIMÁRIO;BR-319 ;BR-319 - KM 00;Início do Ramal do Timbó - Br-319 - Km 00;Fim do Ramal do Timbó - Km 2,72;CAREIRO ;RMM;2,72;;km;"  3°27'52.18""S";" 60° 3'25.92""W";"  3°29'4.26""S";" 60° 2'59.62""W";Ok;;;;;;;;;;;;;;;;;;;;;;;;;;;;;;;;;LEITO NATURAL;;;A VISITAR;;;;R$ 6.800.000,00;
RMCRO;527;RAMAL DO MIRA;ESTRADA;PRIMÁRIO;BR-319 ;BR-319 - KM 00;Início do Ramal do Mira - Br-319 - Km 00;Fim do Ramal do Mira - Km 7,31;CAREIRO ;RMM;7,31;;km;"  3°31'21.24""S";" 60° 8'38.59""W";"  3°31'42.59""S";" 60° 5'36.97""W";Ok;;;;;;;;;;;;;;;;;;;;;;;;;;;;;;;;;LEITO NATURAL;;;A VISITAR;;;;R$ 18.275.000,00;
RMCRO;528;RAMAL SÃO JOSÉ;ESTRADA;PRIMÁRIO;BR-319 ;BR-319 - KM 00;Início do Ramal São José - Br-319 - Km 00 ;Fim Ramal São José - Porto Pedro Leite - Km 14,5;CAREIRO ;RMM;14,50;;km;"  3°30'33.35""S";" 60° 7'53.93""W";"  3°24'50.89""S";" 60°13'5.26""W";Ok;;;;;;;;;;;;;;;;;;;;;;;;;;;;;;;;;LEITO NATURAL;;;A VISITAR;;;;R$ 36.250.000,00;
RMCRO;529;RAMAL DO CAAPIRANGA ;ESTRADA;PRIMÁRIO;BR-319 ;BR-319 - KM 00;Início do Ramal do Caapiranga - Br-319 - Km 00;Fim do Ramal do Caapiranga - Km 9,28;CAREIRO ;RMM;9,28;;km;"  3°32'42.13""S";" 60° 9'56.09""W";"  3°29'32.50""S";" 60°12'2.11""W";Ok;;;;;;;;;;;;;;;;;;;;;;;;;;;;;;;;;LEITO NATURAL;;;A VISITAR;;;;R$ 23.200.000,00;
RMCRV;530;ESTRADA TERRA NOVA;ESTRADA;PRIMÁRIO;-;-;Início da Estrada Terra Nova - Km 00;Fim da Estrada Terra Nova - Km 12,4;CAREIRO DA VÁRZEA;RMM;12,40;;km;"  3° 7'36.53""S";" 59°53'1.22""W";"  3° 5'36.09""S";" 59°46'42.40""W";Ok;;;;;;;;;;;;;;;;;;;;;;;;;;;;;;;;;LEITO NATURAL;;;A VISITAR;;;;R$ 31.000.000,00;
RMCRO;531;RAMAL SÃO JOÃO ;ESTRADA;PRIMÁRIO;BR-319 ;BR-319 - KM 00;Início do Ramal São João - Br-319 - Km 00;Fim do Ramal São João - Km 6,43;CAREIRO;RMM;6,43;;km;"  3°36'17.90""S";" 60°13'23.25""W";"  3°39'3.18""S";" 60°11'35.74""W";Ok;;;;;;;;;;;;;;;;;;;;;;;;;;;;;;;;;LEITO NATURAL;;;A VISITAR;;;;R$ 16.075.000,00;
RMCOI;532;RAMAL DO PARAÍSO ;ESTRADA;PRIMÁRIO;AM-343;AM-343 - KM 14,6;Início do Ramal do Paraíso - Am-343 - Km 14,6;Fim do Ramal do Paraíso - Km 7,87;COARI ;INTERIOR;7,87;;km;"  4° 9'57.97""S";" 63° 9'22.01""W";"  4°11'43.29""S";" 63°12'34.74""W";Ok;;;;;;;;;;;;;;;;;;;;;;;;;;;;;;;;;LEITO NATURAL;;;A VISITAR;;;;R$ 19.675.000,00;
RMCOI;533;RAMAL DO GUARABIRA ;ESTRADA;PRIMÁRIO;ESTRADA DE COARI ITAPEUA ;ESTRADA DE COARI ITAPEUA - KM 13,06 ;Início do Ramal do Guarabira - Estrada de Coari Itapeua - Km 13,06;Fim do Ramal do Guarabira - Km 1,11;COARI ;INTERIOR;1,11;;km;"  4° 6'28.82""S";" 63° 2'15.28""W";"  4° 6'42.63""S";" 63° 1'42.79""W";Ok;;;;;;;;;;;;;;;;;;;;;;;;;;;;;;;;;LEITO NATURAL;;;A VISITAR;;;;R$ 2.775.000,00;
RMCOD;534;ESTRADA DO PROGESSO ;ESTRADA;PRIMÁRIO;R. MANOEL ALVES ;R. MANOEL ALVES - KM 00;Início da Estrada do Progresso - R.Manoel Alves - Km 00;Fim da Estrada do Progresso - Km 4,41 ;CODAJÁS;INTERIOR;4,41;;km;"  3°50'19.09""S";" 62° 3'21.74""W";"  3°48'44.49""S";" 62° 1'44.99""W";Ok;;;;;;;;;;;;;;;;;;;;;;;;;;;;;;;;;LEITO NATURAL;;;A VISITAR;;;;R$ 11.025.000,00;
 RMSGC ;535;ESTRADA DO MIUÁ ;ESTRADA;PRIMÁRIO;AM-239;AM-239 - KM 13,9;Início da Estrada do Miuá - Am-239 - Km 13,9;Fim da Estrada do Miuá - Igarepé Miua Lago Verde - Km 10,2;SÃO GABRIEL DA CACHOEIRA;INTERIOR;10,20;;km;"  0° 8'50.82""S";" 66°56'23.99""W";"  0° 6'13.27""S";" 66°52'37.68""W";Ok;;;;;;;;;;;;;;;;;;;;;;;;;;;;;;;;;LEITO NATURAL;;;A VISITAR;;;;R$ 25.500.000,00;
RMCOD;536;RAMAL DO TARACUÁ ;ESTRADA;PRIMÁRIO;AM-252;AM-252 - KM 8;Início do Ramal do Taracuá - Am-252 - Km 8;Fim do Ramal do Taracuá - Comunidade do Taracuá - Km 15,7;CODAJÁS;INTERIOR;15,70;;km;"  3°47'44.02""S";" 62° 2'30.08""W";"  3°42'47.12""S";" 62° 8'14.14""W";Ok;;;;;;;;;;;;;;;;;;;;;;;;;;;;;;;;;LEITO NATURAL;;;A VISITAR;;;;R$ 39.250.000,00;
 RMEIR ;537;ESTRADA DO XIDÁ ;ESTRADA;PRIMÁRIO;R. RICARDO SALVIANO ;R. RICARDO SALVIANO - KM 00;Início da Estrada do Xidá - R. Ricardo Salviano - Ao lado da Eletrocell Assistência - Km 00;Fim da Estrada do Xidá - Km 19,5;EIRUNEPÉ ;INTERIOR;19,50;;km;"  6°39'26.40""S";" 69°52'46.56""W";"  6°32'16.75""S";" 69°51'1.48""W";Ok;;;;;;;;;;;;;;;;;;;;;;;;;;;;;;;;;LEITO NATURAL;;;A VISITAR;;;;R$ 48.750.000,00;
 RMEIR ;538;ESTRADA DO IGARAPÉ PRETO ;ESTRADA;PRIMÁRIO;R. VEREADOR JOSÉ CAMILO ;R. VEREADOR JOSÉ CAMILO - KM 00 ;Início da Estrada do Igarapé Preto - R. Vereador José Camilo - Km 00;Fim da Estrada do Igarapé Preto - Km 19,1;EIRUNEPÉ ;INTERIOR;19,10;;km;"  6°39'17.38""S";" 69°51'45.30""W";"  6°33'50.75""S";" 69°46'14.51""W";Ok;;;;;;;;;;;;;;;;;;;;;;;;;;;;;;;;;LEITO NATURAL;;;A VISITAR;;;;R$ 47.750.000,00;
 RMEIR ;539;ESTRADA AQUARICARAL ;ESTRADA;PRIMÁRIO;R. GETÚLIO VARGAS ;R. GETÚLIO VARGAS - KM 00;Início da Estrada Aquaricaral - R. Getúlio Vargas - Km 00;Fim da Estrada da Aquaricaral - Km 9,72;EIRUNEPÉ ;INTERIOR;9,72;;km;"  6°39'32.93""S";" 69°52'5.06""W";"  6°35'51.38""S";" 69°50'46.12""W";Ok;;;;;;;;;;;;;;;;;;;;;;;;;;;;;;;;;LEITO NATURAL;;;A VISITAR;;;;R$ 24.300.000,00;
 RMEIR ;540;ESTRADA DO S.I ;ESTRADA;PRIMÁRIO;R.PROJETADA 3;R.PROJETADA 3 - KM 00;Início da Estrada S.I - R. Projetada 3 - Km 00 ;Fim da Estrada do S.I - Km 6,53;EIRUNEPÉ ;INTERIOR;6,53;;km;"  6°39'37.44""S";" 69°53'1.16""W";"  6°39'48.29""S";" 69°55'24.59""W";Ok;;;;;;;;;;;;;;;;;;;;;;;;;;;;;;;;;LEITO NATURAL;;;A VISITAR;;;;R$ 16.325.000,00;
 RMEIR ;541;SUB. RAMAL DO kM 5,79 - ESTRADA DO XIDÁ ;ESTRADA;PRIMÁRIO;ESTRADA DO XIDÁ ;ESTRADA DO XIDÁ - KM 5,79;Início do Sub. Ramal do Km 5,79 - Estrada do Xidá - Km 5,79;Fim do Sub. Ramal do Km 5,79 - Estrada do Xida - Km 16;EIRUNEPÉ ;INTERIOR;16,00;;km;"  6°37'25.19""S";" 69°54'17.43""W";"  6°33'9.71""S";" 69°58'54.54""W";Ok;;;;;;;;;;;;;;;;;;;;;;;;;;;;;;;;;LEITO NATURAL;;;A VISITAR;;;;R$ 40.000.000,00;
 RMENV ;542;ESTRADA DE FOZ DO ENVIRA ;ESTRADA;PRIMÁRIO;ESTRADA DO MARIANO ;ESTRADA DO MARIANO - KM 3,84;Início da Estrada de Foz do Envira - Estrada do Mariano - Km 3,84;Fim da Estrada de Foz do Envira - Km 2,75;ENVIRA;INTERIOR;2,75;;km;"  7°28'15.51""S";" 70° 1'53.68""W";"  7°29'25.67""S";" 70° 2'35.52""W";Ok;;;;;;;;;;;;;;;;;;;;;;;;;;;;;;;;;LEITO NATURAL;;;A VISITAR;;;;R$ 6.875.000,00;
RMTEF;543;ESTRADA DA AGROVILA ;ESTRADA;PRIMÁRIO;AM-366;AM-366 - KM 392,30;Início da Estrada da Agrovila - Am-366 - Km 392,30 ;Fim da Estrada da Agrovila - Km 6,19;TEFÉ;INTERIOR;6,19;;km;"  3°24'58.78""S";" 64°44'1.31""W";"  3°27'15.88""S";" 64°46'4.20""W";Ok;;;;;;;;;;;;;;;;;;;;;;;;;;;;;;;;;LEITO NATURAL;;;A VISITAR;;;;R$ 15.475.000,00;
 RMENV ;544;ESTRADA ENVIRA - FEIJÓ (AC) ;ESTRADA;PRIMÁRIO;R.CONCÓRDIA;R.CONCÓRDIA - KM 00;Início da Estrada Envira - Feijó ( AC) - R.Concórdia - Km 00;Fim da Estrada Envira - Feijó (AC) - Km 43,9;ENVIRA;INTERIOR;43,90;;km;"  7°26'24.22""S";" 70° 0'56.50""W";"  7°48'3.39""S";" 69°55'29.13""W";Ok;;;;;;;;;;;;;;;;;;;;;;;;;;;;;;;;;LEITO NATURAL;;;A VISITAR;;;;R$ 109.750.000,00;
 RMENV ;545;ESTRADA DO MARIANO ;ESTRADA;PRIMÁRIO;AV. JOAQUIM BROBA ;AV. JOAQUIM BROBA - KM 00;Início da Estrada do Mariano - Av. Joaquim Borba - Km 00;Fim da Estrada do Mariano - Km 14,3;ENVIRA;INTERIOR;14,30;;km;"  7°26'19.65""S";" 70° 1'44.97""W";"  7°32'52.05""S";" 69°59'35.44""W";Ok;;;;;;;;;;;;;;;;;;;;;;;;;;;;;;;;;LEITO NATURAL;;;A VISITAR;;;;R$ 35.750.000,00;
 RMENV ;546;SUB. RAMAL DO kM 5,42  - ESTRADA DO MARIANO ;ESTRADA;PRIMÁRIO;ESTRADA DO MARIANO ;ESTRADA DO MARIANO - KM 5,42;Início do Sub. Ramal do Km 5,42 - Estrada do Mariano - Km 5,42;Fim do Sub. Ramal do Km 5,42 - Estrada do Mariano - Km 6,87;ENVIRA;INTERIOR;6,87;;km;"  7°29'2.90""S";" 70° 1'40.81""W";"  7°32'28.58""S";" 70° 1'35.57""W";Ok;;;;;;;;;;;;;;;;;;;;;;;;;;;;;;;;;LEITO NATURAL;;;A VISITAR;;;;R$ 17.175.000,00;
 RMENV ;547;ESTRADA VICINAL ;ESTRADA;PRIMÁRIO;-;-;Início da Estrada Vicinal - Km 00;Fim da Estrada da Vicinal - Km 1 ;ENVIRA;INTERIOR;1,00;;km;"  7°27'23.24""S";" 70° 1'1.17""W";"  7°26'58.92""S";" 70° 1'18.41""W";Ok;;;;;;;;;;;;;;;;;;;;;;;;;;;;;;;;;LEITO NATURAL;;;A VISITAR;;;;R$ 2.500.000,00;
 RMENV ;548;ESTRADA DO CACAU DO TARAUACA;ESTRADA;PRIMÁRIO;R. RENÊ LEVE ;R. RENÊ LEVE - KM 00;Início do Estrada do Cacau do Tarauaca - R. Renê Leve - Pero do Recanto Verde - Km 00;Fim da Estrada do Cacau do Tarauaca - Km 5,63;ENVIRA;INTERIOR;5,63;;km;"  7°26'0.88""S";" 70° 1'30.27""W";"  7°25'59.96""S";" 69°58'36.39""W";Ok;;;;;;;;;;;;;;;;;;;;;;;;;;;;;;;;;LEITO NATURAL;;;A VISITAR;;;;R$ 14.075.000,00;
 RMFBO ;549;ESTRADA DO CHINELO ;ESTRADA;PRIMÁRIO;R. GEN. RONDON ;R. GEN. RONDON - KM 00;Início da Estrada do Chinelo - R. gen. Rondon - Em Frente da Barbearia José dias - Km 00;Fim da Estrada do Chinelo - Km 4,13;FONTE BOA;INTERIOR;4,13;;km;"  2°30'50.58""S";" 66° 6'21.57""W";"  2°32'43.30""S";" 66° 7'16.19""W";Ok;;;;;;;;;;;;;;;;;;;;;;;;;;;;;;;;;LEITO NATURAL;;;A VISITAR;;;;R$ 10.325.000,00;
 RMFBO ;550;ESTRADA TARACUÁ ;ESTRADA;PRIMÁRIO;ESTRADA DO BARÉ ;ESTRADA DO BARÉ - KM 1;Início da Estrada Taracuá - Estrada do Baré - Km 1;Fim da Estrada Taracuá - Km 4 ;FONTE BOA;INTERIOR;4,00;;km;"  2°30'34.25""S";" 66° 4'32.03""W";"  2°30'23.38""S";" 66° 2'41.31""W";Ok;;;;;;;;;;;;;;;;;;;;;;;;;;;;;;;;;LEITO NATURAL;;;A VISITAR;;;;R$ 10.000.000,00;
 RMFBO ;551;ESTRADA DO BARÉ ;ESTRADA;PRIMÁRIO;R. TERTULIANO RODRIGUES ;R. TERTULIANO RODRIGUES - KM 00;Início da Estrada do Baré - R.Tertuliano Rodrigues - Km 00;Fim da Estrada do Baré - Porto de Fonte Boa - Km 2,75;FONTE BOA;INTERIOR;2,75;;km;"  2°30'48.68""S";" 66° 4'57.77""W";"  2°29'46.67""S";" 66° 4'6.38""W";Ok;;;;;;;;;;;;;;;;;;;;;;;;;;;;;;;;;LEITO NATURAL;;;A VISITAR;;;;R$ 6.875.000,00;
 RMFBO ;552;ANTIGA ESTRADA DO BARÉ ;ESTRADA;PRIMÁRIO;-;-;Início da Estrada do Baré - Km 00;Fim da Antiga Estrada do Baré - Km 1,34;FONTE BOA;INTERIOR;1,34;;km;"  2°30'43.09""S";" 66° 4'36.13""W";"  2°30'9.83""S";" 66° 4'14.55""W";Ok;;;;;;;;;;;;;;;;;;;;;;;;;;;;;;;;;LEITO NATURAL;;;A VISITAR;;;;R$ 3.350.000,00;
 RMFBO ;553;ESTRADA DOS AGRICULTORES;ESTRADA;PRIMÁRIO;ESTRADA DO BARÉ ;ESTRADA DO BARÉ - KM 1,63;Início da Estrada dos Agricultores - Estrada do Baré - Km 1,63;Fim da Estrada dos Agricultores - Km 2,56;FONTE BOA;INTERIOR;2,56;;km;"  2°30'18.78""S";" 66° 4'18.92""W";"  2°30'16.46""S";" 66° 3'6.99""W";Ok;;;;;;;;;;;;;;;;;;;;;;;;;;;;;;;;;LEITO NATURAL;;;A VISITAR;;;;R$ 6.400.000,00;
 RMFBO ;554;ESTRADA DO REMANSO ;ESTRADA;PRIMÁRIO;ESTRADA DO BARÉ ;ESTRADA DO BARÉ - KM 2,17;Início Estrada do Remanso - Estrada do Baré - Km 2,1;Fim da Estrada do Remanso - Km 1,77;FONTE BOA;INTERIOR;1,77;;km;"  2°30'2.29""S";" 66° 4'13.81""W";"  2°29'27.59""S";" 66° 3'33.27""W";Ok;;;;;;;;;;;;;;;;;;;;;;;;;;;;;;;;;LEITO NATURAL;;;A VISITAR;;;;R$ 4.425.000,00;
 RMFBO ;555;ESTRADA DO AEROPORTO ;ESTRADA;PRIMÁRIO;R. PRES. MÉDICE;R. PRES. MÉDICE - KM 00;Início da Estrada do Aeroporto - Em Frente ao Hospedaria da Dica - Km 00;Fim da Estrada do Aeroporto - Km 1,84;FONTE BOA;INTERIOR;1,84;;km;"  2°31'5.53""S";" 66° 5'42.58""W";"  2°31'50.64""S";" 66° 5'4.66""W";Ok;;;;;;;;;;;;;;;;;;;;;;;;;;;;;;;;;LEITO NATURAL;;;A VISITAR;;;;R$ 4.600.000,00;
 RMFBO ;556;ESTRADA DO ARIRAMBA ;ESTRADA;PRIMÁRIO;ESTRADA DO AEROPORTO ;ESTRADA DO AEROPORTO - KM 1,80 ;Início da Estrada do Ariramba - Estrada do Aeroporto - Km 1,80 ;Fim da Estrada do Ariramba - Km 2,94;FONTE BOA;INTERIOR;2,94;;km;"  2°31'49.80""S";" 66° 5'7.03""W";"  2°33'9.42""S";" 66° 4'42.56""W";Ok;;;;;;;;;;;;;;;;;;;;;;;;;;;;;;;;;LEITO NATURAL;;;A VISITAR;;;;R$ 7.350.000,00;
 RMHUM ;557;RAMAL DA BAIANA ;ESTRADA;PRIMÁRIO;BR-319;BR-319 - KM 97,92;Início do Ramal da Baiana - Br-319 - Km 97,92;Fim do Ramal da Baiana - Km 8,46;HUMAITÁ ;INTERIOR;8,46;;km;"  6°59'39.07""S";" 63° 6'0.08""W";"  7° 0'52.89""S";" 63° 9'37.24""W";Ok;;;;;;;;;;;;;;;;;;;;;;;;;;;;;;;;;LEITO NATURAL;;;A VISITAR;;;;R$ 21.150.000,00;
 RMHUM ;558;RAMAL DA MARINALVA;ESTRADA;PRIMÁRIO;BR-319;BR-319 - KM 91,95;Início do Ramal do Marinalva - Br-319 - Km 91,95;Fim do Ramal da Marinalva - Km 5,38;HUMAITÁ ;INTERIOR;5,38;;km;"  7° 2'50.47""S";" 63° 6'21.46""W";"  7° 2'19.38""S";" 63° 4'13.27""W";Ok;;;;;;;;;;;;;;;;;;;;;;;;;;;;;;;;;LEITO NATURAL;;;A VISITAR;;;;R$ 13.450.000,00;
 RMHUM ;559;RAMAL DO kM 104 - BR-319;ESTRADA;PRIMÁRIO;BR-319;BR-319 - KM 104,49;Início do Ramal do Km 104 - Br-319 - Km 104,49;Fim do Ramal do Km 104 - Br-319 - Km 16,2;HUMAITÁ ;INTERIOR;16,20;;km;"  6°56'39.48""S";" 63° 5'7.49""W";"  6°59'54.01""S";" 62°57'0.19""W";Ok;;;;;;;;;;;;;;;;;;;;;;;;;;;;;;;;;LEITO NATURAL;;;A VISITAR;;;;R$ 40.500.000,00;
 RMHUM ;560;RAMAL DO SÃO FRANCISCO ;ESTRADA;PRIMÁRIO;BR-319;BR-319 - KM 99,77;Início do Ramal do São Francisco - Br-319 - Km - 99,77;Fim do Ramal do São Francisco - Km 5,42;HUMAITÁ ;INTERIOR;5,42;;km;"  6°58'45.17""S";" 63° 5'36.45""W";"  6°56'59.07""S";" 63° 4'6.62""W";Ok;;;;;;;;;;;;;;;;;;;;;;;;;;;;;;;;;LEITO NATURAL;;;A VISITAR;;;;R$ 13.550.000,00;
 RMHUM ;561;RAMAL DO SÃO FRANCISCO 1;ESTRADA;PRIMÁRIO;RAMAL DO SÃO FRANCISCO ;RAMAL DO SÃO FRANCISCO - KM 00;Início do Ramal do São Francisco 1 - Km 00;Fim do Ramal do São Francisco 1 - Km 6,49;HUMAITÁ ;INTERIOR;6,49;;km;"  6°59'2.78""S";" 63° 4'44.50""W";"  6°59'38.21""S";" 63° 1'34.45""W";Ok;;;;;;;;;;;;;;;;;;;;;;;;;;;;;;;;;LEITO NATURAL;;;A VISITAR;;;;R$ 16.225.000,00;
 RMHUM ;562;RAMAL DA LINHA DE NARAZÉ ;ESTRADA;PRIMÁRIO;BR-319;BR-319 - KM 118,78;Início do Ramal da Linha de Narazé - Br-319 - Km 118,78;Fim do Ramal da Linha de Narazé - Km 7 ;HUMAITÁ ;INTERIOR;7,00;;km;"  6°49'31.82""S";" 63° 2'15.14""W";"  6°50'44.32""S";" 62°58'44.95""W";Ok;;;;;;;;;;;;;;;;;;;;;;;;;;;;;;;;;LEITO NATURAL;;;A VISITAR;;;;R$ 17.500.000,00;
 RMHUM ;563;RAMAL DOS PALMARES;ESTRADA;PRIMÁRIO;BR-319;BR-319 - KM 104,75;Início do Ramal dos Palmares - Br-319 - Km 104,75;Fim do Ramal dos Palmares  - Km 7,8;HUMAITÁ ;INTERIOR;7,80;;km;"  6°56'31.08""S";" 63° 5'5.62""W";"  6°55'3.10""S";" 63° 8'39.95""W";Ok;;;;;;;;;;;;;;;;;;;;;;;;;;;;;;;;;LEITO NATURAL;;;A VISITAR;;;;R$ 19.500.000,00;
 RMHUM ;564;RAMAL DO PACU;ESTRADA;PRIMÁRIO;BR-319;BR-319 - KM 101,21;Início do Ramal do Pacu - Br-319 - Km 101,21;Fim do Ramal do Pacu - Km 1,80;HUMAITÁ ;INTERIOR;1,80;;km;"  6°58'20.96""S";" 63° 5'40.32""W";"  6°58'21.86""S";" 63° 6'26.43""W";Ok;;;;;;;;;;;;;;;;;;;;;;;;;;;;;;;;;LEITO NATURAL;;;A VISITAR;;;;R$ 4.500.000,00;
 RMHUM ;565;RAMAL DO IPIXUNA ;ESTRADA;PRIMÁRIO;BR-319;BR-319 - KM 102;Início do Ramal do Ipixuna - Br-319 - Km 102 ;Fim do Ramal do Ipixuna - Km 4,83;HUMAITÁ ;INTERIOR;4,83;;km;"  6°57'53.51""S";" 63° 5'31.65""W";"  6°57'10.72""S";" 63° 7'55.66""W";Ok;;;;;;;;;;;;;;;;;;;;;;;;;;;;;;;;;LEITO NATURAL;;;A VISITAR;;;;R$ 12.075.000,00;
 RMHUM ;566;RAMAL CASCALHEIRA;ESTRADA;PRIMÁRIO;BR-319;BR-319 - KM 103,64;Início do Ramal Cascalheira - Br-319 - Km 103,64;Fim do Ramal Cascalheira - Km 0,69;HUMAITÁ ;INTERIOR;0,69;;km;"  6°57'2.73""S";" 63° 5'14.87""W";"  6°57'9.58""S";" 63° 4'53.73""W";Ok;;;;;;;;;;;;;;;;;;;;;;;;;;;;;;;;;LEITO NATURAL;;;A VISITAR;;;;R$ 1.725.000,00;
 RMHUM ;567;RAMAL LINHA DO OLHO D'ÁGUA;ESTRADA;PRIMÁRIO;BR-319;BR-319 - KM 109,35;Início do Ramal Linha do Olho D'Água  - Br-319 - Km 109,35;Fim do Ramal da Linha do Olho D'Água - Km 8,51 ;HUMAITÁ ;INTERIOR;8,51;;km;"  6°54'9.01""S";" 63° 4'19.77""W";"  6°55'50.22""S";" 63° 0'41.44""W";Ok;;;;;;;;;;;;;;;;;;;;;;;;;;;;;;;;;LEITO NATURAL;;;A VISITAR;;;;R$ 21.275.000,00;
 RMHUM ;568;RAMAL DO ALTO CRATO ;ESTRADA;PRIMÁRIO;R. ALVARO BOTELHO MAIA ;R. ALVARO BOTELHO MAIA - KM 00;Início do Ramal do Alto Crato - R. Alvaro Botelho Maia - Km 00;Fim do Ramal do Alto Crato - Anel Viário de Humaitá - Km 3,81;HUMAITÁ ;INTERIOR;3,81;;km;"  7°30'30.26""S";" 63° 2'4.25""W";"  7°29'32.35""S";" 63° 3'21.94""W";Ok;;;;;;;;;;;;;;;;;;;;;;;;;;;;;;;;;LEITO NATURAL;;;A VISITAR;;;;R$ 9.525.000,00;
 RMHUM ;569;RAMAL DA BELEZA;ESTRADA;PRIMÁRIO;R. ESTANISLAU AFONSO;R. ESTANISLAU AFONSO - KM 00;Início do Ramal da Beleza - R. Estanislau Afonso - Km 00;Fim do Ramal da Beleza - Anel Viário de Humaitá - Km 2,25;HUMAITÁ ;INTERIOR;2,25;;km;"  7°30'8.91""S";" 63° 2'24.46""W";"  7°29'25.85""S";" 63° 3'18.62""W";Ok;;;;;;;;;;;;;;;;;;;;;;;;;;;;;;;;;LEITO NATURAL;;;A VISITAR;;;;R$ 5.625.000,00;
 RMHUM ;570;RAMAL DO PEDRINHO ;ESTRADA;PRIMÁRIO;-;-;Início do Ramal do Pedrinho - Km 00;Fim do Ramal do Pedrinho - Km 0,89;HUMAITÁ ;INTERIOR;0,89;;km;"  7°28'41.94""S";" 63° 2'56.77""W";"  7°28'42.52""S";" 63° 2'30.20""W";Ok;;;;;;;;;;;;;;;;;;;;;;;;;;;;;;;;;LEITO NATURAL;;;A VISITAR;;;;R$ 2.225.000,00;
 RMHUM ;571;RAMAL DOS PARAGUAIOS;ESTRADA;PRIMÁRIO;ANEL VIÁRIO DE HUMAITÁ ;ANEL VIÁRIO DE HUMAITÁ - KM 00;Início do Ramal do Paraguaios - Anel Viário de Humaitá - Km 00;Fim do Ramal dos Paraguaios - Km 14,3;HUMAITÁ ;INTERIOR;14,30;;km;"  7°29'10.95""S";" 63° 3'11.05""W";"  7°22'47.99""S";" 63° 2'22.77""W";Ok;;;;;;;;;;;;;;;;;;;;;;;;;;;;;;;;;LEITO NATURAL;;;A VISITAR;;;;R$ 35.750.000,00;
 RMHUM ;572;RAMAL DAS QUATRO ESTRADAS ;ESTRADA;PRIMÁRIO;RAMAL DOS PARAGUAIOS ;RAMAL DOS PARAGUAIOS - KM 6,85;Início do Ramal das Quatro Estradas - Ramal dos Paraguaios - Km 6,85;Fim do Ramal das Quatro Estrelas - Km 2,13;HUMAITÁ ;INTERIOR;2,13;;km;"  7°26'29.82""S";" 63° 3'5.16""W";"  7°27'5.25""S";" 63° 3'50.17""W";Ok;;;;;;;;;;;;;;;;;;;;;;;;;;;;;;;;;LEITO NATURAL;;;A VISITAR;;;;R$ 5.325.000,00;
RMANM;573;ESTRADA NOVO BRASIL ;ESTRADA;PRIMÁRIO;-;-;Início da Estrada Novo Brasil - Km 00;Final da Estrada Novo Brasil - Comunidade Alexandre - Km 1,59;ANAMÃ;INTERIOR;1,59;;km;"  3°30'56.06""S";" 61°35'2.33""W";"  3°31'39.11""S";" 61°35'24.65""W";Ok;;;;;;;;;;;;;;;;;;;;;;;;;;;;;;;;;LEITO NATURAL;;;A VISITAR;;;;R$ 3.975.000,00;
RMANM;574;ESTRADA COMUNIDADE BOM JESUS;ESTRADA;PRIMÁRIO;-;-;Início da Estrada Comunidade Bom Jesus - Km 00;Fim da Estrada Comunidade Bom Jesus - Km 0,72;ANAMÃ;INTERIOR;0,72;;km;"  3°39'32.83""S";" 61°29'59.91""W";"  3°39'29.41""S";" 61°29'37.87""W";Ok;;;;;;;;;;;;;;;;;;;;;;;;;;;;;;;;;LEITO NATURAL;;;A VISITAR;;;;R$ 1.800.000,00;
RMANM;575;ESTRADA ANAMÃ USINA DE ENERGIA ;ESTRADA;PRIMÁRIO;-;-;Início da Estrada Anamã Usina de Energia - Km 00;Fim da Estrada Anamã Usina de Energia - Km 2,1;ANAMÃ;INTERIOR;2,10;;km;"  3°34'13.98""S";" 61°24'33.91""W";"  3°33'25.71""S";" 61°25'2.97""W";Ok;;;;;;;;;;;;;;;;;;;;;;;;;;;;;;;;;LEITO NATURAL;;;A VISITAR;;;;R$ 5.250.000,00;
RMANM;576;ESTRADA ANAMÃ CUIA;ESTRADA;PRIMÁRIO;-;-;Início da Estrada Anamã Cuia - Km 00;Fim da Estrada Anamã Cuia - Km 5,78;ANAMÃ;INTERIOR;5,78;;km;"  3°34'28.23""S";" 61°22'23.29""W";"  3°34'51.14""S";" 61°19'35.92""W";Ok;;;;;;;;;;;;;;;;;;;;;;;;;;;;;;;;;LEITO NATURAL;;;A VISITAR;;;;R$ 14.450.000,00;
RMMAC;577;ESTRADA LAUARA - FLAMENGUINHO ;ESTRADA;PRIMÁRIO;-;-;Início da Estrada Iauara - Flamenguinho - Km 00;Fim da Estrada Iauara - Flamenguinho - Km 3,30;MANACAPURU;RMM;3,30;;km;"  3°37'38.90""S";" 61°24'6.92""W";"  3°38'37.05""S";" 61°22'39.99""W";Ok;;;;;;;;;;;;;;;;;;;;;;;;;;;;;;;;;LEITO NATURAL;;;A VISITAR;;;;R$ 8.250.000,00;
RMANM;578;ESTRADA N.S.P. SOCORRO - MENINO JESUS;ESTRADA;PRIMÁRIO;-;-;Início da Estrada N. S. P. Socorro - Menino Jesus - Km 00;Fim da Estrada N. S. P. Socorro - Menino Jesus - Km 2,58;ANAMÃ;INTERIOR;2,58;;km;"  3°39'9.15""S";" 61°30'40.81""W";"  3°40'4.21""S";" 61°31'39.43""W";Ok;;;;;;;;;;;;;;;;;;;;;;;;;;;;;;;;;LEITO NATURAL;;;A VISITAR;;;;R$ 6.450.000,00;
RMANM;579;ESTRADA N. S. NAZARÉ - MENINO JESUS ;ESTRADA;PRIMÁRIO;-;-;Início da Estrada N. S. Nazaré - Menino Jesus - Km 00;Fim da Estrada N. S. Nazaré - Menino Jesus - Km 2,1;ANAMÃ;INTERIOR;2,10;;km;"  3°39'9.07""S";" 61°30'40.54""W";"  3°38'30.35""S";" 61°29'47.34""W";Ok;;;;;;;;;;;;;;;;;;;;;;;;;;;;;;;;;LEITO NATURAL;;;A VISITAR;;;;R$ 5.250.000,00;
RMANM;580;ESTRADA VILA NOVA - N.S. NAZARÉ;ESTRADA;PRIMÁRIO;-;-;Início da Estrada Vila Nova N. S. Nazaré - Km 00;Fim da Estrada Vila Nova - N. S. Nazaré - Km 5,96;ANAMÃ;INTERIOR;5,96;;km;"  3°36'57.99""S";" 61°26'58.83""W";"  3°38'29.81""S";" 61°29'46.46""W";Ok;;;;;;;;;;;;;;;;;;;;;;;;;;;;;;;;;LEITO NATURAL;;;A VISITAR;;;;R$ 14.900.000,00;
 RMHUM ;581;RAMAL DA ANTONIETA ATHAÍDE ;ESTRADA;PRIMÁRIO;BR-319;BR-319 - KM 50;Início do Ramal da Antonieta Athaíde - Br-319 - Km 50;Fim do Ramal da Antonieta Athaíde - Km 23,3;HUMAITÁ ;INTERIOR;23,30;;km;"  7°53'34.73""S";" 63°17'14.67""W";"  7°44'26.78""S";" 63°20'49.13""W";Ok;;;;;;;;;;;;;;;;;;;;;;;;;;;;;;;;;LEITO NATURAL;;;A VISITAR;;;;R$ 58.250.000,00;
 RMHUM ;582;RAMAL DO S.I ;ESTRADA;PRIMÁRIO;BR-230 ;BR-230 - KM 180 ;Início do Ramal do S.I. - Ao lado do Sítio e Bar São George - Km 180;Fim do Ramal do S.I. - Km 4,93;HUMAITÁ ;INTERIOR;4,93;;km;"  7°31'29.31""S";" 63°20'40.65""W";"  7°33'34.50""S";" 63°21'15.93""W";Ok;;;;;;;;;;;;;;;;;;;;;;;;;;;;;;;;;LEITO NATURAL;;;A VISITAR;;;;R$ 12.325.000,00;
 RMIPI ;583;RAMAL DO ALEGRETE ;ESTRADA;PRIMÁRIO;R. DOMINGOS BARROSO;R. DOMINGOS BARROSO - KM 00;Início do Ramal do Alegrete - R. Domingos Barroso - Km 00;Fim do Ramal do Alegrete - Km 13;IPIXUNA ;INTERIOR;13,00;;km;"  7° 1'17.77""S";" 71°41'28.30""W";"  6°55'45.77""S";" 71°40'35.81""W";Ok;;;;;;;;;;;;;;;;;;;;;;;;;;;;;;;;;LEITO NATURAL;;;A VISITAR;;;;R$ 32.500.000,00;
 RMIPI ;584;ESTRADA DOS ENCARNADOS;ESTRADA;PRIMÁRIO;R. JOSÉ NOGUEIRA MACIEL ;R. JOSÉ NOGUEIRA MACIEL - KM 00;Início da Estrada dos Encaranados - R. José Maciel - Km 00;Fim da Estrada dos Encarnados - Km 2,33;IPIXUNA ;INTERIOR;2,33;;km;"  7° 2'52.61""S";" 71°41'20.07""W";"  7° 2'23.96""S";" 71°40'21.09""W";Ok;;;;;;;;;;;;;;;;;;;;;;;;;;;;;;;;;LEITO NATURAL;;;A VISITAR;;;;R$ 5.825.000,00;
 RMIPI ;585;RAMAL DO PERNAMBUCO ;ESTRADA;PRIMÁRIO;RAMAL DO ALEGRETE ;RAMAL DO ALEGRETE - KM 1,61;Início do Ramal do Pernambuco - Ramal do Alegrete - Km 1,61;Fim do Ramal do Pernambuco - Km 25,4;IPIXUNA ;INTERIOR;25,40;;km;"  7° 1'3.32""S";" 71°40'47.29""W";"  6°58'58.25""S";" 71°28'37.02""W";Ok;;;;;;;;;;;;;;;;;;;;;;;;;;;;;;;;;LEITO NATURAL;;;A VISITAR;;;;R$ 63.500.000,00;
RMIRA;586;RAMAL DA COMUNIDADE FÉ EM DEUS ;ESTRADA;PRIMÁRIO;AM-151;AM-151 - KM 1,17;Início do Ramal da Comunidade Fé em Deus -Am-151 - Km 1,17;Fim do Ramal da Comunidade Fé em Deus - Km 0,93;IRANDUBA ;RMM;0,93;;km;"  3°16'10.85""S";" 60°10'16.53""W";"  3°15'52.74""S";" 60°10'39.08""W";Ok;;;;;;;;;;;;;;;;;;;;;;;;;;;;;;;;;LEITO NATURAL;;;A VISITAR;;;;R$ 2.325.000,00;
RMIRA;587;SUB. RAMAL BOM JESUS ;ESTRADA;PRIMÁRIO;-;-;Início do Sub. Ramal do Bom Jesus - Sub. Ramal Morada do Sol - Ao Lado da Igreja Adventista do Sétimo Dia Morada - Km 3,30;Fim do Sub. Ramal Bom Jesus - Km 2,15;IRANDUBA ;RMM;2,15;;km;"  3°11'27.03""S";" 60°15'19.21""W";"  3°12'8.74""S";" 60°15'7.93""W";Ok;;;;;;;;;;;;;;;;;;;;;;;;;;;;;;;;;LEITO NATURAL;;;A VISITAR;;;;R$ 5.375.000,00;
RMIRA;588;ESTRADA DA VÁRZEA ;ESTRADA;PRIMÁRIO;AV. AMAZONAS ;AV. AMAZONAS - KM 00;Início da Estrada da Várzea - Av.Amazonas - Km 00;Fim da Estrada da Várzea - Km 4,69;IRANDUBA ;RMM;4,69;;km;"  3°17'0.08""S";" 60°11'14.77""W";"  3°17'53.27""S";" 60° 9'27.08""W";Ok;;;;;;;;;;;;;;;;;;;;;;;;;;;;;;;;;LEITO NATURAL;;;A VISITAR;;;;R$ 11.725.000,00;
RMITA;589;RAMAL DO MANGUEIRINHA ;ESTRADA;PRIMÁRIO;-;-;Início do Ramal do Mangueirinha - Km 00;Fim do Ramal do Mangueirinha - Km 8;ITACOATIARA;RMM;8,00;;km;"  3°26'36.73""S";" 58°35'54.18""W";"  3°23'19.08""S";" 58°36'56.58""W";Ok;;;;;;;;;;;;;;;;;;;;;;;;;;;;;;;;;LEITO NATURAL;;;A VISITAR;;;;R$ 20.000.000,00;
RMITA;590;RAMAL DO CURUPIRINHA ;ESTRADA;PRIMÁRIO;-;-;Início do Ramal do Curupirinha - Km 00;Fim do Ramal do Curupirinha - Km 4,67;ITACOATIARA;RMM;4,67;;km;"  3°29'55.20""S";" 58°36'16.86""W";"  3°31'56.29""S";" 58°35'6.54""W";Ok;;;;;;;;;;;;;;;;;;;;;;;;;;;;;;;;;LEITO NATURAL;;;A VISITAR;;;;R$ 11.675.000,00;
RMITA;591;ESTRADA DO CANAÇARI;ESTRADA;PRIMÁRIO;AV. MÁRIO ANDREAZZA;AV. MÁRIO ANDREAZZA - KM 00;Início da Estrada do Canaçari - Av. Andreazza - Km 00;Fim da Estrada do Canaçari - Km 1;ITACOATIARA;RMM;1,00;;km;"  3° 6'56.10""S";" 58°25'37.87""W";"  3° 6'34.33""S";" 58°25'15.11""W";Ok;;;;;;;;;;;;;;;;;;;;;;;;;;;;;;;;;LEITO NATURAL;;;A VISITAR;;;;R$ 2.500.000,00;
RMITA;592;SUB. RAMAL DA JAMANÃ ;ESTRADA;PRIMÁRIO;RAMAL DO RONDON 1 ;RAMAL DO RONDON 1 - KM 8,64;Início do Sub. Ramal da Jamanã - Ramal do Rondon 1 - Km 8,64;Fim do Sub. Ramal da Jamanã - Km 8,27;ITACOATIARA;RMM;8,27;;km;"  3° 6'30.38""S";" 58°32'16.83""W";"  3° 7'29.45""S";" 58°28'48.24""W";Ok;;;;;;;;;;;;;;;;;;;;;;;;;;;;;;;;;LEITO NATURAL;;;A VISITAR;;;;R$ 20.675.000,00;
RMITA;593;SUB. RAMAL DO CARARAZINHO ;ESTRADA;PRIMÁRIO;RAMAL DO RONDON 1 ;RAMAL DO RONDON 1 - KM 8,65;Início do Ramal do Cararazinho - Ramal do Rondon 1 - Km 3,55;Fim do Ramal do Cararazinho - Km 3,77;ITACOATIARA;RMM;3,77;;km;"  3° 3'47.47""S";" 58°32'29.80""W";"  3° 4'8.56""S";" 58°34'14.83""W";Ok;;;;;;;;;;;;;;;;;;;;;;;;;;;;;;;;;LEITO NATURAL;;;A VISITAR;;;;R$ 9.425.000,00;
RMITA;594;ESTRADA DO LINDÓIA ;ESTRADA;PRIMÁRIO;AM-010 ;AM-010 - KM 183,53;Início da Estrada do Lindóia - Ao Lado Terminal Rodoviário Vila de Lindóia - Am-010 - Km 183,53;Fim da Estrada do Lindóia - Km 0,56;ITACOATIARA;RMM;0,56;;km;"  2°54'33.79""S";" 59° 2'56.84""W";"  2°54'51.77""S";" 59° 2'56.36""W";Ok;;;;;;;;;;;;;;;;;;;;;;;;;;;;;;;;;LEITO NATURAL;;;A VISITAR;;;;R$ 1.400.000,00;
RMITA;595;SUB. RAMAL DO ARUMÃ;ESTRADA;PRIMÁRIO;ESTRADA DO ENGENHO ;ESTRADA DO ENGENHO - KM 11,5;Início do Sub. Ramal do Arumã - Estrada do Engenho - Km 11,5;Fim Sub. Ramal do Arumã - Km  4,19;ITACOATIARA;RMM;4,19;;km;"  3° 8'11.56""S";" 59° 9'3.56""W";"  3° 6'19.74""S";" 59° 9'22.88""W";Ok;;;;;;;;;;;;;;;;;;;;;;;;;;;;;;;;;LEITO NATURAL;;;A VISITAR;;;;R$ 10.475.000,00;
RMITA;596;SUB. RAMAL DO INCRA 2 ;ESTRADA;PRIMÁRIO;ESTRADA DO NOVO REMANSO ;ESTRADA DO NOVO REMANSO - KM 13,3;Início do Ramal do Incra 2 - Estrada do Novo Remanso - Km 13,3;Fim do Sub. Ramal do Incra 2 - Km 2,88;ITACOATIARA;RMM;2,88;;km;"  3° 1'12.15""S";" 59° 8'1.88""W";"  3° 2'24.60""S";" 59° 9'0.74""W";Ok;;;;;;;;;;;;;;;;;;;;;;;;;;;;;;;;;LEITO NATURAL;;;A VISITAR;;;;R$ 7.200.000,00;
RMIRA;597;RAMAL DO MANAIRÃO ;ESTRADA;PRIMÁRIO;AM-352;AM-352 - KM 34,77;Início do Ramal do Manairão - Am-352 - Km 34,77;Fim do Ramal do Ramal do Manairão - Km 0,39;IRANDUBA ;RMM;0,39;;km;"  3° 5'35.64""S";" 60°48'45.44""W";"  3° 5'47.52""S";" 60°48'49.35""W";Ok;;;;;;;;;;;;;;;;;;;;;;;;;;;;;;;;;LEITO NATURAL;;;A VISITAR;;;;R$ 975.000,00;
RMMAC;598;SUB. RAMAL DO MONTE SINAI ;ESTRADA;PRIMÁRIO;RAMAL DO kM 18 - AM-352;RAMAL DO KM 18 - AM-353 - KM 2,62;Início do Sub. Ramal do Monte Sinai - Ramal do Km 18 - Am-352 - Km 2,62;Fim do Sub. Ramal do Monte Sinai - Km 1,80;MANACAPURU;RMM;1,80;;km;"  3° 5'35.64""S";" 60°41'30.52""W";"  3°10'15.25""S";" 60°41'28.75""W";Ok;;;;;;;;;;;;;;;;;;;;;;;;;;;;;;;;;LEITO NATURAL;;;A VISITAR;;;;R$ 4.500.000,00;
RMIRA;599;SUB. RAMAL DA FAMILIA;ESTRADA;PRIMÁRIO;RAMAL DO kM 18 - AM-352;RAMAL DO KM 18 - AM-353 - KM 5 ;Início do Sub. Ramal da Familia - Ramal do Km 18 - Am-352 - Km 5;Fim do Sub. Ramal da Familia - Km 3,36 ;IRANDUBA ;RMM;3,36;;km;"  3° 8'9.72""S";" 60°41'11.06""W";"  3° 8'24.28""S";" 60°39'49.42""W";Ok;;;;;;;;;;;;;;;;;;;;;;;;;;;;;;;;;LEITO NATURAL;;;A VISITAR;;;;R$ 8.400.000,00;
RMIRA;600;RAMAL DO KM 40 - AM-352 ;ESTRADA;PRIMÁRIO;AM-352 ;AM-352 - KM 40,51;Início do Ramal do Km 40 - Am-352 - Km 40,51;Fim do Ramal do Km 40 - Am-352 - Km 2,32;IRANDUBA ;RMM;2,32;;km;"  3° 3'46.84""S";" 60°51'2.89""W";"  3° 2'53.35""S";" 60°50'12.71""W";Ok;;;;;;;;;;;;;;;;;;;;;;;;;;;;;;;;;LEITO NATURAL;;;A VISITAR;;;;R$ 5.800.000,00;
RMMAC;601;RAMAL DO MIRITI;ESTRADA;PRIMÁRIO;AM-070;AM-070 - KM  76,9;Início do Ramal do Miriti - Am-070 - Km 76,9;Fim do Ramal do Miriti - Km 0,61;MANACAPURU;RMM;0,61;;km;"  3°15'45.89""S";" 60°37'22.93""W";"  3°16'5.38""S";" 60°37'18.88""W";Ok;;;;;;;;;;;;;;;;;;;;;;;;;;;;;;;;;LEITO NATURAL;;;A VISITAR;;;;R$ 1.525.000,00;
RMMAC;602;SUB. RAMAL DA PALESTINA ;ESTRADA;PRIMÁRIO;ESTRADA DO CALADO ;ESTRADA DO CALADO - KM 5,41;Início do Sub. Ramal da Palestina - Estrada do Calado - Km 5,41;Fim do Sub. Ramal da Palestina - Km 1,26;MANACAPURU;RMM;1,26;;km;"  3°17'7.98""S";" 60°35'24.91""W";"  3°17'9.90""S";" 60°34'49.56""W";Ok;;;;;;;;;;;;;;;;;;;;;;;;;;;;;;;;;LEITO NATURAL;;;A VISITAR;;;;R$ 3.150.000,00;
RMMAC;603;RAMAL DO CEMITÉRIO;ESTRADA;PRIMÁRIO;AM-453;AM-453 - KM 6,20;Início do Ramal do Cemitério - Am-453 - Km 6,20;Fim do Ramal do Cemitério - Km 2,51;MANACAPURU;RMM;2,51;;km;"  3°17'8.19""S";" 60°26'50.72""W";"  3°17'57.14""S";" 60°26'48.38""W";Ok;;;;;;;;;;;;;;;;;;;;;;;;;;;;;;;;;LEITO NATURAL;;;A VISITAR;;;;R$ 6.275.000,00;
RMMAC;604;SUB. RAMAL DO CIPOAL;ESTRADA;PRIMÁRIO;RAMAL SANTA ROSA;RAMAL SANTA ROSA - KM 6,33;Início do Sub. Ramal do Cipoal - Ramal do Santa Rosa - Km 6,33;Fim do Sub. Ramal do Cipoal - Km 1,92;MANACAPURU;RMM;1,92;;km;"  3°12'19.71""S";" 60°29'59.33""W";"  3°12'12.42""S";" 60°30'57.13""W";Ok;;;;;;;;;;;;;;;;;;;;;;;;;;;;;;;;;LEITO NATURAL;;;A VISITAR;;;;R$ 4.800.000,00;
RMMAC;605;RAMAL DO SANTANA ;ESTRADA;PRIMÁRIO;AM-453;AM-453 - KM 4,88;Início do Ramal do Santana - Am-453 - Km 4,88;Fim do Ramal do Santana - Km 3,16 ;MANACAPURU;RMM;3,16;;km;"  3°16'39.40""S";" 60°27'19.26""W";"  3°18'0.74""S";" 60°27'44.50""W";Ok;;;;;;;;;;;;;;;;;;;;;;;;;;;;;;;;;LEITO NATURAL;;;A VISITAR;;;;R$ 7.900.000,00;
RMMAC;606;SUB. RAMAL REI DAVI ;ESTRADA;PRIMÁRIO;RAMAL NOVA ESPERANÇA ;RAMAL NOVA ESPERANÇA - KM 4,60;Início do Ramal Rei Davi - Ramal Nova Esperança - Km 4,60;Fim do Ramal Rei Davi - Km 4;MANACAPURU;RMM;4,00;;km;"  3°16'19.72""S";" 60°32'55.07""W";"  3°16'25.88""S";" 60°34'39.94""W";Ok;;;;;;;;;;;;;;;;;;;;;;;;;;;;;;;;;LEITO NATURAL;;;A VISITAR;;;;R$ 10.000.000,00;
RMMAC;607; RAMAL VAI QUEM QUER;ESTRADA;PRIMÁRIO;AM-453;AM-453 - KM 3,64;Início do Ramal Vai Quem Quer - Am-453 - Km 3,64;Fim do Ramal Vai Quem Quer - Km 2,18;MANACAPURU;RMM;2,18;;km;"  3°15'59.24""S";" 60°27'25.01""W";"  3°16'6.57""S";" 60°28'29.62""W";Ok;;;;;;;;;;;;;;;;;;;;;;;;;;;;;;;;;LEITO NATURAL;;;A VISITAR;;;;R$ 5.450.000,00;
 RMBER ;608;RAMAL DA PUPUNHA;ESTRADA;PRIMÁRIO;-;-;Início do Ramal da Pupunha - Km 00;Fim do Ramal da Pupunha - Vila Rica de Caviana - Km 23,6;BERURI;INTERIOR;23,60;;km;"  3°43'34.93""S";" 61°14'29.92""W";"  3°45'37.89""S";" 61° 9'24.35""W";Ok;;;;;;;;;;;;;;;;;;;;;;;;;;;;;;;;;LEITO NATURAL;;;A VISITAR;;;;R$ 59.000.000,00;
 RMPAR ;609;ESTRADA DO MACURANY;ESTRADA;PRIMÁRIO;R. ATAUNA;R. ATAUNA - KM 00;Início da Estrada do Macurany - R.Atauna - Ao Lado da Lux - Km 00;Fim da Estrada do Macurany - Km 7,27 ;PARINTINS;INTERIOR;7,27;;km;"  3°43'34.93""S";" 56°44'59.11""W";"  2°38'59.66""S";" 56°43'38.94""W";Ok;;;;;;;;;;;;;;;;;;;;;;;;;;;;;;;;;LEITO NATURAL;;;A VISITAR;;;;R$ 18.175.000,00;
 RMITM ;610;RAMAL DA MARICOTA ;ESTRADA;PRIMÁRIO;AM-363;AM-363 - KM 98,36;Início do Ramal da Maricota - Am-363 - Km 98,36;Fim do Ramal da Maricota - Km 3,57;ITAPIRANGA;RMM;3,57;;km;"  2°43'28.45""S";" 58° 8'2.45""W";"  2°41'50.97""S";" 58° 7'40.85""W";Ok;;;;;;;;;;;;;;;;;;;;;;;;;;;;;;;;;LEITO NATURAL;;;A VISITAR;;;;R$ 8.925.000,00;
 RMALV ;611;RAMAL DO JAIME MONTEIRO;ESTRADA;PRIMÁRIO;AM-362;AM-362 - KM 2,98;Início do Ramal do Jaime Monteiro  - Am-362 - Km 2,98;Fim do Ramal do Jaime Monteiro - Am-362 - Km 0,80;ALVARÃES;INTERIOR;0,80;;km;"  3°16'25.57""S";" 64°47'21.70""W";"  3°16'6.65""S";" 64°47'8.25""W";Ok;;;;;;;;;;;;;;;;;;;;;;;;;;;;;;;;;LEITO NATURAL;;;A VISITAR;;;;R$ 2.000.000,00;
 RMALV ;612;RAMAL DO BAÚ;ESTRADA;PRIMÁRIO;AM-362 ;AM-362 - KM 3,78;Início do Ramal do Baú - Am- 362 - Km 3,78;Fim do  Ramal do Baú - Am-362 - Km 3,75;ALVARÃES;INTERIOR;3,75;;km;"  3°16'13.12""S";" 64°47'44.46""W";"  3°17'42.29""S";" 64°48'22.21""W";Ok;;;;;;;;;;;;;;;;;;;;;;;;;;;;;;;;;LEITO NATURAL;;;A VISITAR;;;;R$ 9.375.000,00;
 RMALV ;613;RAMAL DO CATUIRI/FATIMO;ESTRADA;PRIMÁRIO;AM-362;AM-362 - KM 4,5;Início do Ramal do Catuiri / Fatimo - Am-362 - Km 4,5;Fim do Ramal do Catuiri / Fatimo - Am-362 - Km 23;ALVARÃES;INTERIOR;23,00;;km;"  3°15'58.97""S";" 64°48'3.29""W";"  3°24'4.23""S";" 64°54'1.41""W";Ok;;;;;;;;;;;;;;;;;;;;;;;;;;;;;;;;;LEITO NATURAL;;;A VISITAR;;;;R$ 57.500.000,00;
 RMALV ;614;RAMAL DO kM 5 - AM-362;ESTRADA;PRIMÁRIO;AM-362;AM-362 - KM 5,51;Início do Ramal do Km 5 - Am-362 - Km  5,51;Fim do Ramal do Km 5 - Am-362 - Km 1,20;ALVARÃES;INTERIOR;1,20;;km;"  3°15'30.53""S";" 64°48'19.38""W";"  3°15'13.03""S";" 64°47'47.07""W";Ok;;;;;;;;;;;;;;;;;;;;;;;;;;;;;;;;;LEITO NATURAL;;;A VISITAR;;;;R$ 3.000.000,00;
 RMALV ;615;RAMAL IDESIA / CACHOEIRINHA;ESTRADA;PRIMÁRIO;AM-362;AM-362 - KM 8,04;Início do Ramal Idesia / Cachoeirinha  - Am-362 - Km 8,04;Fim do  Ramal Idesia / Cachoeirinha - Am-362 - Km 1;ALVARÃES;INTERIOR;1,00;;km;"  3°14'35.53""S";" 64°49'16.56""W";"  3°14'13.95""S";" 64°48'54.61""W";Ok;;;;;;;;;;;;;;;;;;;;;;;;;;;;;;;;;LEITO NATURAL;;;A VISITAR;;;;R$ 2.500.000,00;
 RMALV ;616;RAMAL II DO kM 8 - AM-362;ESTRADA;PRIMÁRIO;AM-362;AM-362 - KM 8,88;Início do Ramal II do Km 8 - Am-362 - Km 8,88;Fim do Ramal II do Km 8 - Am-362 - Km 3,17;ALVARÃES;INTERIOR;3,17;;km;"  3°14'24.44""S";" 64°49'25.75""W";"  3°15'37.92""S";" 64°50'32.38""W";Ok;;;;;;;;;;;;;;;;;;;;;;;;;;;;;;;;;LEITO NATURAL;;;A VISITAR;;;;R$ 7.925.000,00;
 RMPAR ;617;ESTRADA DO CONTÔRNO ;ESTRADA;PRIMÁRIO;ESTRADA DO MACURANY;ESTRADA DO MACURANY - KM 2,66 ;Início da Estrada do Contôrno - Estrada do Macurany - Km 2,66;Fim do Estrada do Contôrno - Km 5,78;PARINTINS;INTERIOR;5,78;;km;"  2°40'14.79""S";" 56°44'42.82""W";"  2°38'53.60""S";" 56°45'56.43""W";Ok;;;;;;;;;;;;;;;;;;;;;;;;;;;;;;;;;LEITO NATURAL;;;A VISITAR;;;;R$ 14.450.000,00;
 RMPAR ;618;ESTRADA ODOVALDO NOVO ;ESTRADA;PRIMÁRIO;AV. NAÇÕES UNIDAS ;AV. NAÇÕES UNIDAS - KM 00;Início da Estrada Odovaldo Novo - Av. Nações Novo - Km 00;Fim da Estrada Odolvado Novo - Km 2,56 ;PARINTINS;INTERIOR;2,56;;km;"  2°37'59.40""S";" 56°44'54.41""W";"  2°38'53.45""S";" 56°45'56.38""W";Ok;;;;;;;;;;;;;;;;;;;;;;;;;;;;;;;;;LEITO NATURAL;;;A VISITAR;;;;R$ 6.400.000,00;
 RMPAR ;619;ESTRADA DOS ANINGAS;ESTRADA;PRIMÁRIO;ESTRADA ODOVALDO NOVO ;ESTRADA ODOVALDO NOVO - KM 2,56;Início da Estrada dos Aningas - Estrada Odovaldo Novo - Km 2,56;Fim da Estrada dos Aningas - Balneário Cantagalo - Km 4,60 ;PARINTINS;INTERIOR;4,60;;km;"  2°38'53.47""S";" 56°45'56.45""W";"  2°40'14.73""S";" 56°47'43.57""W";Ok;;;;;;;;;;;;;;;;;;;;;;;;;;;;;;;;;LEITO NATURAL;;;A VISITAR;;;;R$ 11.500.000,00;
 RMPAR ;620;ESTRADA DO PARANANEMA;ESTRADA;PRIMÁRIO;ESTRADA DO CONTÔRNO ;ESTRADA DO CONTÔRNO - KM 3,93;Início da Estrada do Parananema - Estrada do Contôrno - Km 3,93;Fim da Estrada do Parananema - Reserva do Parananema - Km 3,39 ;PARINTINS;INTERIOR;3,39;;km;"  2°39'50.06""S";" 56°46'18.41""W";"  2°40'40.74""S";" 56°47'38.30""W";Ok;;;;;;;;;;;;;;;;;;;;;;;;;;;;;;;;;LEITO NATURAL;;;A VISITAR;;;;R$ 8.475.000,00;
 RMALV ;621;RAMAL DO JARAOÁ;ESTRADA;PRIMÁRIO;AM-362;AM-362 - KM 9,30;Início do Ramal do Jaraoá - Am-362 - Km 9,30;Fim do Ramal do Jaraoá - Am-362 - Km 3,12;ALVARÃES;INTERIOR;3,12;;km;"  3°14'9.55""S";" 64°49'45.44""W";"  3°15'18.81""S";" 64°50'44.98""W";Ok;;;;;;;;;;;;;;;;;;;;;;;;;;;;;;;;;LEITO NATURAL;;;A VISITAR;;;;R$ 7.800.000,00;
 RMAMT ;622;ESTRADA DA CAROLINA ;ESTRADA;PRIMÁRIO;-; -;Início da Estrada da Carolina - Km 00 ;Fim da Estrada da Carolina - Km 1,18;AMATURÁ;INTERIOR;1,18;;km;"  3°21'28.99""S";" 68°11'8.95""W";"  3°21'1.74""S";" 68°10'44.69""W";Ok;;;;;;;;;;;;;;;;;;;;;;;;;;;;;;;;;LEITO NATURAL;;;A VISITAR;;;;R$ 2.950.000,00;
 RMITM ;623;ESTRADA DA ENSEADA ;ESTRADA;PRIMÁRIO;R. BÁRBARA MIRANDA;R. BÁRBARA MIRANDA - KM 00;Início da Estrada da Enseada - Escola Municipal Santo Antonio - Terra nova - R. Bárbara Miranda - Km 00;Fim da Estrada da Enseada - Km 4,58;ITAPIRANGA;RMM;4,58;;km;"  2°45'14.33""S";" 58° 2'4.83""W";"  2°46'5.48""S";" 58° 4'9.32""W";Ok;;;;;;;;;;;;;;;;;;;;;;;;;;;;;;;;;LEITO NATURAL;;;A VISITAR;;;;R$ 11.450.000,00;
 RMITM ;624;RAMAL DO PORTO MADRUBÁ ;ESTRADA;PRIMÁRIO;AM-363;AM-363 - KM 113,10;Início do Ramal do Porto Madrubá - Am-363 - Km 113,10;Fim do Ramal do Porto Madrubá - Porto Madrubá - Km 1,62;ITAPIRANGA;RMM;1,62;;km;"  2°43'3.80""S";" 58° 1'47.69""W";"  2°42'14.93""S";" 58° 1'46.21""W";Ok;;;;;;;;;;;;;;;;;;;;;;;;;;;;;;;;;LEITO NATURAL;;;A VISITAR;;;;R$ 4.050.000,00;
 RMJAP ;625;ESTRADA DO AEROPORTO ;ESTRADA;PRIMÁRIO;AV. AMAZONINO MENDES;AV. AMAZONINO MENDES - Km 00;Início da Estrada do Aeroporto - Av. Amazonino Mendes - Km 00;Fim da Estrada do Aeroporto - Km 2,48 ;JAPURÁ;INTERIOR;2,48;;km;"  1°52'58.80""S";" 66°59'59.38""W";"  1°53'35.61""S";" 67° 1'2.61""W";Ok;;;;;;;;;;;;;;;;;;;;;;;;;;;;;;;;;LEITO NATURAL;;;A VISITAR;;;;R$ 6.200.000,00;
RMJUR;626;RAMAL DO FERRUGEM ;ESTRADA;PRIMÁRIO;AM-366;AM-366 - KM 544,83;Início do Ramal do Ferrugem - R. Raimundo do Rufino da Silva - Am-366 - Km 544,83;Fim do Ramal do Ferrugem - Km 2,81;JURUÁ;INTERIOR;2,81;;km;"  3°28'36.37""S";" 66° 3'10.71""W";"  3°28'41.81""S";" 66° 1'43.14""W";Ok;;;;;;;;;;;;;;;;;;;;;;;;;;;;;;;;;LEITO NATURAL;;;A VISITAR;;;;R$ 7.025.000,00;
RMJUR;627;ESTRADA DO JAPÓ;ESTRADA;PRIMÁRIO;R. SAMUEL AMARAL;R. SAMUEL AMARAL - KM 00;Início da Estrada do Japó - R. Samuel Amaral - Km 00;Fim da Estrada do Japó - Km 5,94;JURUÁ;INTERIOR;5,94;;km;"  3°28'36.89""S";" 66° 3'33.40""W";"  3°31'6.09""S";" 66° 5'9.22""W";Ok;;;;;;;;;;;;;;;;;;;;;;;;;;;;;;;;;LEITO NATURAL;;;A VISITAR;;;;R$ 14.850.000,00;
RMJUR;628;SUB. RAMAL DA AGROVILA ;ESTRADA;PRIMÁRIO;ESTRADA DO IGARAPÉ GRANDE ;ESTRADA DO IGARAPÉ GRANDE - KM 3,59 ;Início Sub. Ramal da Agrovila - Estrada do Igarapé Grande - Km 3,59;Fim Sub. Ramal da Agrovila - Km 4,89;JURUÁ;INTERIOR;4,89;;km;"  3°29'39.00""S";" 66° 2'39.38""W";"  3°31'54.17""S";" 66° 3'52.54""W";Ok;;;;;;;;;;;;;;;;;;;;;;;;;;;;;;;;;LEITO NATURAL;;;A VISITAR;;;;R$ 12.225.000,00;
RMJUR;629;SUB. RAMAL DESVIO DO JAPÓ;ESTRADA;PRIMÁRIO;ESTRADA DO JAPÓ ;ESTRADA DO JAPÓ - KM 1,50;Início Sub. Ramal do Desvio do Japó - Estrada do Japó - Km 1,50;Fim do Sub.Ramal do Desvio do Japó - Km 1,55;JURUÁ;INTERIOR;1,55;;km;"  3°29'21.69""S";" 66° 3'50.77""W";"  3°29'5.76""S";" 66° 3'11.20""W";Ok;;;;;;;;;;;;;;;;;;;;;;;;;;;;;;;;;LEITO NATURAL;;;A VISITAR;;;;R$ 3.875.000,00;
RMJUR;630;ESTRADA DO PARANAGUÁ;ESTRADA;PRIMÁRIO;AM-366 ;AM-366 - KM 545,12;Início da Estrada do Paranaguá - Am-366 - KM 545,12;Fim da Estrada do Paranaguá - Km 5,2;JURUÁ;INTERIOR;5,20;;km;"  3°28'27.76""S";" 66° 3'7.30""W";"  3°26'0.63""S";" 66° 2'32.34""W";Ok;;;;;;;;;;;;;;;;;;;;;;;;;;;;;;;;;LEITO NATURAL;;;A VISITAR;;;;R$ 13.000.000,00;
 RMBJC ;631;ESTRADA DO SI 3 ;ESTRADA;PRIMÁRIO;R. PRIMEIRO DE MAIO ;R. PRIMEIRO DE MAIO - KM 00;Início da Estrada do Si 3 - R. Primeiro de maio - Km 00;Fim da Estrada do Si 3 - Km 14;BENJAMIN CONSTANT;INTERIOR;14,00;;km;"  4°23'44.24""S";" 70° 1'41.65""W";"  4°29'35.43""S";" 70° 0'32.38""W";Ok;;;;;;;;;;;;;;;;;;;;;;;;;;;;;;;;;LEITO NATURAL;;;A VISITAR;;;;R$ 35.000.000,00;
RMBBA;632;RAMAL DO JANSEN ;ESTRADA;PRIMÁRIO;ESTRADA DO MAPIÁ ;ESTRADA DO MAPIÁ - KM 1,55;Início do Ramal do Jansen - Estrada do Mapiá - Km 1,55;Fim do Ramal do Jansen - Km 3,1;BORBA;INTERIOR;3,10;;km;"  4°24'42.53""S";" 59°35'18.51""W";"  4°24'21.91""S";" 59°33'53.37""W";Ok;;;;;;;;;;;;;;;;;;;;;;;;;;;;;;;;;LEITO NATURAL;;;A VISITAR;;;;R$ 7.750.000,00;
RMBBA;633;SUB. RAMAL DO DORILMA ;ESTRADA;PRIMÁRIO;-;-;Início do Sub. Ramal do Dorilma - Km 00;Fim do Sub. Ramal do Dorilma - Km 4;BORBA;INTERIOR;4,00;;km;"  4°26'55.83""S";" 59°34'43.64""W";"  4°28'57.34""S";" 59°34'1.12""W";Ok;;;;;;;;;;;;;;;;;;;;;;;;;;;;;;;;;LEITO NATURAL;;;A VISITAR;;;;R$ 10.000.000,00;
RMBBA;634;SUB. RAMAL DO CÉU;ESTRADA;PRIMÁRIO;ESTRADA DO JATUARANA;ESTRADA DO JATUARANA - KM 4,57;Início do Sub. Ramal do Céu - Estrada do Jatuarana - Km 4,57;Fim do Sub. Ramal do Céu - Km 1,91;BORBA;INTERIOR;1,91;;km;"  4°24'20.58""S";" 59°33'43.08""W";"  4°25'0.83""S";" 59°33'13.22""W";Ok;;;;;;;;;;;;;;;;;;;;;;;;;;;;;;;;;LEITO NATURAL;;;A VISITAR;;;;R$ 4.775.000,00;
RMBBA;635;SUB. RAMAL I - RAMAL DO JANSEN;ESTRADA;PRIMÁRIO;RAMAL DO JANSEN ;RAMAL DO JANSEN - KM 1,84;Início do Sub. Ramal I - Ramal do Jansen - Km 1,84;Fim do Sub. Ramal I - Ramal do Jansen - Km 3,1;BORBA;INTERIOR;3,10;;km;"  4°24'39.64""S";" 59°34'20.47""W";"  4°25'13.51""S";" 59°34'3.09""W";Ok;;;;;;;;;;;;;;;;;;;;;;;;;;;;;;;;;LEITO NATURAL;;;A VISITAR;;;;R$ 7.750.000,00;
RMBBA;636;SUB. RAMAL I - ESTRADA BORBA MAPIÁ;ESTRADA;PRIMÁRIO;ESTRADA BORBA MAPIÁ;ESTRADA BORBA MAPIÁ - KM 0,83;Início do Sub. Ramal I - Estrada Borba Mapiá - Km 0,83;Fim do Sub. Ramal I - Estrada Borba Mapiá - Km 12;BORBA;INTERIOR;12,00;;km;"  4°24'31.18""S";" 59°35'37.17""W";"  4°29'28.14""S";" 59°38'21.37""W";Ok;;;;;;;;;;;;;;;;;;;;;;;;;;;;;;;;;LEITO NATURAL;;;A VISITAR;;;;R$ 30.000.000,00;
RMBBA;637;SUB. RAMAL II - ESTRADA BORBA MAPIÁ;ESTRADA;PRIMÁRIO;ESTRADA BORBA MAPIÁ;ESTRADA BORBA MAPIÁ - KM 1,81;Início do Sub. Ramal II - Estrada Borba Mapiá - Km 1,81;Fim do Sub. Ramal II - Estrada Borba Mapiá - Km 2,61;BORBA;INTERIOR;2,61;;km;"  4°24'50.44""S";" 59°35'17.33""W";"  4°25'27.72""S";" 59°34'13.19""W";Ok;;;;;;;;;;;;;;;;;;;;;;;;;;;;;;;;;LEITO NATURAL;;;A VISITAR;;;;R$ 6.525.000,00;
RMBBA;638;SUB. RAMAL III - ESTRADA BORBA MAPIÁ;ESTRADA;PRIMÁRIO;ESTRADA BORBA MAPIÁ;ESTRADA BORBA MAPIÁ - KM 5,50;Início do Sub. Ramal III - Estrada Borba Mapiá - Km 5,50;Fim do Sub. Ramal III - Estrada Borba Mapiá - Km 13,1;BORBA;INTERIOR;13,10;;km;"  4°26'41.51""S";" 59°35'45.42""W";"  4°23'19.40""S";" 59°30'9.17""W";Ok;;;;;;;;;;;;;;;;;;;;;;;;;;;;;;;;;LEITO NATURAL;;;A VISITAR;;;;R$ 32.750.000,00;
RMBBA;639;SUB. RAMAL S.I I - SUB. RAMAL I - ESTRADA BORBA MAPIÁ;ESTRADA;PRIMÁRIO;SUB. RAMAL I - ESTRADA BORBA MAPIÁ;SUB. RAMAL I - ESTRADA BORBA MAPIÁ - KM 7,36;Início do Sub. Ramal Si I -  Sub. Ramal I - Estrada Borba Mapiá - Km 7,36 ;Fim do Sub. Ramal Si I -  Sub. Ramal I - Estrada Borba Mapiá - Km 6,76;BORBA;INTERIOR;6,76;;km;"  4°27'5.63""S";" 59°37'51.86""W";"  4°24'29.42""S";" 59°38'13.84""W";Ok;;;;;;;;;;;;;;;;;;;;;;;;;;;;;;;;;LEITO NATURAL;;;A VISITAR;;;;R$ 16.900.000,00;
RMBBA;640;SUB. RAMAL S.I II - SUB. RAMAL I - ESTRADA BORBA MAPIÁ;ESTRADA;PRIMÁRIO;SUB. RAMAL I - ESTRADA BORBA MAPIÁ;SUB. RAMAL I - ESTRADA BORBA MAPIÁ - KM 9;Início do Sub. Ramal Si II -  Sub. Ramal I - Estrada Borba Mapiá - Km 9;Fim do Sub. Ramal Si II-  Sub. Ramal I - Estrada Borba Mapiá - Km 2,1;BORBA;INTERIOR;2,10;;km;"  4°27'54.77""S";" 59°38'11.62""W";"  4°27'49.84""S";" 59°37'12.79""W";Ok;;;;;;;;;;;;;;;;;;;;;;;;;;;;;;;;;LEITO NATURAL;;;A VISITAR;;;;R$ 5.250.000,00;
 RMJUT ;641;ESTRADA DO SIBITA;ESTRADA;PRIMÁRIO;-;-;Início da Estrada do Sibita - Estrada Santa Cruz - Km 1,13;Fim da Estrada do Sibita - Km 4,24 ;JUTAÍ;INTERIOR;4,24;;km;"  2°45'24.91""S";" 66°46'38.66""W";"  2°47'28.57""S";" 66°46'43.35""W";Ok;;;;;;;;;;;;;;;;;;;;;;;;;;;;;;;;;LEITO NATURAL;;;A VISITAR;;;;R$ 10.600.000,00;
 RMJUT ;642;ESTRADA DO BREU;ESTRADA;PRIMÁRIO;-;-;Início da Estrada do Breu - Km 00;Fim da Estrada do Breu - Km 6,27;JUTAÍ;INTERIOR;6,27;;km;"  2°44'36.98""S";" 66°46'0.08""W";"  2°47'2.69""S";" 66°44'17.11""W";Ok;;;;;;;;;;;;;;;;;;;;;;;;;;;;;;;;;LEITO NATURAL;;;A VISITAR;;;;R$ 15.675.000,00;
 RMJUT ;643;ESTRADA SANTA CRUZ;ESTRADA;PRIMÁRIO;R. TEOTÔNIO CAVALCANTE;R. TEOTÔNIO CAVALCANTE - KM 00;Início da Estrada Santa Cruz - R. Teotônio Cavalcante - Km 00;Fim da Estrada Santa Cruz - Km 3,94;JUTAÍ;INTERIOR;3,94;;km;"  2°44'51.08""S";" 66°46'25.43""W";"  2°45'34.07""S";" 66°48'6.14""W";Ok;;;;;;;;;;;;;;;;;;;;;;;;;;;;;;;;;LEITO NATURAL;;;A VISITAR;;;;R$ 9.850.000,00;
 RMJUT ;644;ESTRADA PORTO AFONSO ;ESTRADA;PRIMÁRIO;-;-;Início da Estrada Porto Afonso - Km 00;Fim da Estrada Porto AFonso - Km 2,33 ;JUTAÍ;INTERIOR;2,33;;km;"  2°44'30.18""S";" 66°45'42.07""W";"  2°44'38.22""S";" 66°44'48.50""W";Ok;;;;;;;;;;;;;;;;;;;;;;;;;;;;;;;;;LEITO NATURAL;;;A VISITAR;;;;R$ 5.825.000,00;
 RMJUT ;645;ESTRADA BREU 2 ;ESTRADA;PRIMÁRIO;ESTRADA SANTA CRUZ;ESTRADA SANTA CRUZ - KM ;Início da Estrada Breu 2 - Estrada Santa Cruz -  Na Frente do Cartório do Judicial e Extrajudicial de Jataí - Km 0,93;Fim Estrada Breu 2 - Km 7,31;JUTAÍ;INTERIOR;7,31;;km;"  2°45'18.95""S";" 66°46'36.00""W";"  2°48'26.03""S";" 66°44'50.93""W";Ok;;;;;;;;;;;;;;;;;;;;;;;;;;;;;;;;;LEITO NATURAL;;;A VISITAR;;;;R$ 18.275.000,00;
 RMLAB ;646;RAMAL DO kM 26 - BR-230;ESTRADA;PRIMÁRIO;BR-230 ;BR-230 - KM 26;Início do Ramal do Km 26 - Br-230 - Rodovia Transamazônica - Km 26;Fim do Ramal do Km 26 - Br-230 - Km 4;LÁBREA;INTERIOR;4,00;;km;"  7°26'39.91""S";" 64°40'50.08""W";"  7°27'38.90""S";" 64°42'25.81""W";Ok;;;;;;;;;;;;;;;;;;;;;;;;;;;;;;;;;LEITO NATURAL;;;A VISITAR;;;;R$ 10.000.000,00;
 RMLAB ;647;RAMAL DO kM 24 - BR-230;ESTRADA;PRIMÁRIO;BR-230;BR-230 - KM 24;Início do Ramal do Km 24 - Br-230 - Rodovia Transamazônica - Km 24;Fim do Ramal do Km 24 - Br-230 - Km 7,79;LÁBREA;INTERIOR;7,79;;km;"  7°26'10.43""S";" 64°41'38.75""W";"  7°22'30.00""S";" 64°39'35.12""W";Ok;;;;;;;;;;;;;;;;;;;;;;;;;;;;;;;;;LEITO NATURAL;;;A VISITAR;;;;R$ 19.475.000,00;
 RMLAB ;648;ESTRADA DO MARI ;ESTRADA;PRIMÁRIO;BR-230 ;BR-230 - KM 00;Início da Estrada do Mari - Br-230 - Rodovia Transamazônica - Km 00;Fim da Estrada do Mari - Km 8,79;LÁBREA;INTERIOR;8,79;;km;"  7°17'23.55""S";" 64°46'8.46""W";"  7°17'46.25""S";" 64°41'43.57""W";Ok;;;;;;;;;;;;;;;;;;;;;;;;;;;;;;;;;LEITO NATURAL;;;A VISITAR;;;;R$ 21.975.000,00;
 RMLAB ;649;ESTRADA DO AEROPORTO ;ESTRADA;PRIMÁRIO;BR-230;BR-230 - KM 00;Início da Estrada do Aeroporto - Br-230 - Km 00;Fim da Estrada do Aeroporto - Km 3 ;LÁBREA;INTERIOR;3,00;;km;"  7°16'10.63""S";" 64°47'24.49""W";"  7°17'7.69""S";" 64°46'22.97""W";Ok;;;;;;;;;;;;;;;;;;;;;;;;;;;;;;;;;LEITO NATURAL;;;A VISITAR;;;;R$ 7.500.000,00;
 RMLAB ;650;ESTRADA DO BARREIRO;ESTRADA;PRIMÁRIO;ANTIGA ESTRADA DO BARREIRO;ANTIGA ESTRADA DO BARREIRO - KM 0,48;Início da Estrada do Barreiro - Antiga da Estrada do Barreito - Km 0,48;Fim da Estrada do Barreiro - Km 5,90;LÁBREA;INTERIOR;5,90;;km;"  7°15'40.05""S";" 64°46'59.36""W";"  7°15'30.11""S";" 64°43'54.90""W";Ok;;;;;;;;;;;;;;;;;;;;;;;;;;;;;;;;;LEITO NATURAL;;;A VISITAR;;;;R$ 14.750.000,00;
 RMLAB ;651;ANTIGA ESTRADA DO BARREIRO ;ESTRADA;PRIMÁRIO;R. LUÍS FALCÃO;R. LUÍS FALCÃO - KM 00;Início da Antiga Estrada do Barreiro - R. Luís Falcão - Km 00;Fim da Antiga Estrada do Barreiro - Km 1,61;LÁBREA;INTERIOR;1,61;;km;"  7°15'31.84""S";" 64°47'12.46""W";"  7°15'45.37""S";" 64°46'27.38""W";Ok;;;;;;;;;;;;;;;;;;;;;;;;;;;;;;;;;LEITO NATURAL;;;A VISITAR;;;;R$ 4.025.000,00;
 RMLAB ;652;ESTRADA DO BARREIRO II;ESTRADA;PRIMÁRIO;ESTRADA DO BARREIRO ;ESTRADA DO BARREIRO - KM 2,43;Início da Estrada do Barreiro II - Estrada do Barreiro - Km 2,43;Fim da Estrada do Barreiro II - Km 6,64 ;LÁBREA;INTERIOR;6,64;;km;"  7°15'23.41""S";" 64°45'42.72""W";"  7°13'7.52""S";" 64°43'22.04""W";Ok;;;;;;;;;;;;;;;;;;;;;;;;;;;;;;;;;LEITO NATURAL;;;A VISITAR;;;;R$ 16.600.000,00;
 RMMIC ;653;ESTRADA DO IGARAPEZINHO ;ESTRADA;PRIMÁRIO;ESTRADA DO ARCAL ;ESTRADA DO ARCAL - KM 00;Início da Estrada do Igarapezinho - Estrada do Arcal - Km 00 ;Fim da Estrada do Igarapezinho - Km 7,8;MANICORÉ ;INTERIOR;7,80;;km;"  5°48'1.07""S";" 61°17'25.34""W";"  5°44'24.99""S";" 61°16'26.12""W";Ok;;;;;;;;;;;;;;;;;;;;;;;;;;;;;;;;;LEITO NATURAL;;;A VISITAR;;;;R$ 19.500.000,00;
 RMMIC ;654;RAMAL DO BRASIL ;ESTRADA;PRIMÁRIO;ESTRADA DO SINDICATO ;ESTRADA DO SINDICATO - KM 2,1;Início do Ramal do Brasil - Estrada do Sindicato - Km 2,1;Fim do Ramal do Brasil - Km 3,54;MANICORÉ ;INTERIOR;3,54;;km;"  5°48'21.84""S";" 61°16'47.52""W";"  5°47'8.36""S";" 61°15'28.53""W";Ok;;;;;;;;;;;;;;;;;;;;;;;;;;;;;;;;;LEITO NATURAL;;;A VISITAR;;;;R$ 8.850.000,00;
 RMMIC ;655;ESTRADA DO SINDICATO ;ESTRADA;PRIMÁRIO;-;-;Início da Estrada do Sindicato - Km 00;Fim da Estrada do Sindicato - Km 14,4;MANICORÉ ;INTERIOR;14,40;;km;"  5°48'7.57""S";" 61°17'51.43""W";"  5°45'24.24""S";" 61°11'54.35""W";Ok;;;;;;;;;;;;;;;;;;;;;;;;;;;;;;;;;LEITO NATURAL;;;A VISITAR;;;;R$ 36.000.000,00;
 RMMIC ;656;ESTRADA MONTE SANTO ;ESTRADA;PRIMÁRIO;ESTRADA DO SINDICATO ;ESTRADA DO SINDICATO - KM 7,44;Início do Ramal do Monte Santo - Estrada do Sindicato - Km 7,44;Fim do Ramal do Monte Santo - Km 7,3;MANICORÉ ;INTERIOR;7,37;;km;"  5°47'27.44""S";" 61°14'20.73""W";"  5°47'57.80""S";" 61°10'36.36""W";Ok;;;;;;;;;;;;;;;;;;;;;;;;;;;;;;;;;LEITO NATURAL;;;A VISITAR;;;;R$ 18.425.000,00;
 RMMIC ;657;RAMAL DA NOSSA SENHORA APARECIDA;ESTRADA;PRIMÁRIO;ESTRADA DO SINDICATO ;ESTRADA DO SINDICATO - KM 11,2;Início do Ramal da Nossa Senhora Aparecida - Estrada do Sindicato - Km 11,2;Fim do Ramal da Nossa Senhora Aparecida - Km 5,1;MANICORÉ ;INTERIOR;5,10;;km;"  5°46'0.65""S";" 61°13'18.81""W";"  5°43'47.95""S";" 61°13'3.23""W";Ok;;;;;;;;;;;;;;;;;;;;;;;;;;;;;;;;;LEITO NATURAL;;;A VISITAR;;;;R$ 12.750.000,00;
 RMMIC ;658;RAMAL DOS GAÚCHOS;ESTRADA;PRIMÁRIO;ESTRADA DO SINDICATO ;ESTRADA DO SINDICATO - KM 3,16;Início do Ramal dos Gauchos - Estrada do Sindicato - Km 3,16;Fim do Ramal dos Gauchos - Km 11,5;MANICORÉ ;INTERIOR;11,50;;km;"  5°48'25.58""S";" 61°16'14.61""W";"  5°51'38.11""S";" 61°11'58.98""W";Ok;;;;;;;;;;;;;;;;;;;;;;;;;;;;;;;;;LEITO NATURAL;;;A VISITAR;;;;R$ 28.750.000,00;
 RMMIC ;659;ESTRADA DO AFONSO ;ESTRADA;PRIMÁRIO;R. SÃO VICENTE ;R. SÃO VICENTE - KM 00;Início da Estrada do Afonso - R. São Vicente - Km 00;Fim da Estrada do AFonso - Km 2,5 ;MANICORÉ ;INTERIOR;2,50;;km;"  5°49'6.09""S";" 61°17'13.82""W";"  5°49'54.70""S";" 61°16'12.78""W";Ok;;;;;;;;;;;;;;;;;;;;;;;;;;;;;;;;;LEITO NATURAL;;;A VISITAR;;;;R$ 6.250.000,00;
 RMMIC ;660;ESTRADA DO ATININGA;ESTRADA;PRIMÁRIO;AV. MAJ. SANTANA ;AV. MAJ. SANTANA - KM 00;Início da Estrada do Atininga - AV. Maj. Santana - Ao lado do Estádio Municipal Flávia Brandt - Km 00;Fim da Estrada do Atininga - Km 9,29;MANICORÉ ;INTERIOR;9,29;;km;"  5°49'2.50""S";" 61°17'29.37""W";"  5°52'46.46""S";" 61°14'29.29""W";Ok;;;;;;;;;;;;;;;;;;;;;;;;;;;;;;;;;LEITO NATURAL;;;A VISITAR;;;;R$ 23.225.000,00;
 RMMIC ;661;ESTRADA DO RIO MANICORÉ ;ESTRADA;PRIMÁRIO;ESTRADA DO ANTININGA;ESTRADA DO ANTININGA - KM 0,41;Início da Estrada do Rio Manicoré - Estrada do Atininga - Km 0,41;Fim da Estrada do Rio Manicoré - Km 6,75;MANICORÉ ;INTERIOR;6,75;;km;"  5°49'15.60""S";" 61°17'27.24""W";"  5°51'38.38""S";" 61°19'38.02""W";Ok;;;;;;;;;;;;;;;;;;;;;;;;;;;;;;;;;LEITO NATURAL;;;A VISITAR;;;;R$ 16.875.000,00;
 RMMIC ;662;ESTRADA SANTA LUZIA ;ESTRADA;PRIMÁRIO;ESTRADA DO ANTININGA;ESTRADA DO ANTININGA - KM 5,63;Início da Estrada Santa Luzia - Estrada do Antininga - Km 5,63;Fim da Estrada Santa Luzia - Km 3,21;MANICORÉ ;INTERIOR;3,21;;km;"  5°51'13.37""S";" 61°15'36.32""W";"  5°51'32.15""S";" 61°16'58.50""W";Ok;;;;;;;;;;;;;;;;;;;;;;;;;;;;;;;;;LEITO NATURAL;;;A VISITAR;;;;R$ 8.025.000,00;
 RMMIC ;663;ESTRADA DO INAJÁ ;ESTRADA;PRIMÁRIO;ESTRADA DO ANTININGA;ESTRADA DO ANTININGA - KM 2,18;Início da Estrada do Inajá - Estrada do Antininga - Km 2,18;Fim da Estrada do Inajá - Km 11,6;MANICORÉ ;INTERIOR;11,60;;km;"  5°50'8.85""S";" 61°17'4.05""W";"  5°55'20.31""S";" 61°14'56.98""W";Ok;;;;;;;;;;;;;;;;;;;;;;;;;;;;;;;;;LEITO NATURAL;;;A VISITAR;;;;R$ 29.000.000,00;
 RMMIC ;664;ESTRADA DO BARRO ALTO ;ESTRADA;PRIMÁRIO;ESTRADA DO INAJÁ ;ESTRADA DO INAJÁ - KM 6,47;Início da Estrada do Barro Alto - Estrada do Inajá - Km 6,47 ;Fim da Estrada do Barro Alto - Km 22,3;MANICORÉ ;INTERIOR;22,30;;km;"  5°53'29.12""S";" 61°16'54.61""W";"  6° 1'27.03""S";" 61°24'56.81""W";Ok;;;;;;;;;;;;;;;;;;;;;;;;;;;;;;;;;LEITO NATURAL;;;A VISITAR;;;;R$ 55.750.000,00;
 RMMIC ;665;ESTRADA BOM JESUS DOS NAVEGANTES ;ESTRADA;PRIMÁRIO;ESTRADA DO RIO MANICORÉ ;ESTRADA DO RIO MANICORÉ - KM 6,52;Início da Estrada Bom Jesus dos Navegantes - Estrada do Rio Manicoré - Km 6,52;Fim da Estrada Bom Jesus dos Navegantes - Km 3,67;MANICORÉ ;INTERIOR;3,67;;km;"  5°51'42.17""S";" 61°19'31.58""W";"  5°53'17.73""S";" 61°19'57.90""W";Ok;;;;;;;;;;;;;;;;;;;;;;;;;;;;;;;;;LEITO NATURAL;;;A VISITAR;;;;R$ 9.175.000,00;
 RMMIC ;666;ESTRADA DA SUDHEVEA;ESTRADA;PRIMÁRIO;ESTRADA DO ATININGA ;ESTRADA DO ATININGA - KM 00;Início da Estrada da Sudhevea - Estrada do Atininga - Em Frente a Oficina S.O.S Pneus - Km 00;Fim da Estrada da Sudhevea - Km 1,67 ;MANICORÉ ;INTERIOR;1,67;;km;"  5°49'2.49""S";" 61°17'29.19""W";"  5°49'8.03""S";" 61°16'37.75""W";Ok;;;;;;;;;;;;;;;;;;;;;;;;;;;;;;;;;LEITO NATURAL;;;A VISITAR;;;;R$ 4.175.000,00;
 RMMIC ;667;ESTRADA DO AEROPORTO ;ESTRADA;PRIMÁRIO;-;-;Início da Estrada do Aeroporto - Km 00 ;Fim da Estrada do Aeroporto - Km 2,40 ;MANICORÉ ;INTERIOR;2,40;;km;"  5°48'33.24""S";" 61°18'1.10""W";"  5°48'33.67""S";" 61°16'45.91""W";Ok;;;;;;;;;;;;;;;;;;;;;;;;;;;;;;;;;LEITO NATURAL;;;A VISITAR;;;;R$ 6.000.000,00;
 RMMIC ;668;ESTRADA DO ESTANHO ;ESTRADA;PRIMÁRIO;BR-230;BR-230 - KM  00;Início da Estrada do Estanho - Br-230 - Ao Lado da Associação Asava - Km 00;Fim da Estrada do Estanho - Km 182;MANICORÉ ;INTERIOR;182,00;;km;"  8° 1'22.51""S";" 61°51'50.93""W";"  9° 7'31.76""S";" 61°27'44.03""W";Ok;;;;;;;;;;;;;;;;;;;;;;;;;;;;;;;;;LEITO NATURAL;;;A VISITAR;;;;R$ 455.000.000,00;
 RMMIC ;669;RAMAL DO PITO ACESO ;ESTRADA;PRIMÁRIO;BR-230;BR-230 - KM  00;Início do Ramal do Pito Aceso - Br-230 -  Perto do Parque de Exposições Amadeu Rodrigues Vida - Km 00;Fim do Ramal do Pito Aceso - Km 8,76;MANICORÉ ;INTERIOR;8,76;;km;"  7°55'46.63""S";" 61°34'23.93""W";"  8° 0'10.76""S";" 61°32'57.15""W";Ok;;;;;;;;;;;;;;;;;;;;;;;;;;;;;;;;;LEITO NATURAL;;;A VISITAR;;;;R$ 21.900.000,00;
 RMMIC ;670;RAMAL DO MATUPI ;ESTRADA;PRIMÁRIO;BR-230;BR-230 - KM 180 ;Início do Ramal do Matupi - Br-230 - Km 180 ;Fim do Ramal do Matupi - Km 22 ;MANICORÉ ;INTERIOR;22,00;;km;"  7°55'20.47""S";" 61°33'34.65""W";"  7°49'22.23""S";" 61°41'45.89""W";Ok;;;;;;;;;;;;;;;;;;;;;;;;;;;;;;;;;LEITO NATURAL;;;A VISITAR;;;;R$ 55.000.000,00;
 RMMIC ;671;RAMAL DO MATUPIRI ;ESTRADA;PRIMÁRIO;BR-230;BR-230 - KM  00;Início do Ramal do  Matupiri Br-230 - Km 00;Fim do Ramal do Matupiri - Km 22,7;MANICORÉ ;INTERIOR;22,70;;km;"  7°54'23.17""S";" 61°31'37.47""W";"  7°44'6.77""S";" 61°37'39.19""W";Ok;;;;;;;;;;;;;;;;;;;;;;;;;;;;;;;;;LEITO NATURAL;;;A VISITAR;;;;R$ 56.750.000,00;
 RMMIC ;672;RAMAL BOA ESPERANÇA ;ESTRADA;PRIMÁRIO;BR-230;BR-230 - KM  00;Início do Ramal Boa Esperança - Br-230 - Km 00 ;Fim do Ramal Boa Esperança - Km 15,5 ;MANICORÉ ;INTERIOR;15,50;;km;"  7°54'0.94""S";" 61°30'19.47""W";"  7°47'19.67""S";" 61°33'54.08""W";Ok;;;;;;;;;;;;;;;;;;;;;;;;;;;;;;;;;LEITO NATURAL;;;A VISITAR;;;;R$ 38.750.000,00;
 RMMIC ;673;RAMAL DO GOLRPINHO;ESTRADA;PRIMÁRIO;BR-230;BR-230 - KM  00;Início do Ramal do Golrpinho - Br-230 - Km 00;Fim do Ramal do Golrpinho - Km 9,57;MANICORÉ ;INTERIOR;9,57;;km;"  7°54'0.66""S";" 61°30'16.32""W";"  7°58'57.64""S";" 61°30'21.58""W";Ok;;;;;;;;;;;;;;;;;;;;;;;;;;;;;;;;;LEITO NATURAL;;;A VISITAR;;;;R$ 23.925.000,00;
 RMMIC ;674;RAMAL DO PROGRESSO ;ESTRADA;PRIMÁRIO;BR-230;BR-230 - KM  00;Início do Ramal do Progresso -  Br-230 - Km 00;Fim do Ramal do Progresso - Km 12,6;MANICORÉ ;INTERIOR;12,60;;km;"  7°53'21.84""S";" 61°28'6.49""W";"  7°59'16.18""S";" 61°25'14.05""W";Ok;;;;;;;;;;;;;;;;;;;;;;;;;;;;;;;;;LEITO NATURAL;;;A VISITAR;;;;R$ 31.500.000,00;
 RMMIC ;675;RAMAL MARAVILHA;ESTRADA;PRIMÁRIO;BR-230 ;BR-230 - KM  00;Início do Ramal Maravilha - Br-230 - Km 00;Fim do Ramal Maravilha - Km 28,3;MANICORÉ ;INTERIOR;28,30;;km;"  7°53'20.44""S";" 61°28'7.07""W";"  7°40'11.65""S";" 61°35'33.52""W";Ok;;;;;;;;;;;;;;;;;;;;;;;;;;;;;;;;;LEITO NATURAL;;;A VISITAR;;;;R$ 70.750.000,00;
 RMMIC ;676;RAMAL DO TRIUNFO ;ESTRADA;PRIMÁRIO;BR-230 ;BR-230 - KM  00;Início do Ramal do Triunfo - Br-230 - Km 00;Fim do Ramal do TriunFo - Km 17,8;MANICORÉ ;INTERIOR;17,80;;km;"  7°52'32.59""S";" 61°26'13.41""W";"  7°45'31.46""S";" 61°25'45.14""W";Ok;;;;;;;;;;;;;;;;;;;;;;;;;;;;;;;;;LEITO NATURAL;;;A VISITAR;;;;R$ 44.500.000,00;
 RMMIC ;677;RAMAL DOS BAIANOS ;ESTRADA;PRIMÁRIO;BR-230 ;BR-230 - KM  00;Início do Ramal dos Baianos -  Br-230 - Km 00;Fim do Ramal dos Baianos - Km 28,9;MANICORÉ ;INTERIOR;28,90;;km;"  7°52'16.93""S";" 61°24'20.44""W";"  8° 2'2.61""S";" 61°15'40.71""W";Ok;;;;;;;;;;;;;;;;;;;;;;;;;;;;;;;;;LEITO NATURAL;;;A VISITAR;;;;R$ 72.250.000,00;
 RMNHA ;678;ESTRADA DO SANTO ANTÔNIO;ESTRADA;PRIMÁRIO;-;-;Início da Estrada do Santo Antônio - Km 00 ;Fim da Estrada do Santo Antônio - Km 8,75;NHAMUNDÁ;INTERIOR;8,75;;km;"  2°18'42.61""S";" 56°51'10.19""W";"  2°14'45.88""S";" 56°52'11.71""W";Ok;;;;;;;;;;;;;;;;;;;;;;;;;;;;;;;;;LEITO NATURAL;;;A VISITAR;;;;R$ 21.875.000,00;
 RMNHA ;679;RAMAL PARANA DO ADUACA ;ESTRADA;PRIMÁRIO;-;-;Início do Ramal Parana do Aduaca - Km 00;Fim do Ramal do Parana do Aduca - Km 8,91;NHAMUNDÁ;INTERIOR;8,91;;km;"  2°14'33.74""S";" 56°45'53.20""W";"  2°17'38.47""S";" 56°48'20.61""W";Ok;;;;;;;;;;;;;;;;;;;;;;;;;;;;;;;;;LEITO NATURAL;;;A VISITAR;;;;R$ 22.275.000,00;
RMTEF;680;RAMAL MEIA ÁGUA ;ESTRADA;PRIMÁRIO;AM-366;AM-366 - KM 394,13;Início do Ramal Meia Água - Am-366 - Km 394,13;Fim do Ramal Meia Água - Km 1,72;TEFÉ;INTERIOR;1,72;;km;"  3°23'28.45""S";" 64°43'43.14""W";"  3°24'6.86""S";" 64°43'20.01""W";Ok;;;;;;;;;;;;;;;;;;;;;;;;;;;;;;;;;LEITO NATURAL;;;A VISITAR;;;;R$ 4.300.000,00;
RMTEF;681;ESTRADA DO EMADE ;ESTRADA;PRIMÁRIO;AEROPORTO TEFÉ ;AEROPORTO TEFÉ - KM 00;Início Estrada do Emade -  Aeroporto de Tefé - Km 00;Fim do Estrada do Emade - Km 19;TEFÉ;INTERIOR;19,00;;km;"  3°28'36.53""S";" 64°38'30.55""W";"  3°22'16.83""S";" 64°43'17.76""W";Ok;;;;;;;;;;;;;;;;;;;;;;;;;;;;;;;;;LEITO NATURAL;;;A VISITAR;;;;R$ 47.500.000,00;
 RMSGC ;682;ESTRADA DA CACHOERINHA ;ESTRADA;PRIMÁRIO;AV. PAU BRASIL ;AV. PAU BRASIL - KM 00;Início da Estrada da Cachoerinha - Av. Pau Brasil - Km 00;Fim da Estrada da Cachoerinha - Km 6,23;SÃO GABRIEL DA CACHOEIRA ;INTERIOR;6,23;;km;"  0° 6'56.32""S";" 67° 5'17.28""W";"  0° 3'39.00""S";" 67° 5'45.20""W";Ok;;;;;;;;;;;;;;;;;;;;;;;;;;;;;;;;;LEITO NATURAL;;;A VISITAR;;;;R$ 15.575.000,00;
 RMSGC ;683;SUB. RAMAL II - ESTRADA DA CACHOERINHA ;ESTRADA;PRIMÁRIO;ESTRADA DA CACHOERINHA ;ESTRADA DA CACHOERINHA - KM 1,97;Início do Sub. Ramal ll - Estrada da Cachoerinha - Km 1,97;Fim do Sub. Ramal ll - Estrada da Cachoerinha - Km 1,83;SÃO GABRIEL DA CACHOEIRA ;INTERIOR;1,83;;km;"  0° 5'55.80""S";" 67° 5'32.18""W";"  0° 5'51.46""S";" 67° 4'33.29""W";Ok;;;;;;;;;;;;;;;;;;;;;;;;;;;;;;;;;LEITO NATURAL;;;A VISITAR;;;;R$ 4.575.000,00;
 RMSGC ;684;RAMAL S.I ;ESTRADA;PRIMÁRIO;AV. PAU BRASIL ;AV. PAU BRASIL - KM 00;Início do Ramal S.l - Av. Pau Brasil - Ao Lado do Mercado Ideal - Km 00;Fim do Ramal S.l - Km 3,78;SÃO GABRIEL DA CACHOEIRA ;INTERIOR;3,78;;km;"  0° 6'48.98""S";" 67° 4'57.76""W";"  0° 5'1.07""S";" 67° 4'46.42""W";Ok;;;;;;;;;;;;;;;;;;;;;;;;;;;;;;;;;LEITO NATURAL;;;A VISITAR;;;;R$ 9.450.000,00;
RMTEF;685;ESTRADA DO BEXIGA ;ESTRADA;PRIMÁRIO;R. BRASÍLIA;R. BRASÍLIA - KM 00;Início da Estrada do Bexiga - R. Brasília - Km 00;Fim da Estrada do Bexiga - Km 1,48 ;TEFÉ;INTERIOR;1,48;;km;"  3°20'55.09""S";" 64°43'17.43""W";"  3°21'2.35""S";" 64°43'40.16""W";Ok;;;;;;;;;;;;;;;;;;;;;;;;;;;;;;;;;LEITO NATURAL;;;A VISITAR;;;;R$ 3.700.000,00;
RMTEF;686;ESTRADA DE ACESSO AO PORTO ITAPUÃ;ESTRADA;PRIMÁRIO;ESTRADA DO BEXIGA ;ESTRADA DO BEXIGA - KM 1,1;Início da Estrada de Acesso ao Porto Itapuã - Estrada do Bexiga - Km 1,1;Fim da Estrada de Acesso ao Porto Itapuã - Km 1,16;TEFÉ;INTERIOR;1,16;;km;"  3°21'9.93""S";" 64°43'45.52""W";"  3°21'10.53""S";" 64°44'4.88""W";Ok;;;;;;;;;;;;;;;;;;;;;;;;;;;;;;;;;LEITO NATURAL;;;A VISITAR;;;;R$ 2.900.000,00;
RMMAO;687;SUB. RAMAL BONS AMIGOS;ESTRADA;PRIMÁRIO;RAMAL SÃO FRANCISCO ;RAMAL SÃO FRANCISCO - KM 9,33;Início do Sub. Ramal Bons Amigos - Ramal São Francisco - Km 9,33;Fim do Sub. Ramal Bons Amigos - Km 2,99;MANAUS;RMM;2,99;;km;"  2°49'29.35""S";" 59°52'11.71""W";"  2°50'18.10""S";" 59°52'53.77""W";Ok;;;;;;;;;;;;;;;;;;;;;;;;;;;;;;;;;LEITO NATURAL;;;A VISITAR;;;;R$ 7.475.000,00;
RMMAO;688;SUB. RAMAL II - RAMAL SÃO FRANCISCO ;ESTRADA;PRIMÁRIO;RAMAL SÃO FRANCISCO ;RAMAL SÃO FRANCISCO - KM 6,74;Início do Sub. Ramal ll - Ramal São Francisco - Km 6,74;Fim do Sub. Ramal ll - Ramal São Francisco - Km 4,31;MANAUS;RMM;4,31;;km;"  2°48'16.97""S";" 59°52'39.53""W";"  2°49'56.66""S";" 59°53'49.27""W";Ok;;;;;;;;;;;;;;;;;;;;;;;;;;;;;;;;;LEITO NATURAL;;;A VISITAR;;;;R$ 10.775.000,00;
RMMAO;689;SUB. RAMAL DO BOM DESTINO ;ESTRADA;PRIMÁRIO;RAMAL DA COOPERATIVA;RAMAL DA COOPERATIVA - KM 1,92;Início do Sub. Ramal do Bom Destino -  Ramal da Cooperartiva - Km 1,92;Fim do Sub. Ramal do Bom Destino - Ramal Cooperativa - Km 13,9;MANAUS;RMM;13,90;;km;"  2°46'50.70""S";" 60° 9'7.11""W";"  2°43'15.01""S";" 60°14'40.54""W";Ok;;;;;;;;;;;;;;;;;;;;;;;;;;;;;;;;;LEITO NATURAL;;;A VISITAR;;;;R$ 34.750.000,00;
 RMMIC ;690;ESTRADA DOS GAÚCHOS;ESTRADA;PRIMÁRIO;AV. MAJ. SANTANA ;AV. MAJ. SANTANA - Km 00;Início da Estrada dos Gaúchos - Av. Maj. Santana - Km 00;Fim da Estrada dos Gaúchos - Km 0,61;MANICORÉ ;INTERIOR;0,61;;km;"  5°48'57.52""S";" 61°17'29.69""W";"  5°48'57.47""S";" 61°17'9.87""W";Ok;;;;;;;;;;;;;;;;;;;;;;;;;;;;;;;;;LEITO NATURAL;;;A VISITAR;;;;R$ 1.525.000,00;
 RMPAU ;691;ESTRADA PN-1 ;ESTRADA;PRIMÁRIO;R. CASTELO BRANCO ;R. CASTELO BRANCO - KM 00;Início da Estrada Pn-1 - R. Castelo Branco - Ao lado da Praça de Santo Agostinho - Km 00;Fim da Estrada Pn-1 - Km 3;PAUINI;INTERIOR;3,00;;km;"  7°43'1.59""S";" 67° 0'8.16""W";"  7°41'42.68""S";" 66°59'17.56""W";Ok;;;;;;;;;;;;;;;;;;;;;;;;;;;;;;;;;LEITO NATURAL;;;A VISITAR;;;;R$ 7.500.000,00;
 RMPAU ;692;ESTRADA MACUTI;ESTRADA;PRIMÁRIO;-;-;Início da Estrada Macuti - Em Frente ao Comercial Luiza - Km 00;Fim da Estrada Macuti - Km 15,7;PAUINI;INTERIOR;15,70;;km;"  7°42'43.06""S";" 67° 0'10.08""W";"  7°43'24.31""S";" 67° 6'28.43""W";Ok;;;;;;;;;;;;;;;;;;;;;;;;;;;;;;;;;LEITO NATURAL;;;A VISITAR;;;;R$ 39.250.000,00;
 RMPAU ;693;RAMAL DE ACESSO AO LAGO TERRUÃ;ESTRADA;PRIMÁRIO;-;-;Início do Ramal de Acesso ao Lago Terruã - Km 00;Fim do Ramal de Acesso ao Lago Terruã - Km 3,92;PAUINI;INTERIOR;3,92;;km;"  7°43'4.99""S";" 67° 0'9.22""W";"  7°44'44.24""S";" 67° 0'53.19""W";Ok;;;;;;;;;;;;;;;;;;;;;;;;;;;;;;;;;LEITO NATURAL;;;A VISITAR;;;;R$ 9.800.000,00;
 RMPAU ;694;SUB. RAMAL S.I ;ESTRADA;PRIMÁRIO;ESTRADA PN-1;ESTRADA PN -1 - KM 0,61;Início Sub. Ramal S.l - Estrada PN-1 - Km 0,61;Fim do Sub. Ramal S.I - Km 4,17;PAUINI;INTERIOR;4,17;;km;"  7°42'47.26""S";" 67° 0'1.08""W";"  7°43'53.33""S";" 66°58'18.97""W";Ok;;;;;;;;;;;;;;;;;;;;;;;;;;;;;;;;;LEITO NATURAL;;;A VISITAR;;;;R$ 10.425.000,00;
RMNAV;695;RAMAL DO ALÍRIO ;ESTRADA;PRIMÁRIO;AM-352;AM-352 - KM 81,43;Início do Ramal do Alírio - Am-352 - Km 81,43;Fim do Ramal do Alírio - Km 2,15;NOVO AIRÃO;RMM;2,15;;km;"  2°46'45.20""S";" 60°56'14.14""W";"  2°46'26.97""S";" 60°55'17.40""W";Ok;;;;;;;;;;;;;;;;;;;;;;;;;;;;;;;;;LEITO NATURAL;;;A VISITAR;;;;R$ 5.375.000,00;
RMNON;696;ESTRADA URUCACANGA;ESTRADA;PRIMÁRIO;-;-;Início da Estrada Urucacanga - Km 00;Fim da Estrada Urucacanga - 2,43;NOVA OLINDA DO NORTE;INTERIOR;2,43;;km;"  3°53'34.86""S";" 59° 5'11.76""W";"  3°54'28.64""S";" 59° 4'20.17""W";Ok;;;;;;;;;;;;;;;;;;;;;;;;;;;;;;;;;LEITO NATURAL;;;A VISITAR;;;;R$ 6.075.000,00;
 RMMAU ;697;RAMAL DE ACESSO A COMUNIDADE NOVO PARAÍSO/LIMÃO;ESTRADA;PRIMÁRIO;-;-;Início do Ramal de acesso a Comunidade Novo Paraíso/Limão - Km 00;Fim da Comunidade Novo Paraíso/Limão - Km 4,85;MAUÉS;INTERIOR;4,85;;km;"  3°34'5.79""S";" 57°48'25.82""W";"  3°32'17.82""S";" 57°46'51.02""W";Ok;;;;;;;;;;;;;;;;;;;;;;;;;;;;;;;;;LEITO NATURAL;;;A VISITAR;;;;R$ 12.125.000,00;
 RMMAU ;698;ESTRADA DA SAFRITA;ESTRADA;PRIMÁRIO;ESTRADA DO PUPUNHAL ;ESTRADA DO PUPUNHAL - KM 9,83;Início da Estrada da Safrita - Estrada do Pupunhal - Km 9,83;Fim da Estrada da SaFrita - Km 4,39;MAUÉS;INTERIOR;4,39;;km;"  3°27'51.69""S";" 57°38'54.13""W";"  3°30'3.58""S";" 57°39'7.22""W";Ok;;;;;;;;;;;;;;;;;;;;;;;;;;;;;;;;;LEITO NATURAL;;;A VISITAR;;;;R$ 10.975.000,00;
 RMMAU ;699;EESTRADA DA AMBEV;ESTRADA;PRIMÁRIO;ESTRADA DO PUPUNHAL ;ESTRADA DO PUPUNHAL - KM 4,32;Início da Estrada da Ambev - Estrada do Pupunhal - Km 3,63;Fim da Estrada da Ambev - Km 3,63;MAUÉS;INTERIOR;3,63;;km;"  3°26'6.57""S";" 57°40'14.86""W";"  3°27'14.26""S";" 57°39'4.97""W";Ok;;;;;;;;;;;;;;;;;;;;;;;;;;;;;;;;;LEITO NATURAL;;;A VISITAR;;;;R$ 9.075.000,00;
 RMMAU ;700;ESTRADA DO BACABAU;ESTRADA;PRIMÁRIO;ESTRADA DO MIRI MORÃES;ESTRADA DO MIRI MORÃES - KM 1,69 ;Início da Estrada do Bacabau - Estrada Miri Morães - Km 1,69;Fim da Estrada do Bacabau - Km 3,63;MAUÉS;INTERIOR;3,63;;km;"  3°23'24.31""S";" 57°42'10.40""W";"  3°23'13.08""S";" 57°40'27.34""W";Ok;;;;;;;;;;;;;;;;;;;;;;;;;;;;;;;;;LEITO NATURAL;;;A VISITAR;;;;R$ 9.075.000,00;
 RMMAU ;701;ESTRADA DO MIRI MORÃES;ESTRADA;PRIMÁRIO;R. PREF. ROD. ALBUQUERQUE;R. PREF. ROD. ALBUQUERQUE - KM 00;Início da Estrada do Miri Morães - R. Pref.Rod. Albuquerque - Km 00;Fim da Estrada do Miri Morães - Km 2,67;MAUÉS;INTERIOR;2,67;;km;"  3°23'13.60""S";" 57°43'4.22""W";"  3°23'50.97""S";" 57°41'53.36""W";Ok;;;;;;;;;;;;;;;;;;;;;;;;;;;;;;;;;LEITO NATURAL;;;A VISITAR;;;;R$ 6.675.000,00;
 RMMAU ;702;ESTRADA DO PUPUNHAL;ESTRADA;PRIMÁRIO;ESTRADA DOS MORAIS ;ESTRADA DOS MORAIS - KM 3,1;Início da Estrada do Pupunhal - Estrada dos Morais - Km 3,1;Fim da Estrada do Pupunhal - Km 14,3;MAUÉS;INTERIOR;14,30;;km;"  3°24'3.04""S";" 57°41'16.12""W";"  3°27'5.42""S";" 57°37'7.06""W";Ok;;;;;;;;;;;;;;;;;;;;;;;;;;;;;;;;;LEITO NATURAL;;;A VISITAR;;;;R$ 35.750.000,00;
 RMMAU ;703;ESTRADA DOS MORAIS;ESTRADA;PRIMÁRIO;-;-;Início da Estrada dos Morais - Av Francisco Magnani - Km 00;Fim da Estrada do Morais - Km 4,84;MAUÉS;INTERIOR;4,84;;km;"  3°23'53.29""S";" 57°42'51.87""W";"  3°24'7.28""S";" 57°40'20.90""W";Ok;;;;;;;;;;;;;;;;;;;;;;;;;;;;;;;;;LEITO NATURAL;;;A VISITAR;;;;R$ 12.100.000,00;
 RMMAU ;704;ESTRADA DO GUARANATUBA;ESTRADA;PRIMÁRIO;ESTRADA MAUÉS MIRI ;ESTRADA MAUÉS MIRI - KM 1,19;Início da Estrada do Guaranatuba - Estrada Maués Miri - Km 1,19;Fim da Estrada do Guaranatuba - Km 5,26;MAUÉS;INTERIOR;5,26;;km;"  3°22'24.41""S";" 57°42'22.87""W";"  3°20'48.44""S";" 57°40'38.91""W";Ok;;;;;;;;;;;;;;;;;;;;;;;;;;;;;;;;;LEITO NATURAL;;;A VISITAR;;;;R$ 13.150.000,00;
 RMMAU ;705;ESTRADA MAUÉS MIRI;ESTRADA;PRIMÁRIO;R. RAMAL ADOLFO CARNEIRO ;R. RAMAL ADOLFO CARNEIRO - KM 00;Início da Estrada Maués Miri: Rua Ramal Adolfo Carneiro - Km 00;Fim da Estrada Maués Miri - Km 3,55;MAUÉS;INTERIOR;3,55;;km;"  3°22'58.07""S";" 57°42'40.33""W";"  3°22'10.65""S";" 57°41'15.26""W";Ok;;;;;;;;;;;;;;;;;;;;;;;;;;;;;;;;;LEITO NATURAL;;;A VISITAR;;;;R$ 8.875.000,00;
 RMMAU ;706;SUB. RAMAL CANAÃ;ESTRADA;PRIMÁRIO;ESTRADA DO PUPUNHAL ;ESTRADA DO PUPUNHAL - KM 1,56;Início do Sub. Ramal Canaã - Estrada do Pupunhal - Km 1,56;Fim do Sub. Ramal Canaã - Km 0,47;MAUÉS;INTERIOR;0,47;;km;"  3°24'50.37""S";" 57°41'1.28""W";"  3°25'1.53""S";" 57°41'11.39""W";Ok;;;;;;;;;;;;;;;;;;;;;;;;;;;;;;;;;LEITO NATURAL;;;A VISITAR;;;;R$ 1.175.000,00;
 RMMAU ;707;SUB. RAMAL PRESBITERIANA;ESTRADA;PRIMÁRIO;ESTRADA DO PUPUNHAL ;ESTRADA DO PUPUNHAL - KM 2,20;Início do Sub. Ramal Presbiteriana -Estrada do Pupunhal - Km 2,20;Fim do Sub. Ramal Presbiteriana - Km 1,51;MAUÉS;INTERIOR;1,51;;km;"  3°25'6.40""S";" 57°40'47.32""W";"  3°25'31.06""S";" 57°41'24.99""W";Ok;;;;;;;;;;;;;;;;;;;;;;;;;;;;;;;;;LEITO NATURAL;;;A VISITAR;;;;R$ 3.775.000,00;
 RMMAU ;708;SUB. RAMAL DO MAGNANI;ESTRADA;PRIMÁRIO;ESTRADA DO PUPUNHAL ;ESTRADA DO PUPUNHAL - KM 2,32;Início do Sub. Ramal do Magnani - Estrada do Pupunhal - Km 2,32;Fim do Sub. Ramal do Magnani - Km 1,35;MAUÉS;INTERIOR;1,35;;km;"  3°25'9.40""S";" 57°40'45.80""W";"  3°25'35.26""S";" 57°41'20.62""W";Ok;;;;;;;;;;;;;;;;;;;;;;;;;;;;;;;;;LEITO NATURAL;;;A VISITAR;;;;R$ 3.375.000,00;
 RMMAU ;709;SUB. RAMAL DO EDILSON NEGREIRO;ESTRADA;PRIMÁRIO;ESTRADA DO GUARANATUBA ;ESTRADA DO GUARANATUBA - 3,70;Início do Sub. Ramal do Edilson Negreiro - Estrada do Guaranatuba - Km 3,70;Fim do Sub. Ramal do Edilson Negreiro - Km 1,60;MAUÉS;INTERIOR;1,60;;km;"  3°20'55.73""S";" 57°41'34.49""W";"  3°21'21.06""S";" 57°41'1.29""W";Ok;;;;;;;;;;;;;;;;;;;;;;;;;;;;;;;;;LEITO NATURAL;;;A VISITAR;;;;R$ 4.000.000,00;
 RMMAU ;710;SUB. RAMAL DO PARAÍSO;ESTRADA;PRIMÁRIO;ESTRADA DOS MORAIS ;ESTRADA DOS MORAIS - KM 2,52;Início do Ramal do Paraíso - Estrada dos Morais - Km 2,52;Fim do Ramal do Paraíso - Km 2,32;MAUÉS;INTERIOR;2,32;;km;"  3°23'58.04""S";" 57°41'33.19""W";"  3°24'57.07""S";" 57°41'55.59""W";Ok;;;;;;;;;;;;;;;;;;;;;;;;;;;;;;;;;LEITO NATURAL;;;A VISITAR;;;;R$ 5.800.000,00;
 RMMAU ;711;RAMAL DE ACESSO A COMUNIDADE LIBERDADE ALTO APUCUITAUA;ESTRADA;PRIMÁRIO;-;-;Início do Ramal de Acesso a Comunidade Liberdade Alto Apucuitaua - Km 00;Fim do Ramal de Acesso a Comunidade Liberdade Alto Apucuitaua - Km 8,90;MAUÉS;INTERIOR;8,90;;km;"  3°47'43.86""S";" 57°57'40.40""W";"  3°51'57.83""S";" 57°58'8.99""W";Ok;;;;;;;;;;;;;;;;;;;;;;;;;;;;;;;;;LEITO NATURAL;;;A VISITAR;;;;R$ 22.250.000,00;
 RMMAU ;712;RAMAL DE ACESSO A COMUNIDADE SÃO RAIMUNDO ALTO APUCUITAU;ESTRADA;PRIMÁRIO;-;-;Início do Ramal de Acesso a Comunidade São Raimundo Alto Apucuitau - Km 00;Fim do Ramal de Acesso a Comunidade São Raimundo Alto Apucuitau - Km 1,71;MAUÉS;INTERIOR;1,71;;km;"  3°48'52.59""S";" 57°54'26.19""W";"  3°49'25.44""S";" 57°55'1.66""W";Ok;;;;;;;;;;;;;;;;;;;;;;;;;;;;;;;;;LEITO NATURAL;;;A VISITAR;;;;R$ 4.275.000,00;
 RMMAU ;713;RAMAL DE ACESSO A COMUNIDADE NOSSA SENHORA APARECIDA DO VARRE VENTO;ESTRADA;PRIMÁRIO;-;-;Início do Ramal de Acesso a Comunidade Nossa senhora Aparecida do Varre Vento - Km 00;Fim do Ramal de Acesso a Comunidade Nossa senhora Aparecida do Varre Vento - Km 0,85;MAUÉS;INTERIOR;0,85;;km;"  3°58'18.78""S";" 57°54'7.99""W";"  3°58'10.23""S";" 57°53'46.77""W";Ok;;;;;;;;;;;;;;;;;;;;;;;;;;;;;;;;;LEITO NATURAL;;;A VISITAR;;;;R$ 2.125.000,00;
 RMMAU ;714;RAMAL DE ACESSO COMUNIDADE PUCU;ESTRADA;PRIMÁRIO;-;-;Início do Ramal de Acesso a Comunidade Pucu - Km 00;Fim do Ramal de Acesso a Comunidade Pucu - Km 0,77;MAUÉS;INTERIOR;0,77;;km;"  3°45'6.92""S";" 57°59'18.35""W";"  3°45'9.33""S";" 57°59'42.96""W";Ok;;;;;;;;;;;;;;;;;;;;;;;;;;;;;;;;;LEITO NATURAL;;;A VISITAR;;;;R$ 1.925.000,00;
 RMMAU ;715;SUB. RAMAL BRENDA VITORIA;ESTRADA;PRIMÁRIO;ESTRADA MAUÉS MIRI ;ESTRADA MAUÉS MIRI - KM 2,45;Início do Sub. Ramal Brenda Vitoria - Estrada Maués Miri - Km 2,45;Fim do Sub. Ramal Brenda Vitoria - Km 0,67;MAUÉS;INTERIOR;0,67;;km;"  3°22'21.87""S";" 57°42'15.12""W";"  3°22'4.26""S";" 57°42'6.65""W";Ok;;;;;;;;;;;;;;;;;;;;;;;;;;;;;;;;;LEITO NATURAL;;;A VISITAR;;;;R$ 1.675.000,00;
 RMMAU ;716;SUB. RAMAL DA EMBRAPA;ESTRADA;PRIMÁRIO;ESTRADA MAUÉS MIRI ;ESTRADA MAUÉS MIRI - KM 4,1;Início do Sub. Ramal da Embrapa - Estrada Maués Miri - Km 4,1;Fim do Sub. Ramal da Embrapa - Km 0,83;MAUÉS;INTERIOR;0,83;;km;"  3°24'2.60""S";" 57°40'45.27""W";"  3°23'38.75""S";" 57°40'57.82""W";Ok;;;;;;;;;;;;;;;;;;;;;;;;;;;;;;;;;LEITO NATURAL;;;A VISITAR;;;;R$ 2.075.000,00;
 RMMAU ;717;RAMAL DO JOACY CADETE;ESTRADA;PRIMÁRIO;ESTRADA DO BACABAU;ESTRADA DO BACABAU - KM 1,17;Início do Ramal do Joacy Cadete: Estrada do Bacabau - Km 1,17;Fim do Ramal do Joacy Cadete - Km 0,70;MAUÉS;INTERIOR;0,70;;km;"  3°23'15.77""S";" 57°41'36.99""W";"  3°23'5.46""S";" 57°41'17.99""W";Ok;;;;;;;;;;;;;;;;;;;;;;;;;;;;;;;;;LEITO NATURAL;;;A VISITAR;;;;R$ 1.750.000,00;
 RMMAU ;718;ESTRADA SÃO FRANCISCO DOS MORAIS;ESTRADA;PRIMÁRIO;-;-;Início da Estrada São Francisco dos Morais - Km 00;Fim da Estrada São Francisco dos Morais - Km 4,0;MAUÉS;INTERIOR;4,00;;km;"  3°24'4.58""S";" 57°40'4.69""W";"  3°23'0.82""S";" 57°38'24.74""W";Ok;;;;;;;;;;;;;;;;;;;;;;;;;;;;;;;;;LEITO NATURAL;;;A VISITAR;;;;R$ 10.000.000,00;
 RMMAU ;719;RAMAL DE ACESSO A COMUNIDADE NOSSA SENHORA APARECIDA MUCURA ;ESTRADA;PRIMÁRIO;-;-;Início Ramal de acesso a Comunidade Nossa Senhora Aparecida Mucura - Km 00;Fim Ramal de acesso a Comunidade Nossa Senhora Aparecida Mucura - Km 2,95;MAUÉS;INTERIOR;2,94;;km;"  3°17'42.14""S";" 57°40'4.69""W";"  3°17'6.97""S";" 57°45'31.19""W";Ok;;;;;;;;;;;;;;;;;;;;;;;;;;;;;;;;;LEITO NATURAL;;;A VISITAR;;;;R$ 7.350.000,00;
 RMMAU ;720;RAMAL DE ACESSO A COMUNIDADE NOSSA SENHORA APARECIDA MUCURA -2º PARTE;ESTRADA;PRIMÁRIO;-;-;Início Ramal de acesso a Comunidade Nossa Senhora Aparecida Mucura 2º Parte - Km 00;Fim Ramal de acesso a Comunidade Nossa Senhora Aparecida Mucura 2º Parte - Km 3,1;MAUÉS;INTERIOR;3,10;;km;"  3°18'58.29""S";" 57°44'37.07""W";"  3°18'32.27""S";" 57°46'2.95""W";Ok;;;;;;;;;;;;;;;;;;;;;;;;;;;;;;;;;LEITO NATURAL;;;A VISITAR;;;;R$ 7.750.000,00;
 RMMAU ;721;RAMAL DE ACESSO A COMUNIDADE NOSSA SENHORA APARECIDA MUCURA - 3º PARTE;ESTRADA;PRIMÁRIO;-;-;Início Ramal de acesso a Comunidade Nossa Senhora Aparecida Mucura 3º Parte - Km 00;Fim Ramal de acesso a Comunidade Nossa Senhora Aparecida Mucura 3º Parte - Km 0,42;MAUÉS;INTERIOR;0,42;;km;"  3°19'4.12""S";" 57°44'41.35""W";"  3°18'52.33""S ";"57°44'35.05""W";Ok;;;;;;;;;;;;;;;;;;;;;;;;;;;;;;;;;LEITO NATURAL;;;A VISITAR;;;;R$ 1.050.000,00;
 RMMAU ;722;RAMAL DE ACESSO A COMUNIDADE BOM JESUS;ESTRADA;PRIMÁRIO;-;-;Início Ramal de acesso a Comunidade Bom Jesus - Km 00;Fim Ramal de acesso a Comunidade Bom Jesus - Km 5,86;MAUÉS;INTERIOR;5,86;;km;"  3°36'14.80""S";" 57°59'3.54""W";"  3°38'43.50""S";" 57°58'22.93""W";Ok;;;;;;;;;;;;;;;;;;;;;;;;;;;;;;;;;LEITO NATURAL;;;A VISITAR;;;;R$ 14.650.000,00;
 RMMAU ;723;RAMAL DE ACESSO A COMUNIDADE NOSSA SENHORA LURDES CURUCA;ESTRADA;PRIMÁRIO;-;-;Início Ramal de acesso a Comunidade Nossa Senhora Lurdes Curuca - Km 00;Fim Ramal de acesso a Comunidade Nossa Senhora Lurdes Curuca - Km 2,5;MAUÉS;INTERIOR;2,50;;km;"  3°32'55.68""S";" 58° 6'9.18""W";"  3°32'23.00""S";" 58° 4'59.66""W";Ok;;;;;;;;;;;;;;;;;;;;;;;;;;;;;;;;;LEITO NATURAL;;;A VISITAR;;;;R$ 6.250.000,00;
 RMMAU ;724;RAMAL DE ACESSO A COMUNIDADE FREGUESIA;ESTRADA;PRIMÁRIO;-;-;Início Ramal de acesso a Comunidade Freguesia - Km 00;Fim do Ramal de acesso a Comunidade Freguesia - Km 2,5;MAUÉS;INTERIOR;2,50;;km;"  3°34'55.22""S";" 57°57'29.33""W";"  3°33'54.15""S";" 57°56'39.33""W";Ok;;;;;;;;;;;;;;;;;;;;;;;;;;;;;;;;;LEITO NATURAL;;;A VISITAR;;;;R$ 6.250.000,00;
 RMMAU ;725;RAMAL DE ACESSO A COMUNIDADE SANTO ANTÔNIO DO MUTUCA;ESTRADA;PRIMÁRIO;-;-;Início Ramal de acesso a Comunidade Santo Antônio do Mutuca - Km 00;Fim Ramal de acesso a Comunidade Santo Antônio do Mutuca - Km 1,44;MAUÉS;INTERIOR;1,44;;km;"  3°23'31.35""S";" 57°47'41.01""W";"  3°24'7.39""S";" 57°47'12.17""W";Ok;;;;;;;;;;;;;;;;;;;;;;;;;;;;;;;;;LEITO NATURAL;;;A VISITAR;;;;R$ 3.600.000,00;
 RMMAU ;726;RAMAL DE ACESSO A COMUNIDADE SANTO ANTÔNIO DO MUCAJA;ESTRADA;PRIMÁRIO;-;-;Início  Ramal de acesso a Comunidade Santo Antônio do Mucaja - Km 00;Fim Ramal de acesso a Comunidade Santo Antônio do Mucaja - Km 1,23;MAUÉS;INTERIOR;1,23;;km;"  3°53'49.85""S";" 57°30'12.60""W";"  3°54'7.33""S";" 57°29'36.81""W";Ok;;;;;;;;;;;;;;;;;;;;;;;;;;;;;;;;;LEITO NATURAL;;;A VISITAR;;;;R$ 3.075.000,00;
 RMSSU ;727;ESTRADA DO IGARAPÉ AÇU;ESTRADA;PRIMÁRIO;AM-363 ;AM-363 - KM 154,97;Início da Estrada do Igarapé-Açu - Am-363 - Km 154,97;Fim da Estrada do Igarapé-Açu - Km 1,82;SÃO SEBASTIÃO DO UATUMÃ ;INTERIOR;1,82;;km;"  2°27'53.75""S";" 57°54'32.00""W";"  2°27'27.47""S";" 57°55'19.56""W";Ok;;;;;;;;;;;;;;;;;;;;;;;;;;;;;;;;;LEITO NATURAL;;;A VISITAR;;;;R$ 4.550.000,00;
 RMTON ;728;ESTRADA SÃO FRANCISCO ;ESTRADA;PRIMÁRIO;R. ALFREDO PESSOA;R. ALFREDO PESSOA - KM 00;Início da Estrada São Francisco - R. Alfredo Pessoa - Km 00;Fim da Estrada São Francisco - Km 1,39;TONANTINS;INTERIOR;1,39;;km;"  2°52'5.80""S";" 67°47'20.14""W";"  2°52'22.51""S";" 67°48'1.82""W";Ok;;;;;;;;;;;;;;;;;;;;;;;;;;;;;;;;;LEITO NATURAL;;;A VISITAR;;;;R$ 3.475.000,00;
 RMSIN ;729;ANTIGA ESTRADA DO AEROPORTO ;ESTRADA;PRIMÁRIO;-;-;Início da Estrada do Aeroporto - Km 00;Fim da Estrada do Aeroporto - Km 0,38;SANTA ISABEL DO RIO NEGRO;INTERIOR;0,38;;km;"  0°24'57.84""S";" 65° 0'44.67""W";"  0°24'56.00""S";" 65° 0'32.66""W";Ok;;;;;;;;;;;;;;;;;;;;;;;;;;;;;;;;;LEITO NATURAL;;;A VISITAR;;;;R$ 950.000,00;
 RMSIN ;730;ESTRADA DO TIBARRA ;ESTRADA;PRIMÁRIO;-;-;Início da Estrada do Tibirra - Km 00;Fim da Estrada do Tibirra - Km 7,16;SANTA ISABEL DO RIO NEGRO;INTERIOR;7,16;;km;"  0°24'55.36""S";" 65° 0'32.30""W";"  0°24'48.90""S";" 64°56'59.69""W";Ok;;;;;;;;;;;;;;;;;;;;;;;;;;;;;;;;;LEITO NATURAL;;;A VISITAR;;;;R$ 17.900.000,00;
 RMSIN ;731;ESTRADA DO AEROPORTO ;ESTRADA;PRIMÁRIO;-;-;Início da Estrada do Aeroporto - Km 00 ;Fim da Estrada do Aeroporto - Km 4 ;SANTA ISABEL DO RIO NEGRO;INTERIOR;4,00;;km;"  0°24'43.10""S";" 65° 0'45.41""W";"  0°22'49.95""S";" 64°59'46.99""W";Ok;;;;;;;;;;;;;;;;;;;;;;;;;;;;;;;;;LEITO NATURAL;;;A VISITAR;;;;R$ 10.000.000,00;
RMTAB;732;ESTRADA GEODÉSICA I;ESTRADA;PRIMÁRIO;ESTRADA PERIMENTAL NORTE II;ESTRADA PERIMENTAL NORTE II - KM 1;Início da Estrada Geodésica I -  Estrada Perimental Norte II - Km 1;Fim da Estrada Geodésica I - Km 6;TABATINGA;INTERIOR;6,00;;km;"  4°13'3.38""S";" 69°55'25.13""W";"  4° 9'53.25""S";" 69°54'44.18""W";Ok;;;;;;;;;;;;;;;;;;;;;;;;;;;;;;;;;LEITO NATURAL;;;A VISITAR;;;;R$ 15.000.000,00;
RMTAB;733;ESTRADA GEODÉSICA III;ESTRADA;PRIMÁRIO;ESTRADA PERIMENTAL NORTE I;ESTRADA PERIMENTAL NORTE I;Início da Estrada Geodésica III - Estrada Perimental Norte I - Km 6,12 ;Fim da Estrada Geodésica III - Km 4,81;TABATINGA;INTERIOR;4,81;;km;"  4°13'46.56""S";" 69°52'46.71""W";"  4°12'18.65""S";" 69°51'15.90""W";Ok;;;;;;;;;;;;;;;;;;;;;;;;;;;;;;;;;LEITO NATURAL;;;A VISITAR;;;;R$ 12.025.000,00;
RMTAB;734;RAMAL NOVO PROGRESSO;ESTRADA;PRIMÁRIO;ESTRADA GEODÉSICA II;ESTRADA GEODÉSICA II - KM 2,50;Início do Ramal Novo Progresso - Estrada Geodésica II - Km 2,50;Fim do Ramal Novo Progresso - Km 3,41;TABATINGA;INTERIOR;3,41;;km;"  4°11'50.21""S";" 69°54'36.40""W";"  4°10'37.92""S";" 69°53'44.30""W";Ok;;;;;;;;;;;;;;;;;;;;;;;;;;;;;;;;;LEITO NATURAL;;;A VISITAR;;;;R$ 8.525.000,00;
RMTAB;735;RAMAL DEUS É BOM I;ESTRADA;PRIMÁRIO;ESTRADA GEODÉSICA II;ESTRADA GEODÉSICA II - KM 6,32;Início do Ramal Deus é Bom I - Estrada Geodésica II - Km 6,32;Fim do Ramal Deus é Bom I - Km 2,45;TABATINGA;INTERIOR;2,45;;km;"  4° 9'45.89""S";" 69°54'11.14""W";"  4° 9'8.92""S";" 69°53'22.13""W";Ok;;;;;;;;;;;;;;;;;;;;;;;;;;;;;;;;;LEITO NATURAL;;;A VISITAR;;;;R$ 6.125.000,00;
RMTAB;736;RAMAL DEUS É BOM II;ESTRADA;PRIMÁRIO;RAMAL DEUS É BOM I;RAMAL DEUS É BOM II - KM 1,10;Início do Ramal Deus é Bom II -  Ramal Deus é Bom I - Km 1,10;Fim do Ramal Deus é Bom II - Km 0,51;TABATINGA;INTERIOR;0,51;;km;"  4° 9'50.01""S";" 69°53'35.63""W";"  4° 9'54.72""S";" 69°53'20.11""W";Ok;;;;;;;;;;;;;;;;;;;;;;;;;;;;;;;;;LEITO NATURAL;;;A VISITAR;;;;R$ 1.275.000,00;
RMTAB;737;SUB. RAMAL FLORESTAL;ESTRADA;PRIMÁRIO;ESTRADA GEODÉSICA II;ESTRADA GEODÉSICA II - KM 8,57;Início do Sub. Ramal Florestal - Estrada Geodésica - Km 8,57;Fim do Sub. Ramal Florestal - Km 4,74;TABATINGA;INTERIOR;4,74;;km;"  4° 8'38.71""S";" 69°53'57.52""W";"  4° 8'59.19""S";" 69°55'14.32""W";Ok;;;;;;;;;;;;;;;;;;;;;;;;;;;;;;;;;LEITO NATURAL;;;A VISITAR;;;;R$ 11.850.000,00;
RMTAB;738;SUB. RAMAL SÃO JOÃO;ESTRADA;PRIMÁRIO;RAMAL NOVO PARAÍSO ;RAMAL NOVO PARAÍSO - KM 1,95;Início do Sub. Ramal São João - Ramal Novo Paraíso - Km 1,95;Fim do Sub. Ramal São João - Km 3,17;TABATINGA;INTERIOR;3,17;;km;"  4°11'30.71""S";" 69°53'29.22""W";"  4°10'30.44""S";" 69°52'30.36""W";Ok;;;;;;;;;;;;;;;;;;;;;;;;;;;;;;;;;LEITO NATURAL;;;A VISITAR;;;;R$ 7.925.000,00;
RMTAB;739;SUB. RAMAL BOM JESUS;ESTRADA;PRIMÁRIO;SUB. RAMAL SÃO JOÃO;SUB. RAMAL SÃO JOÃO - KM 2,37;Início do Sub. Ramal Bom Jesus - Sub. Ramal São João - Km 2,37  ;Fim do Sub. Ramal Bom Jesus - Km 3,81;TABATINGA;INTERIOR;3,81;;km;"  4°10'59.61""S";" 69°52'40.68""W";"  4°12'23.28""S";" 69°52'47.22""W";Ok;;;;;;;;;;;;;;;;;;;;;;;;;;;;;;;;;LEITO NATURAL;;;A VISITAR;;;;R$ 9.525.000,00;
RMTAB;740;SUB. RAMAL DO kURUPIRA;ESTRADA;PRIMÁRIO;ESTRADA GEODÉSICA III;ESTRADA GEODÉSICA III - KM 1,45;Início do Sub. Ramal do Kurupira - Estrada do Geodésica III - Km 1,45;Fim do Sub. Ramal do Kurupira - Km 2,26;TABATINGA;INTERIOR;2,26;;km;"  4°13'1.69""S";" 69°52'35.91""W";"  4°13'12.29""S";" 69°51'24.45""W";Ok;;;;;;;;;;;;;;;;;;;;;;;;;;;;;;;;;LEITO NATURAL;;;A VISITAR;;;;R$ 5.650.000,00;
RMTAB;741;SUB. RAMAL MONTE SINAI;ESTRADA;PRIMÁRIO;SUB. RAMAL DO kURUPIRA;SUB. RAMAL DO KURUPIRA - KM 1,98;Início do Sub. Ramal Monte Sinai - Sub. Ramal do Kurupira - Km 1,98;Fim do Sub. Ramal Monte Sinai - Km 2,31;TABATINGA;INTERIOR;2,31;;km;"  4°13'9.72""S";" 69°51'34.43""W";"  4°13'34.96""S";" 69°50'58.22""W";Ok;;;;;;;;;;;;;;;;;;;;;;;;;;;;;;;;;LEITO NATURAL;;;A VISITAR;;;;R$ 5.775.000,00;
 RMSAI ;742;ESTRADA DO PANTANAL ;ESTRADA;PRIMÁRIO;ESTRADA PRESIDENTE VARGAS ;ESTRADA PRESIDENTE VARGAS - KM 00;Início da Estrada do Pantanal - Est. Pres. Vargas - Km 00;Fim da Estrada do Pantanal - Km 3,1;SANTO ANTÔNIO DO IÇÃ ;INTERIOR;3,10;;km;"  3° 6'22.38""S";" 69°51'34.43""W";"  3° 5'20.87""S";" 67°58'24.18""W";Ok;;;;;;;;;;;;;;;;;;;;;;;;;;;;;;;;;LEITO NATURAL;;;A VISITAR;;;;R$ 7.750.000,00;
 RMSAI ;743;RAMAL SÃO LÁZARO;ESTRADA;PRIMÁRIO;AM-374 ;AM-374 - KM 91,8;Início do Ramal São Lázaro - Am-374 - Km 91,8;Fim do Ramal Lázaro Martins - Km 4,23;SANTO ANTÔNIO DO IÇÃ ;INTERIOR;4,23;;km;"  3° 4'27.57""S";" 67°58'38.26""W";"  3° 2'15.02""S";" 67°59'0.54""W";Ok;;;;;;;;;;;;;;;;;;;;;;;;;;;;;;;;;LEITO NATURAL;;;A VISITAR;;;;R$ 10.575.000,00;
 RMSAI ;744;ESTRADA DO PAPA UMA;ESTRADA;PRIMÁRIO;AM-374 ;AM-374 - KM 96,5;Início da Estrada do Papa Uma - Am-374 - Km 96,5 -  Av. Alvaro Maia - Km 00;Fim da Estrada do Papa Uma - Km 10,3;SANTO ANTÔNIO DO IÇÃ ;INTERIOR;10,30;;km;"  3° 5'23.60""S";" 67°56'44.11""W";"  3° 0'41.89""S";" 67°57'22.67""W";Ok;;;;;;;;;;;;;;;;;;;;;;;;;;;;;;;;;LEITO NATURAL;;;A VISITAR;;;;R$ 25.750.000,00;
 RMSAI ;745;ESTRADA SÃO GABRIEL;ESTRADA;PRIMÁRIO;ESTRADA SÃO SALVADOR ;ESTRADA SÃO SALVADOR - KM 00;Início da Estrada São Gabriel - Estr. São Salvador - Km 00;Fim da Estrada São Gabriel - Km 2,93;SANTO ANTÔNIO DO IÇÃ ;INTERIOR;2,93;;km;"  3° 5'40.53""S";" 67°56'9.69""W";"  3° 4'38.90""S";" 67°56'26.47""W";Ok;;;;;;;;;;;;;;;;;;;;;;;;;;;;;;;;;LEITO NATURAL;;;A VISITAR;;;;R$ 7.325.000,00;
 RMSAI ;746;RAMAL BOM FUTURO;ESTRADA;PRIMÁRIO;AM-374 ;AM-374 - KM 93,23;Início do Ramal Bom Futuro - Am-374 - Km 93,23;Fim do Ramal Bom Futuro - Km 2,0;SANTO ANTÔNIO DO IÇÃ ;INTERIOR;2,00;;km;"  3° 4'43.00""S";" 67°57'55.87""W";"  3° 3'40.75""S";" 67°57'42.03""W";Ok;;;;;;;;;;;;;;;;;;;;;;;;;;;;;;;;;LEITO NATURAL;;;A VISITAR;;;;R$ 5.000.000,00;
 RMSAI ;747;SUB. RAMAL PASTORAL;ESTRADA;PRIMÁRIO;RAMAL BOM FUTURO;RAMAL BOM FUTURO - KM 1,54;Início do Sub. Ramal Pastoral - Ramal Bom Futuro - Km 1,54;Fim do Sub. Ramal Pastoral - Km 2,85;SANTO ANTÔNIO DO IÇÃ ;INTERIOR;2,85;;km;"  3° 3'54.50""S";" 67°57'47.30""W";"  3° 2'36.87""S";" 67°58'24.11""W";Ok;;;;;;;;;;;;;;;;;;;;;;;;;;;;;;;;;LEITO NATURAL;;;A VISITAR;;;;R$ 7.125.000,00;
 RMSAI ;748;ESTRADA JOSÉ DA COSTA RUAS;ESTRADA;PRIMÁRIO;VILA MILITAR;VILA MILITAR - KM 00;Início da Estrada José da Costa Ruas - Vila Militar - Km 00;Fim da Estrada José da Costa Ruas - Km 3,14;SANTO ANTÔNIO DO IÇÃ ;INTERIOR;3,14;;km;"  3° 6'33.38""S";" 67°57'44.72""W";"  3° 6'41.71""S";" 67°59'21.05""W";Ok;;;;;;;;;;;;;;;;;;;;;;;;;;;;;;;;;LEITO NATURAL;;;A VISITAR;;;;R$ 7.850.000,00;
 RMSAI ;749;ESTRADA DO SINDICATO;ESTRADA;PRIMÁRIO;AV. ALVARO MAIA;AV. ALVARO MAIA - KM 00;Início da Estrada do Sindicato - Av Alvaro Maia - Km 00;Fim da Estrada do Sindicato - Km 13,8;SANTO ANTÔNIO DO IÇÃ ;INTERIOR;13,80;;km;"  3° 5'15.16""S";" 67°57'6.93""W";"  3° 4'31.86""S";" 68° 3'43.14""W";Ok;;;;;;;;;;;;;;;;;;;;;;;;;;;;;;;;;LEITO NATURAL;;;A VISITAR;;;;R$ 34.500.000,00;
 RMPAR ;750;ESTRADA DO MOCAMBO;ESTRADA;PRIMÁRIO;R. MENDOÇA ;R. MENDOÇA - KM 00;Início da Estrada do Mocambo - R. Mendonça - Km 00;Fim da Estrada do Mocambo - Km 37,2;PARINTINS;INTERIOR;37,20;;km;"  2°26'53.72""S";" 57°17'11.74""W";"  2°27'31.95""S";" 57° 6'16.26""W";Ok;;;;;;;;;;;;;;;;;;;;;;;;;;;;;;;;;LEITO NATURAL;;;A VISITAR;;;;R$ 93.000.000,00;
 RMPAR ;751;SUB. RAMAL MONTE SINAI;ESTRADA;PRIMÁRIO;ESTRADA DO MOCAMBO;ESTRADA DO MOCAMBO - KM 23,3;Início do Sub. Ramal Monte Sinai - Estrada do Mocambo - Km 23,3;Fim do Sub. Ramal Monte Sinai - Km 3,83;PARINTINS;INTERIOR;23,30;;km;"  2°25'47.86""S";" 57°12'19.65""W";"  2°27'38.86""S";" 57°11'50.86""W";Ok;;;;;;;;;;;;;;;;;;;;;;;;;;;;;;;;;LEITO NATURAL;;;A VISITAR;;;;R$ 58.250.000,00;
 RMPAR ;752;SUB. RAMAL SÃO JOAQUIM;ESTRADA;PRIMÁRIO;ESTRADA DO MOCAMBO;ESTRADA DO MOCAMBO - KM 31,4;Início do Sub. Ramal São Joaquim - Estrada do Mocambo - Km 31,4;Fim do Sub. Ramal São Joaquim - Km 6,87;PARINTINS;INTERIOR;6,87;;km;"  2°26'12.04""S";" 57° 8'58.63""W";"  2°23'41.66""S";" 57°10'17.29""W";Ok;;;;;;;;;;;;;;;;;;;;;;;;;;;;;;;;;LEITO NATURAL;;;A VISITAR;;;;R$ 17.175.000,00;
 RMSIL ;753;RAMAL DO LIVRAMENTO;ESTRADA;PRIMÁRIO;AM-363;AM-363 - KM 8,51;Início do Ramal do Livramento - Am-363 - Km 8,51;Fim do Ramal do Livramento - Km 8,51;SILVES;RMM;20,90;;km;"  3° 0'2.79""S";" 58°41'39.52""W";"  2°56'11.16""S";" 58°33'36.31""W";Ok;;;;;;;;;;;;;;;;;;;;;;;;;;;;;;;;;LEITO NATURAL;;;A VISITAR;;;;R$ 52.250.000,00;
 RMSIL ;754;RAMAL DO CARÚ ;ESTRADA;PRIMÁRIO;AM-363;AM-363 - KM 35,34;Início do Ramal do Carú - Am-363 - Km 35,34;Fim do Ramal do Carú - Km 2,68;SILVES;RMM;2,68;;km;"  2°48'51.25""S";" 58°38'25.81""W";"  2°50'11.91""S";" 58°38'15.46""W";Ok;;;;;;;;;;;;;;;;;;;;;;;;;;;;;;;;;LEITO NATURAL;;;A VISITAR;;;;R$ 6.700.000,00;
 RMSIL ;755;RAMAL DO SÃO JOÃO;ESTRADA;PRIMÁRIO;AM-363;AM-363 - KM 47,44;Início do Ramal do São João - Am-363 - Km 47,44;Fim do Ramal do São João - Km 4,66;SILVES;RMM;4,66;;km;"  2°47'15.09""S";" 58°32'6.53""W";"  2°45'55.89""S";" 58°31'11.53""W";Ok;;;;;;;;;;;;;;;;;;;;;;;;;;;;;;;;;LEITO NATURAL;;;A VISITAR;;;;R$ 11.650.000,00;
 RMSIL ;756;RAMAL DO MAQUARAZINHO;ESTRADA;PRIMÁRIO;AM-363;AM-363 - KM 59,57;Início do Ramal do Maquarazinho - Am-363 - Km 59,44;Fim do Ramal do Maquarazinho - Km 13,8;SILVES;RMM;13,80;;km;"  2°48'12.54""S";" 58°26'20.72""W";"  2°54'13.48""S";" 58°26'26.73""W";Ok;;;;;;;;;;;;;;;;;;;;;;;;;;;;;;;;;LEITO NATURAL;;;A VISITAR;;;;R$ 34.500.000,00;
 RMSIL ;757;ESTRADA S.I;ESTRADA;PRIMÁRIO;AM-363;AM-363 - KM 36,34;Início da Estrada do S.I - Am-363 - Km 36,34;Fim da Estrada do S.I - Km 21,6;SILVES;RMM;21,60;;km;"  2°48'43.16""S";" 58°37'55.01""W";"  2°50'40.08""S";" 58°32'10.12""W";Ok;;;;;;;;;;;;;;;;;;;;;;;;;;;;;;;;;LEITO NATURAL;;;A VISITAR;;;;R$ 54.000.000,00;
 RMSIL ;758;ESTRADA S.I;ESTRADA;PRIMÁRIO;AM-363;AM-363 - KM 35,34;Início da Estrada do S.I - Am-363 - Km 35,34;Fim da Estrada do S.I - Km 42,7;SILVES;RMM;42,70;;km;"  2°48'50.63""S";" 58°38'26.20""W";"  2°32'43.25""S";" 58°48'48.12""W";Ok;;;;;;;;;;;;;;;;;;;;;;;;;;;;;;;;;LEITO NATURAL;;;A VISITAR;;;;R$ 106.750.000,00;
 RMUCA ;759;RAMAL SOL NASCENTE - JAUARITÉ;ESTRADA;PRIMÁRIO;-;-;Início do Ramal Sol Nascente -Jauarité - Km 00;Fim do Ramal Sol Nascente - Jauarité - Km 4,35;URUCARÁ;INTERIOR;4,35;;km;"  2°22'20.66""S";" 57°34'16.13""W";"  2°20'49.90""S";" 57°35'42.50""W";Ok;;;;;;;;;;;;;;;;;;;;;;;;;;;;;;;;;LEITO NATURAL;;;A VISITAR;;;;R$ 10.875.000,00;
 RMUCA ;760;RAMAL DA COLÔNIA DEUS É PAI ;ESTRADA;PRIMÁRIO;-;-;Início do Ramal da Colônia Deus é Pai - Km 00;Fim do Ramal da Colônia Deus é Pai - Km 3;URUCARÁ;INTERIOR;3,00;;km;"  2°28'54.13""S";" 57°46'20.21""W";"  2°30'24.86""S";" 57°45'51.04""W";Ok;;;;;;;;;;;;;;;;;;;;;;;;;;;;;;;;;LEITO NATURAL;;;A VISITAR;;;;R$ 7.500.000,00;
 RMUCA ;761;RAMAL DAS PEDRAS ;ESTRADA;PRIMÁRIO;-;-;Início do Ramal das Pedras - Km 00;Fim do Ramal das Pedras - Km 2 ;URUCARÁ;INTERIOR;2,00;;km;"  2°28'53.93""S";" 57°46'20.30""W";"  2°28'27.91""S";" 57°47'10.67""W";Ok;;;;;;;;;;;;;;;;;;;;;;;;;;;;;;;;;LEITO NATURAL;;;A VISITAR;;;;R$ 5.000.000,00;
 RMUCA ;762;RAMAL DA COLÔNIA BUÇUSAL ;ESTRADA;PRIMÁRIO;-;-;Início do Ramal da Colônia Buçusal - Km 00;Fim do Ramal da Colônia Buçusal - Km 6,15;URUCARÁ;INTERIOR;6,15;;km;"  2°22'28.35""S";" 57°34'57.16""W";"  2°22'29.96""S";" 57°37'29.54""W";Ok;;;;;;;;;;;;;;;;;;;;;;;;;;;;;;;;;LEITO NATURAL;;;A VISITAR;;;;R$ 15.375.000,00;
 RMUCA ;763;RAMAL DA COLÔNIA NOVA VIDA ;ESTRADA;PRIMÁRIO;ESTRADA GILBERTO MESTRINHO;ESTRADA GILBERTO MESTRINHO - KM 3,39;Início do Ramal da Colônia Nova Vida - Estrada Gilberto Mestrinho -Km 3,39 ;Fim do Ramal da Colônia Nova Vida - Km 3,17;URUCARÁ;INTERIOR;3,17;;km;"  2°31'49.39""S";" 57°43'30.76""W";"  2°30'20.46""S";" 57°42'59.92""W";Ok;;;;;;;;;;;;;;;;;;;;;;;;;;;;;;;;;LEITO NATURAL;;;A VISITAR;;;;R$ 7.925.000,00;
 RMUCA ;764;RAMAL DO MACUCAUA;ESTRADA;PRIMÁRIO;AM-326;AM-326 - KM 24,8;Início do Ramal do Macucaua - Am-326 - Km 24,8;Fim do Ramal do Macucaua - Km 1,86;URUCARÁ;INTERIOR;1,86;;km;"  2°31'8.18""S";" 57°44'13.49""W";"  2°30'31.30""S";" 57°43'43.23""W";Ok;;;;;;;;;;;;;;;;;;;;;;;;;;;;;;;;;LEITO NATURAL;;;A VISITAR;;;;R$ 4.650.000,00;
 RMUCA ;765;RAMAL DA COLÔNIA BOA ESPERANÇA ;ESTRADA;PRIMÁRIO;AM-326;AM-326 - KM 20,6;Início do Ramal da Colônia Boa Esperança - Am-326 - Km 20,6;Fim do Ramal da Colônia Boa Esperança - Km 2,25;URUCARÁ;INTERIOR;2,25;;km;"  2°29'0.29""S";" 57°44'30.04""W";"  2°28'12.80""S";" 57°45'22.31""W";Ok;;;;;;;;;;;;;;;;;;;;;;;;;;;;;;;;;LEITO NATURAL;;;A VISITAR;;;;R$ 5.625.000,00;
 RMUCA ;766;RAMAL DA COLÔNIA SÃO JOÃO ;ESTRADA;PRIMÁRIO;AM-326;AM-326 - KM 19,21;Início do Ramal da Colônia São João - Am-326 - Km 19,21;Fim do Ramal da Colônia São João - Km 3,58;URUCARÁ;INTERIOR;3,58;;km;"  2°28'31.48""S";" 57°43'57.13""W";"  2°30'0.32""S";" 57°42'49.16""W";Ok;;;;;;;;;;;;;;;;;;;;;;;;;;;;;;;;;LEITO NATURAL;;;A VISITAR;;;;R$ 8.950.000,00;
 RMUCA ;767;SUB. RAMAL MARIANA;ESTRADA;PRIMÁRIO;RAMAL DA COLÔNIA SÃO JOÃO ;RAMAL DA COLÔNIA SÃO JOÃO - KM 2,70;Início do Sub. Ramal Mariana - Ramal da Colônia São João - Km 2,70;Fim do Sub. Ramal Mariana - Km 1,74;URUCARÁ;INTERIOR;1,75;;km;"  2°29'33.87""S";" 57°43'0.03""W";"  2°29'3.64""S";" 57°42'17.24""W";Ok;;;;;;;;;;;;;;;;;;;;;;;;;;;;;;;;;LEITO NATURAL;;;A VISITAR;;;;R$ 4.375.000,00;
 RMUCA ;768;RAMAL DO AMANARI;ESTRADA;PRIMÁRIO;AM-326;AM-326 - KM 18,04;Início do Ramal do Amanari - Am-326 - Km 18,04;Fim do Ramal do Amanari - Vila Nova - Km 5,51;URUCARÁ;INTERIOR;5,51;;km;"  2°28'14.35""S";" 57°43'23.08""W";"  2°29'49.74""S";" 57°41'25.51""W";Ok;;;;;;;;;;;;;;;;;;;;;;;;;;;;;;;;;LEITO NATURAL;;;A VISITAR;;;;R$ 13.775.000,00;
 RMUCA ;769;RAMAL DA BONANÇA ;ESTRADA;PRIMÁRIO;AM-326;AM-326 - KM 16,37;Início do Ramal Da Bonança - Am-326 - Km 16,37 ;Fim do Ramal da Bonança - Km 1,64;URUCARÁ;INTERIOR;1,64;;km;"  2°27'39.79""S";" 57°43'50.23""W";"  2°27'21.37""S";" 57°43'18.67""W";Ok;;;;;;;;;;;;;;;;;;;;;;;;;;;;;;;;;LEITO NATURAL;;;A VISITAR;;;;R$ 4.100.000,00;
 RMUCA ;770;SUB. RAMAL DO XIRONGA ;ESTRADA;PRIMÁRIO;RAMAL NOVA ESPERANÇA ;RAMAL NOVA ESPERANÇA - KM 9,33;Início do Sub. Ramal do Xironga - Ramal Nova Esperança - Km 9,33;Fim do Sub. Ramal da Xironga - Km 0,80;URUCARÁ;INTERIOR;0,80;;km;"  2°26'51.04""S";" 57°40'5.13""W";"  2°26'40.37""S";" 57°39'45.26""W";Ok;;;;;;;;;;;;;;;;;;;;;;;;;;;;;;;;;LEITO NATURAL;;;A VISITAR;;;;R$ 2.000.000,00;
 RMUCA ;771;SUB. RAMAL DA COLÔNIA MARAJAZINHO;ESTRADA;PRIMÁRIO;RAMAL NOVA ESPERANÇA ;RAMAL NOVA ESPERANÇA - KM 7,90;Início do Sub. Ramal da Colônia Marajazinho - Ramal Nova Esperança - Km 7,90;Fim do Sub. Ramal da Colônia Marajazinho - Km 2,16;URUCARÁ;INTERIOR;2,16;;km;"  2°26'48.24""S";" 57°40'48.15""W";"  2°27'26.04""S";" 57°40'22.60""W";Ok;;;;;;;;;;;;;;;;;;;;;;;;;;;;;;;;;LEITO NATURAL;;;A VISITAR;;;;R$ 5.400.000,00;
 RMUCA ;772;SUB. RAMAL DO LOURÍVAL;ESTRADA;PRIMÁRIO;RAMAL NOVA ESPERANÇA ;RAMAL NOVA ESPERANÇA - KM 7,56;Início do Sub. RamaL do Louríval - Ramal Nova Esperança - Km 7,56;Fim do Sub. Ramal  do Louríval - Km 0,47;URUCARÁ;INTERIOR;0,47;;km;"  2°26'43.39""S";" 57°40'57.50""W";"  2°26'47.57""S";" 57°41'10.82""W";Ok;;;;;;;;;;;;;;;;;;;;;;;;;;;;;;;;;LEITO NATURAL;;;A VISITAR;;;;R$ 1.175.000,00;
 RMUCA ;773;SUB. RAMAL DO NEGÃO;ESTRADA;PRIMÁRIO;RAMAL NOVA ESPERANÇA ;RAMAL NOVA ESPERANÇA - KM 5,54;Início do Sub. Ramal do Negão - Ramal Nova Esperança - Km 5,54;Fim do Sub. Ramal do Negão - Km 0,62;URUCARÁ;INTERIOR;0,62;;km;"  2°25'53.15""S";" 57°41'10.58""W";"  2°26'2.78""S";" 57°41'22.74""W";Ok;;;;;;;;;;;;;;;;;;;;;;;;;;;;;;;;;LEITO NATURAL;;;A VISITAR;;;;R$ 1.550.000,00;
 RMUCA ;774;SUB. RAMAL DA COLÔNIA BOA FÉ;ESTRADA;PRIMÁRIO;RAMAL NOVA ESPERANÇA ;RAMAL NOVA ESPERANÇA - KM 4,65;Início do Sub. Ramal da Colônia Boa Fé - Ramal Nova Esperança - Km 4,65;Fim do Sub. Ramal da Colônia Boa Fé - Km 7;URUCARÁ;INTERIOR;7,00;;km;"  2°25'26.59""S";" 57°41'18.41""W";"  2°26'57.40""S";" 57°39'24.48""W";Ok;;;;;;;;;;;;;;;;;;;;;;;;;;;;;;;;;LEITO NATURAL;;;A VISITAR;;;;R$ 17.500.000,00;
 RMUCA ;775;SUB. RAMAL DO ELIZEW;ESTRADA;PRIMÁRIO;RAMAL NOVA ESPERANÇA ;RAMAL NOVA ESPERANÇA - KM 4,65;Início do Sub. Ramal do Elizew - Ramal Nova Esperança - Km 4,65;Fim do Sub. Ramal do Elizew - Km 0,86;URUCARÁ;INTERIOR;0,86;;km;"  2°25'26.86""S";" 57°41'18.56""W";"  2°25'41.68""S";" 57°41'39.39""W";Ok;;;;;;;;;;;;;;;;;;;;;;;;;;;;;;;;;LEITO NATURAL;;;A VISITAR;;;;R$ 2.150.000,00;
 RMUCA ;776;SUB. RAMAL DA COLÔNIA CAÇULINHA;ESTRADA;PRIMÁRIO;RAMAL NOVA ESPERANÇA ;RAMAL NOVA ESPERANÇA - KM 3,39;Início do Sub. Ramal da Colônia Caçulinha - Ramal Nova Esperança - Km 3,39;Fim Sub. Ramal da Colônia Caçulinha - Km 4,24;URUCARÁ;INTERIOR;4,24;;km;"  2°25'9.69""S";" 57°41'31.56""W";"  2°23'40.09""S";" 57°40'24.04""W";Ok;;;;;;;;;;;;;;;;;;;;;;;;;;;;;;;;;LEITO NATURAL;;;A VISITAR;;;;R$ 10.600.000,00;
 RMUCA ;777;RAMAL DO TAPERA ;ESTRADA;PRIMÁRIO;-;-;Início do Ramal do Tapera - Km 00;Fim do Ramal do Tapera - Km 4,58;URUCARÁ;INTERIOR;4,58;;km;"  2°28'11.58""S";" 57°45'22.71""W";"  2°26'49.09""S";" 57°46'43.23""W";Ok;;;;;;;;;;;;;;;;;;;;;;;;;;;;;;;;;LEITO NATURAL;;;A VISITAR;;;;R$ 11.450.000,00;
 RMUCA ;778;ESTRADA DO CASTANHAL ;ESTRADA;PRIMÁRIO;ESTRADA GILBERTO MESTRINHO;ESTRADA GILBERTO MESTRINHO - KM 4,55;Início da Estrada do Castanhal - Estrada Gilberto Mestrinho - Km 4,55 ;Fim da Estrada do Castanhal - Km 4,28 ;URUCARÁ;INTERIOR;4,28;;km;"  2°31'56.65""S";" 57°42'53.78""W";"  2°30'29.34""S";" 57°41'51.71""W";Ok;;;;;;;;;;;;;;;;;;;;;;;;;;;;;;;;;LEITO NATURAL;;;A VISITAR;;;;R$ 10.700.000,00;
RMIRA;779;RAMAL DO CREUZA;ESTRADA;PRIMÁRIO;ESTRADA CARLOS BRAGA;ESTRADA CARLOS BRAGA - KM 6,18;Início do Ramal da Creuza - Estrada Carlos Braga - Km 6,18;Fim do Ramal da Creuza - Km 5,68;IRANDUBA ;RMM;5,68;;km;"  3°14'52.85""S";" 60° 9'47.19""W";"  3°14'6.54""S";" 60° 7'28.36""W";Ok;;;;;;;;;;;;;;;;;;;;;;;;;;;;;;;;;LEITO NATURAL;;;A VISITAR;;;;R$ 14.200.000,00;
RMMAO;780;ESTRADA DA ZF-1;ESTRADA;PRIMÁRIO;AM-010 ;AM-010 - KM 55,4;Início da Estrada ZF- 1 - Am-010 - Km 55,4;Fim da Estrada ZF-1 - Km 32,5 - BR-174;MANAUS;RMM;32,5;;km;"  2°44'5.40""S";" 59°52'54.32""W";"  2°36'59.25""S";" 60° 2'21.94""W";Ok;;;;;;;;;;;;;;;;;;;;;;;;;;;;;;;;;LEITO NATURAL;;;VISITADO;;;;R$ 81.250.000,00;
RMANM;2;RAMAL DO CUIA GRANDE;ESTRADA;PRIMÁRIO;ESTRADA ANAMA CUIA;ESTRADA ANAMA CUIA - KM 00;Início Ramal Cuia Grande - Escola clarice Almeida - Km 00;Fim do Ramal Cuia Grande - Km 3,59;ANAMÃ;INTERIOR;3,58;3,59;km;"  3°35'4.20""S";" 61°17'28.70""W";"  3°33'15.74""S";" 61°17'25.25""W";Ok;;;;;;;;;;;;;;;;;;;;;;;;;;;;;;;;;PAVIMENTADA;;SEINFRA ;EM OBRA;;CV-00027/2021-SEINFRA;Ramal da Cuia Grande;R$ 8.950.000,00;R$ 4.717.396,40
 RMMAO ;782;RAMAL NOVO PARAÍSO;ESTRADA;PRIMÁRIO;RAMAL SOL NASCENTE;RAMAL SOL NASCENTE - KM 1,99;Inicio do Ramal Novo Paraíso - Ramal Sol nascente - Km 1,99;Fim do Ramal Novo Paraíso - Km 5,49;MANAUS;RMM;5,49;;km;"  2°55'57.85""S";" 60° 4'27.93""O";"  2°55'57.68""S";" 60° 4'27.81""O";Ok;;;;;;;;;;;;;;;;;;;;;;;;;;;;;;;;;LEITO NATURAL;;;A VISITAR;;;;R$ 13.725.000,00;
RMTEF;783;ESTRADA SANTO ISIDORO;ESTRADA;PRIMÁRIO;-;-;Início da Estrada Santo Isidoro - Km 00;Fim da Estrada Santo Isidoro - Km 7,26;TEFÉ;INTERIOR;7,26;;km;"  3°24'13.92""S";" 64°34'54.58""W";"  3°23'34.31""S";" 64°38'12.97""W";Ok;;;;;;;;;;;;;;;;;;;;;;;;;;;;;;;;;LEITO NATURAL;;;A VISITAR;;;;R$ 18.150.000,00;
RMMAQ;784;SUB. RAMAL DO ANDIROBA;ESTRADA;PRIMÁRIO;RAMAL DO kM 27 - AM-354;RAMAL DO KM 27 - AM-354 - KM 6,5;Início do Sub. Ramal do Andiroba - Ramal do Km 27 - Am-354 - Km 6,5;Fim do Sub. Ramal do Andiroba - Km 2,34;MANAQUIRI;RMM;2,34;;km;"  3°33'16.47""S";" 60°27'56.02""W";"  3°34'24.57""S";" 60°28'0.78""W";Ok;;;;;;;;;;;;;;;;;;;;;;;;;;;;;;;;;LEITO NATURAL;;;A VISITAR;;;;R$ 5.850.000,00;
RMATZ;785;RAMAL DO KM 50 - AM-254;ESTRADA;PRIMÁRIO;AM-254;AM-254 - KM 50,82;Início Ramal do Km 50 - Am-254 - Km 50,82;Fim do Ramal do Km 50 - Am-254 - Km 1,34;AUTAZES;RMM;1,34;;km;"  3°36'29.36""S";" 59°32'9.00""W";"  3°35'50.04""S";" 59°32'1.20""W";Ok;;;;;;;;;;;;;;;;;;;;;;;;;;;;;;;;;LEITO NATURAL;;SEINFRA ;A VISITAR;;;;R$ 3.350.000,00;
 RMAMT ;786;ESTRADA AMATURÁ BOIA ;ESTRADA;PRIMÁRIO;-; -;Início da Estrada Amaturá Boia - Ao lado da Delegacia Policial - Km 00 ;Fim da Estrada Amaturá Boia - Km 6,74;AMATURÁ;INTERIOR;6,74;;km;"  3°22'7.23""S";" 68°11'55.04""W ";"  3°23'59.73""S";" 68° 9'13.98""W";Ok;;;;;;;;;;;;;;;;;;;;;;;;;;;;;;;;;LEITO NATURAL;;;A VISITAR;;;;R$ 16.850.000,00;
 RMBJC  ;787;ESTRADA TREZE DE MAIO ;ESTRADA;PRIMÁRIO;-;-;Início da Estrada Treze de Maio - R. Treze de Maio - Km 00 ;Fim da Estrada Treze de Maio - Km 3,19;BENJAMIN CONSTANT;INTERIOR;3,19;;km;"  4°22'37.92""S";" 70° 1'3.05""W";"  4°23'10.95""S";" 69°59'37.86""W";Ok;;;;;;;;;;;;;;;;;;;;;;;;;;;;;;;;;LEITO NATURAL;;;A VISITAR;;;;R$ 7.975.000,00;
 RMBJC  ;788;ESTRADA DA COMUNIDADE SÃO MIGUEL;ESTRADA;PRIMÁRIO;-;-;Início da Estrada da Comunidade São Miguel - Km 00;Fim da Estrada Comunidade São Miguel - Km 4,73;BENJAMIN CONSTANT;INTERIOR;4,73;;km;"  4°22'45.98""S";" 69°58'12.40""W";"  4°20'30.54""S";" 69°58'22.51""W";Ok;;;;;;;;;;;;;;;;;;;;;;;;;;;;;;;;;LEITO NATURAL;;;A VISITAR;;;;R$ 11.825.000,00;
 RMBER ;789;RAMAL P. A. BERURI ;ESTRADA;PRIMÁRIO;-;-;Início do Ramal P. A. Beruri - Km 00;Fim do Ramal P. A. Beruri - Km 12,4;BERURI;INTERIOR;12,40;;km;"  3°53'55.55""S";" 61°22'33.80""W";"  3°56'40.70""S";" 61°23'30.55""W";Ok;;;;;;;;;;;;;;;;;;;;;;;;;;;;;;;;;LEITO NATURAL;;;A VISITAR;;;;R$ 31.000.000,00;
 RMBER ;790;SUB. RAMAL S.I ;ESTRADA;PRIMÁRIO;RAMAL P. A. BERURI ;RAMAL P. A. BERURI - KM 4,45;Início do Sub. Ramal S. I. - Ramal P. A. Beruri - Km 4,45;Fim do Sub. Ramal S. I. - Km 6,73;BERURI;INTERIOR;6,73;;km;"  3°56'51.53""S";" 61°22'17.40""W";"  3°59'57.28""S";" 61°20'35.63""W";Ok;;;;;;;;;;;;;;;;;;;;;;;;;;;;;;;;;LEITO NATURAL;;;A VISITAR;;;;R$ 16.825.000,00;
 RMBER ;791;SUB. RAMAL S.I ;ESTRADA;PRIMÁRIO;RAMAL P. A. BERURI ;RAMAL P. A. BERURI - KM 8,85;Início do Sub. Ramal S. I. - Ramal P. A. Beruri - Km 8,85;Fim do Sub. Ramal S. I. - Km 4,64;BERURI;INTERIOR;4,64;;km;"  3°55'25.98""S";" 61°21'8.81""W";"  3°55'17.97""S";" 61°18'56.68""W";Ok;;;;;;;;;;;;;;;;;;;;;;;;;;;;;;;;;LEITO NATURAL;;;A VISITAR;;;;R$ 11.600.000,00;
 RMBRR ;792;ESTRADA DA COMUNIDADE VILA MOCAMBO;ESTRADA;PRIMÁRIO;-;-;Início da Estrada da Comunidade Vila Mocambo - Km 00;Fim da Estrada da Comunidade Vila Mocambo - Km 16,9;BARRERINHA;INTERIOR;16,90;;km;"  2°48'33.83""S";" 57° 3'59.13""W";"  2°48'2.21""S";" 57°10'27.19""W";Ok;;;;;;;;;;;;;;;;;;;;;;;;;;;;;;;;;LEITO NATURAL;;;A VISITAR;;;;R$ 42.250.000,00;
 RMBRR ;793;ESTRADA DA COMUNIDADE PEDRAS - VILA MALOCA;ESTRADA;PRIMÁRIO;-;-;Início da Estrada da Comunidade Pedras - Vila Maloca - Km 00;Fim da Estrada da Comunidade Pedras - Vila Maloca - Km 11;BARRERINHA;INTERIOR;11,00;;km;"  2°47'49.06""S";" 57°16'33.64""W";"  2°48'27.98""S";" 57°18'54.72""W";Ok;;;;;;;;;;;;;;;;;;;;;;;;;;;;;;;;;LEITO NATURAL;;;A VISITAR;;;;R$ 27.500.000,00;
 RMBRR ;794;ESTRADA DA COMUNIDADE CAMETÁ - SANTA MARIA DO LAGO PRETO;ESTRADA;PRIMÁRIO;-;-;Início da Estrada da Comunidade Cametá - Santa Maria do Lago Preto - Km 00;Fim da Estrada da Comunidade Cametá - Santa Maria do Lago Preto - Km 7,88;BARRERINHA;INTERIOR;7,88;;km;"  2°50'35.50""S";" 57°24'37.85""W";"  2°51'16.89""S";" 57°20'52.51""W";Ok;;;;;;;;;;;;;;;;;;;;;;;;;;;;;;;;;LEITO NATURAL;;;A VISITAR;;;;R$ 19.700.000,00;
 RMBRR ;795;ESTRADA DA COMUNIDADE CAMETÁ - TERRA PRETA DO CASTANHAL;ESTRADA;PRIMÁRIO;-;-;Início da Estrada da Comunidade Cametá - Terra Preta do Castanhal - Km 00;Fim da Estrada da Comunidade Cametá - Terra Preta do Castanhal - Km 2,81;BARRERINHA;INTERIOR;2,81;;km;"  2°50'15.41""S";" 57°25'8.81""W";"  2°51'13.95""S";" 57°26'5.74""W";Ok;;;;;;;;;;;;;;;;;;;;;;;;;;;;;;;;;LEITO NATURAL;;;A VISITAR;;;;R$ 7.025.000,00;
 RMBRR ;796;ESTRADA DA COMUNIDADE CRISTO REDENTOR - VILA DE SÃO TOMÉ DO DOCE;ESTRADA;PRIMÁRIO;-;-;Início da Estrada da Comunidade Cristo Redentor - Vila de São Tomé do Doce - Km 00; Fim da Estrada da Comunidade Cristo Redentor - Vila de São Tomé do Doce - Km 3,95;BARRERINHA;INTERIOR;3,95;;km;"  2°49'44.46""S";" 56°54'0.95""W";"  2°49'40.00""S";" 56°52'19.76""W";Ok;;;;;;;;;;;;;;;;;;;;;;;;;;;;;;;;;LEITO NATURAL;;;A VISITAR;;;;R$ 9.875.000,00;
 RMBRR ;797;RAMAL DO BACABAL ;ESTRADA;PRIMÁRIO;-;-;Início do Ramal do Bacabal - Km 00;Fim do Ramal do Bacabal - Km 20,8;BARRERINHA;INTERIOR;20,80;;km;"  2°51'31.01""S";" 57°26'6.81""W";"  2°55'40.78""S";" 57°34'0.58""W";Ok;;;;;;;;;;;;;;;;;;;;;;;;;;;;;;;;;LEITO NATURAL;;;A VISITAR;;;;R$ 52.000.000,00;
 RMUCT ;798;ESTRADA DO RAUL ;ESTRADA;PRIMÁRIO;-;-;Início da Estrada do Raul - Km 00;Fim da Estrada do Raul - Km 2,81;URUCURITUBA ;INTERIOR;2,81;;km;"  3° 7'55.07""S";" 58° 8'9.38""W";"  3° 6'59.57""S";" 58° 7'8.47""W";Ok;;;;;;;;;;;;;;;;;;;;;;;;;;;;;;;;;LEITO NATURAL;;;A VISITAR;;;;R$ 7.025.000,00;
 RMUCT ;799;ESTRADA DO TABOCAL ;ESTRADA;PRIMÁRIO;-;-;Início da Estrada do Tabocal - Km 00;Fim da Estrada do Tabocal - Km 3,1;URUCURITUBA ;INTERIOR;3,10;;km;"  3° 7'20.57""S";" 58° 9'25.53""W";"  3° 5'44.97""S";" 58° 9'43.44""W";Ok;;;;;;;;;;;;;;;;;;;;;;;;;;;;;;;;;LEITO NATURAL;;;A VISITAR;;;;R$ 7.750.000,00;
  RMBVR  ;800;ESTRADA DO LAGUINHO;ESTRADA;PRIMÁRIO;-;-;Início da Estrada do laguinho - Km 00;Fim da Estrada do Laguinho - Km 0,79;BOA VISTA DO RAMOS;INTERIOR;0,79;;km;"  2°59'5.75""S";" 57°35'22.90""W";"  2°59'29.97""S";" 57°35'30.89""W";Ok;;;;;;;;;;;;;;;;;;;;;;;;;;;;;;;;;LEITO NATURAL;;;A VISITAR;;;;R$ 1.975.000,00;
  RMBVR  ;801;ANTIGA ESTRADA PADRE GABRIEL;ESTRADA;PRIMÁRIO;-;-;Início da Antiga Estrada Padre Gabriel - Km 00;Fim da Antiga Estrada Padre Gabriel - Km 7,30;BOA VISTA DO RAMOS;INTERIOR;7,30;;km;"  2°55'43.93""S";" 57°34'20.58""W";"  2°58'16.46""S";" 57°34'59.45""W";Ok;;;;;;;;;;;;;;;;;;;;;;;;;;;;;;;;;LEITO NATURAL;;;A VISITAR;;;;R$ 18.250.000,00;
 RMBVR  ;802;ESTRADA BENTO BARROSO;ESTRADA;PRIMÁRIO;-;-;Início da Estrada Bento Barroso - Km 00;Fim da Estrada Bento Barroso - Porto da Estrada - Km 11,8;BOA VISTA DO RAMOS;INTERIOR;11,80;;km;"  2°58'49.77""S";" 57°34'38.57""W";"  3° 4'26.43""S";" 57°33'33.40""W";Ok;;;;;;;;;;;;;;;;;;;;;;;;;;;;;;;;;LEITO NATURAL;;;A VISITAR;;;;R$ 29.500.000,00;
 RMBVR  ;803;ESTRADA DO ANINGA;ESTRADA;PRIMÁRIO;ESTRADA BENTO BARROSO;ESTRADA BENTO BARROSO - KM 4,55;Início da Estrada do Aninga - Estrada Bento Barroso - Km 4,55;Fim da Estrada do Aninga - Comunidade Aldeia Aninga - Km 9,83;BOA VISTA DO RAMOS;INTERIOR;9,83;;km;"  3° 0'48.16""S";" 57°33'25.97""W";"  3° 0'59.80""S";" 57°28'45.01""W";Ok;;;;;;;;;;;;;;;;;;;;;;;;;;;;;;;;;LEITO NATURAL;;;A VISITAR;;;;R$ 24.575.000,00;
 RMBVR  ;804;ESTRADA DO AEROPORTO;ESTRADA;PRIMÁRIO;TV. JABURU;TV. JABURU - KM 00;Início da Estrada do Aeroporto - Tv. Jaburu- Km 00 ;Fim da Estrada do Aeroporto - Km 10,5;BOA VISTA DO RAMOS;INTERIOR;10,50;;km;"  2°58'41.24""S";" 57°35'8.86""W";"  3° 2'40.93""S";" 57°38'6.26""W";Ok;;;;;;;;;;;;;;;;;;;;;;;;;;;;;;;;;LEITO NATURAL;;;A VISITAR;;;;R$ 26.250.000,00;
  RMBVR  ;805;ESTRADA S.I;ESTRADA;PRIMÁRIO;ESTRADA DO AEROPORTO ;ESTRADA DO AEROPORTO - KM 3,64;Início da Estrada S.I - Estrada do Aeroporto - Km 3,66;Fim da Estrada S.I - Km 3,64;BOA VISTA DO RAMOS;INTERIOR;3,64;;km;"  3° 0'9.41""S";" 57°35'35.94""W";"  3° 1'57.23""S";" 57°36'4.57""W";Ok;;;;;;;;;;;;;;;;;;;;;;;;;;;;;;;;;LEITO NATURAL;;;A VISITAR;;;;R$ 9.100.000,00;
  RMBDA  ;806;ESTRADA DO LAGO NOVO;ESTRADA;PRIMÁRIO;-;-;Início da Estrada do Lago Novo - Km 00;Fim  da Estrada do Lago Novo - Br-317 - Km 4,72;BOCA DO ACRE ;INTERIOR;4,72;;km;"  8°43'47.44""S";" 67°23'42.26""W";"  8°45'42.31""S";" 67°22'40.20""W";Ok;;;;;;;;;;;;;;;;;;;;;;;;;;;;;;;;;LEITO NATURAL;;;A VISITAR;;;;R$ 11.800.000,00;
 RMBDA  ;807;ESTRADA DO LAGO MAPONGAPÁ;ESTRADA;PRIMÁRIO;ESTRADA DO LAGO NOVO;ESTRADA DO LAGO NOVO - KM 3,64;Início da Estrada do Lago Mapongapá - Estrada do Lago Novo - Km 3,64;Fim da Estrada do Lago Mapongapá - Km 9,87;BOCA DO ACRE ;INTERIOR;9,87;;km;"  8°45'8.96""S";" 67°22'29.97""W";"  8°41'13.95""S";" 67°22'44.89""W";Ok;;;;;;;;;;;;;;;;;;;;;;;;;;;;;;;;;LEITO NATURAL;;;A VISITAR;;;;R$ 24.675.000,00;
 RMBDA  ;808;RAMAL DO RABO SECO ;ESTRADA;PRIMÁRIO;BR-317;BR-317 - KM 00;Início do Ramal do Rabo Seco - Br-317 - Km 00;Fim do Ramal do Rabo Seco - Km 4,30;BOCA DO ACRE ;INTERIOR;4,30;;km;"  8°46'14.17""S";" 67°20'20.34""W";"  8°44'5.05""S";" 67°20'1.54""W";Ok;;;;;;;;;;;;;;;;;;;;;;;;;;;;;;;;;LEITO NATURAL;;;A VISITAR;;;;R$ 10.750.000,00;
 RMBDA  ;809;SUB. RAMAL S.I ;ESTRADA;PRIMÁRIO;RAMAL DO RABO SECO;RAMAL DO RABO SECO - KM 1,28;Início do Sub. Ramal S.I - Ramal do Rabo Seco - Km 1,28;Fim do Sub. Ramal S.I - Km 4,55;BOCA DO ACRE ;INTERIOR;4,55;;km;"  8°45'34.86""S";" 67°20'11.39""W";"  8°43'55.06""S";" 67°20'44.34""W";Ok;;;;;;;;;;;;;;;;;;;;;;;;;;;;;;;;;LEITO NATURAL;;;A VISITAR;;;;R$ 11.375.000,00;
 RMBDA  ;810;ESTRADA JACINTO ALÊ;ESTRADA;PRIMÁRIO;-;-;Início da Estrada Jacinto Alê - Km 00;Fim da Estrada Jacinto Alê - Km 26,9;BOCA DO ACRE ;INTERIOR;26,90;;km;"  8°46'3.23""S";" 67°19'40.34""W";"  8°37'50.55""S";" 67°11'19.90""W";Ok;;;;;;;;;;;;;;;;;;;;;;;;;;;;;;;;;LEITO NATURAL;;;A VISITAR;;;;R$ 67.250.000,00;
 RMBDA  ;811;ESTRADA P. RIO BRANCO;ESTRADA;PRIMÁRIO;BR-317;BR-317 - KM 00;Início da Estrada P. Rio Branco - Br-317 - Km 00;Fim da Estrada P. Rio Branco - Km 41,1;BOCA DO ACRE ;INTERIOR;41,10;;km;"  8°47'53.54""S";" 67°18'32.96""W";"  8°48'14.44""S";"66°58'32.43""W";Ok;;;;;;;;;;;;;;;;;;;;;;;;;;;;;;;;;LEITO NATURAL;;;A VISITAR;;;;R$ 102.750.000,00;
 RMBRC ;812;ESTRADA BECO CAURÉS;ESTRADA;PRIMÁRIO;ESTRADA BARCELOS CAURÉS ;ESTRADA BARCELOS CAURÉS - KM 2,49;Início da Estrada Beco Caurés - Estrada Barcelos Caurés - Km 2,49;Fim da Estrada Beco Caurés - Km 22,4;BARCELOS ;INTERIOR;22,40;;km;"  0°58'34.42""S";" 62°55'41.67""W";"  1° 8'31.16""S";" 62°57'56.49""W";Ok;;;;;;;;;;;;;;;;;;;;;;;;;;;;;;;;;LEITO NATURAL;;;A VISITAR;;;;R$ 56.000.000,00;
 RMCRO ;813;RAMAL S.I ;ESTRADA;PRIMÁRIO;BR-319;BR-319 - KM 00;Início do Ramal S.I - Br-319 - Km 00;Fim do Ramal S.I - Km 7,85;CAREIRO;RMM;7,85;;km;"  3°50'55.40""S";" 60°22'54.45""W";"  3°49'58.71""S";" 60°26'51.11""W";Ok;;;;;;;;;;;;;;;;;;;;;;;;;;;;;;;;;LEITO NATURAL;;;A VISITAR;;;;R$ 19.625.000,00;
 RMCRO ;814;RAMAL DO IGARAPÉ BALFAT;ESTRADA;PRIMÁRIO;BR-319;BR-319 - KM 00;Início do Ramal do Igarapé Balfat - Br-319 - Km 00;Fim do Ramal do Igarapé BalFat - Km 4,22;CAREIRO;RMM;4,22;;km;"  3°47'35.10""S";" 60°18'38.69""W";"  3°48'14.08""S";" 60°16'44.26""W";Ok;;;;;;;;;;;;;;;;;;;;;;;;;;;;;;;;;LEITO NATURAL;;;A VISITAR;;;;R$ 10.550.000,00;
 RMCRO ;815; RAMAL DO LAGO PRETO;ESTRADA;PRIMÁRIO;BR-319;BR-319 - KM 00;Inicio do Ramal do Lago Petro - Am-319 - Km 00;Fim do Ramal do lago preto - Am319 - Km 1;CAREIRO;RMM;1,00;;km;"  3°25'16.41""S";" 59°56'0.16""W";"  3°24'48.00""S";" 59°56'10.06""W";Ok;;;;;;;;;;;;;;;;;;;;;;;;;;;;;;;;;LEITO NATURAL;;;A VISITAR;;;;R$ 2.500.000,00;
 RMCRV ;816;SUB. RAMAL DO 8 ;ESTRADA;PRIMÁRIO;ESTRADA DO PURUPURU;ESTRADA DO PURUPURU - KM 7,86;Início do Sub. Ramal do 8 - Estrada do Purupuru - Km 7,86;Fim do Sub. Ramal do 8 - Km 14,1;CAREIRO DA VÁRZEA;RMM;14,10;;km;"  3°25'1.42""S";" 59°40'13.12""W";"  3°29'42.90""S";" 59°34'27.95""W";Ok;;;;;;;;;;;;;;;;;;;;;;;;;;;;;;;;;LEITO NATURAL;;;A VISITAR;;;;R$ 35.250.000,00;
RMCOI;817;ESTRADA DO PÊRA;ESTRADA;PRIMÁRIO;-;-;Início do Ramal do Pêra - Ao Lado do LD Clube - Km 00;Fim da Estrada do Pêra - Km 3,21;COARI ;INTERIOR;3,21;;km;"  4° 5'51.03""S";" 63° 7'54.77""W";"  4° 5'5.16""S";" 63° 7'38.14""W";Ok;;;;;;;;;;;;;;;;;;;;;;;;;;;;;;;;;LEITO NATURAL;;;A VISITAR;;;;R$ 8.025.000,00;
RMCOI;818;RAMAL S.I ;ESTRADA;PRIMÁRIO;AM-343;AM-343 - KM 9,06;Início do Ramal S.I - Am-343 - Km 9,06;Fim do Ramal S.I - Am-343 - Km 3,96;COARI ;INTERIOR;3,96;;km;"  4° 8'20.31""S";" 63° 7'16.35""W";"  4° 9'59.82""S";" 63° 6'40.27""W";Ok;;;;;;;;;;;;;;;;;;;;;;;;;;;;;;;;;LEITO NATURAL;;;A VISITAR;;;;R$ 9.900.000,00;
RMCOI;819;RAMAL DO AREAL ;ESTRADA;PRIMÁRIO;AM-343;AM-343 - KM 8,20;Início do Ramal do Areal - Am-343 - Km 8,20;Fim do Ramal do Areal - Am-343 - Km 2,89;COARI ;INTERIOR;2,89;;km;"  4° 8'4.92""S";" 63° 6'58.57""W";"  4° 9'0.31""S";" 63° 5'52.34""W";Ok;;;;;;;;;;;;;;;;;;;;;;;;;;;;;;;;;LEITO NATURAL;;;A VISITAR;;;;R$ 7.225.000,00;
RMCOI;820;RAMAL DO BASA ;ESTRADA;PRIMÁRIO;AM-343;AM-343 - KM 4,52;Início do Ramal do Basa - Am-343 - Km 4,52 ;Fim do Ramal do Basa - Am-343 - Km 1,46;COARI ;INTERIOR;1,46;;km;"  4° 7'29.70""S";" 63° 8'9.55""W";"  4° 7'1.30""S";" 63° 7'32.63""W";Ok;;;;;;;;;;;;;;;;;;;;;;;;;;;;;;;;;LEITO NATURAL;;;A VISITAR;;;;R$ 3.650.000,00;
RMCOI;821;RAMAL S.I 2;ESTRADA;PRIMÁRIO;AM-343;AM-343 - KM 0,70;Início do Ramal S.I 2 - Am-343 - Km 0,70;Fim do Ramal do S.I 2 - Am-343 - Km 0,64;COARI ;INTERIOR;0,64;;km;"  4° 7'48.78""S";" 63° 6'55.27""W";"  4° 7'44.19""S";" 63° 6'35.83""W";Ok;;;;;;;;;;;;;;;;;;;;;;;;;;;;;;;;;LEITO NATURAL;;;A VISITAR;;;;R$ 1.600.000,00;
RMCOI;822;RAMAL S.I 3;ESTRADA;PRIMÁRIO;AM-343;AM-343 - KM 0,70;Início do Ramal S.I 3 - Am-343 - Km 0,70;Fim do Ramal S.I 3 - Am-343 - Km 1,27;COARI ;INTERIOR;1,27;;km;"  4° 7'48.65""S";" 63° 6'55.48""W";"  4° 7'11.66""S";" 63° 7'11.45""W";Ok;;;;;;;;;;;;;;;;;;;;;;;;;;;;;;;;;LEITO NATURAL;;;A VISITAR;;;;R$ 3.175.000,00;
RMCOI;823;RAMAL S.I 4;ESTRADA;PRIMÁRIO;AM-343;AM-343 - KM 2,72;Início do Ramal S.I 4 - Am-343 - Km 2,72;Fim do Ramal S.I 4 - Am-343 - Km 1,44;COARI ;INTERIOR;1,44;;km;"  4° 6'39.08""S";" 63° 8'37.27""W";"  4° 7'1.77""S";" 63° 9'13.54""W";Ok;;;;;;;;;;;;;;;;;;;;;;;;;;;;;;;;;LEITO NATURAL;;;A VISITAR;;;;R$ 3.600.000,00;
RMCOI;824;RAMAL S.I 5;ESTRADA;PRIMÁRIO;AM-343;AM-343 - KM 2,67;Início do Ramal S.I 5 - Am-343 - Km 2,67;Fim do Ramal S.I 5 - Am-343 - Km 0,72;COARI ;INTERIOR;0,72;;km;"  4° 6'37.44""S";" 63° 8'37.50""W";"  4° 6'26.73""S";" 63° 8'16.89""W";Ok;;;;;;;;;;;;;;;;;;;;;;;;;;;;;;;;;LEITO NATURAL;;;A VISITAR;;;;R$ 1.800.000,00;
 RMEIR ;825;ESTRADA DO AEROPORTO ;ESTRADA;PRIMÁRIO;ESTRADA DO XIDA;ESTRADA DO XIDA - KM 0,55;Início da Estrada do Aeroporto - Estrada do Xida - Km 0,55;Fim da Estrada do Aeroporto - Km 2,19;EIRUNEPÉ ;INTERIOR;2,19;;km;"  6°39'15.75""S";" 69°52'59.12""W";"  6°38'14.38""S";" 69°53'4.18""W";Ok;;;;;;;;;;;;;;;;;;;;;;;;;;;;;;;;;LEITO NATURAL;;;A VISITAR;;;;R$ 5.475.000,00;
 RMEIR ;826;SUB. RAMAL SÃO JOÃO ;ESTRADA;PRIMÁRIO;ESTRADA DO XIDA;ESTRADA DO XIDA - KM 2,48;Início do Sub. Ramal São João - Estrada do Xida - Km 2,48;Fim do Sub. Ramal São João - Km 6,88;EIRUNEPÉ ;INTERIOR;6,88;;km;"  6°38'58.97""S";" 69°53'53.40""W";"  6°38'33.26""S";" 69°57'0.90""W";Ok;;;;;;;;;;;;;;;;;;;;;;;;;;;;;;;;;LEITO NATURAL;;;A VISITAR;;;;R$ 17.200.000,00;
 RMENV  ;827;ESTRADA SÃO SEBASTIÃO;ESTRADA;PRIMÁRIO;R. VINTE E DOIS DE JUNHO ;R. VINTE E DOIS DE JUNHO - KM 00;Início da Estrada São Sebastião - R. Vinte e Dois de Junho - Km 00;Fim da Estrada São Sebastião - Km 3,88;ENVIRA;INTERIOR;3,88;;km;"  7°26'39.01""S";" 70° 1'4.46""W";"  7°28'31.21""S";" 70° 0'20.32""W";Ok;;;;;;;;;;;;;;;;;;;;;;;;;;;;;;;;;LEITO NATURAL;;;A VISITAR;;;;R$ 9.700.000,00;
 RMGUA ;828;ESTRADA DO GUAJARÁ;ESTRADA;PRIMÁRIO;R. EDSON HERCUIANO ;R. EDSON HERCUIANO - KM 00;Início da Estrada do Guarajá - R. Edson Hercuiano - Km 00;Fim da Estrada do Guarajá - Km 12,4;GUAJARÁ;INTERIOR;12,40;;km;"  7°32'28.28""S";" 72°35'52.89""W";"  7°34'46.10""S";" 72°40'35.98""W";Ok;;;;;;;;;;;;;;;;;;;;;;;;;;;;;;;;;LEITO NATURAL;;;A VISITAR;;;;R$ 31.000.000,00;
 RMGUA ;829;RAMAL S.I;ESTRADA;PRIMÁRIO;-;-;Início do Ramal S.I -  Km 00;Fim do Ramal S.I - Km 1,73;GUAJARÁ;INTERIOR;1,73;;km;"  7°32'33.61""S";" 72°36'7.23""W";"  7°33'18.01""S";" 72°36'32.49""W";Ok;;;;;;;;;;;;;;;;;;;;;;;;;;;;;;;;;LEITO NATURAL;;;A VISITAR;;;;R$ 4.325.000,00;
 RMGUA ;830;RAMAL DO PÉ;ESTRADA;PRIMÁRIO;AV. GETÚLIO VARGAS;AV. GETÚLIO VARGAS - KM 00;Início do Ramal do Pé - Av. Getúlio Vargas  - Km 00;Fim do Ramal do Pé - Km 0,62;GUAJARÁ;INTERIOR;0,62;;km;"  7°31'27.80""S";" 72°35'38.65""W";"  7°31'13.80""S";" 72°35'29.17""W";Ok;;;;;;;;;;;;;;;;;;;;;;;;;;;;;;;;;LEITO NATURAL;;;A VISITAR;;;;R$ 1.550.000,00;
 RMGUA ;831;SUB. RAMAL S.I ;ESTRADA;PRIMÁRIO;RAMAL DO GAMA ;RAMAL DO GAMA - KM 17,2 ;Início do Sub. Ramal S.I - Ramal do Gama - Km 17,2;Fim do Sub. Ramal S.I - Km 8,35;GUAJARÁ;INTERIOR;8,35;;km;"  7°25'31.55""S";" 72°38'27.06""W";"  7°24'59.91""S";" 72°34'36.97""W";Ok;;;;;;;;;;;;;;;;;;;;;;;;;;;;;;;;;LEITO NATURAL;;;A VISITAR;;;;R$ 20.875.000,00;
  RMIPI ;832;RAMAL DO TUNICO;ESTRADA;PRIMÁRIO;R. NILTON LIMA;R. NILTON LIMA - KM 00;Início do Ramal do Tunico - R. Nilton Lima - Km 00;Fim do Ramal do Tunico - Km 2,92;IPIXUNA ;INTERIOR;2,92;;km;"  7° 2'35.41""S";" 71°41'10.67""W";"  7° 1'30.83""S";" 71°40'20.71""W";Ok;;;;;;;;;;;;;;;;;;;;;;;;;;;;;;;;;LEITO NATURAL;;;A VISITAR;;;;R$ 7.300.000,00;
  RMIPI ;833;RAMAL S.I;ESTRADA;PRIMÁRIO;R. DOMINGOS BARROSO;R. DOMINGOS BARROSO - KM 00;Início do Ramal S.I - R. Domingos Barroso - Km 00;Fim do Ramal S.I - Km 19,2;IPIXUNA ;INTERIOR;19,20;;km;"  7° 1'17.86""S";" 71°41'28.81""W";"  6°54'55.19""S";" 71°46'52.87""W";Ok;;;;;;;;;;;;;;;;;;;;;;;;;;;;;;;;;LEITO NATURAL;;;A VISITAR;;;;R$ 48.000.000,00;
 RMIRA ;834;RAMAL PARQUE CALDEIRÃO;ESTRADA;PRIMÁRIO;AM-452 ;AM-452 - KM 4,44;Início do Ramal Parque Caldeirão - Am-452 - Km 4,44;Fim do Ramal Parque Caldeirão - Am-452 - Km 0,90;IRANDUBA ;RMM;0,90;;km;"  3°12'46.59""S";" 60°13'6.75""W";"  3°13'14.05""S";" 60°12'56.63""W";Ok;;;;;;;;;;;;;;;;;;;;;;;;;;;;;;;;;LEITO NATURAL;;;A VISITAR;;;;R$ 2.250.000,00;
 RMIRA ;835;RAMAL MARIA DO SOCORRO;ESTRADA;PRIMÁRIO;AM-452 ;AM-452 - KM 1,59;Início do Ramal Maria do Socorro - Am-452 - Km 1,59;Fim do Ramal Maria do Socorro - Km 8,13;IRANDUBA ;RMM;8,13;;km;"  3°12'23.46""S";" 60°11'47.53""W";"  3°15'48.94""S";" 60°12'46.24""W";Ok;;;;;;;;;;;;;;;;;;;;;;;;;;;;;;;;;LEITO NATURAL;;;A VISITAR;;;;R$ 20.325.000,00;
 RMIRA ;836;RAMAL PARQUE MINAS GERAIS ;ESTRADA;PRIMÁRIO;AM-452 ;AM-452 - KM 0,98;Início do Ramal Parque Minas Gerais - Am-452 - Km 0,98;Fim do Ramal Parque Minas Gerais - Km 3,12;IRANDUBA ;RMM;3,12;;km;"  3°12'9.90""S";" 60°11'34.41""W";"  3°13'46.87""S";" 60°11'30.03""W";Ok;;;;;;;;;;;;;;;;;;;;;;;;;;;;;;;;;LEITO NATURAL;;;A VISITAR;;;;R$ 7.800.000,00;
 RMIRA ;837;SUB. RAMAL DO ROBERTO;ESTRADA;PRIMÁRIO;RAMAL PARQUE CALDEIRÃO;RAMAL PARQUE CALDEIRÃO - KM 0,65;Início do Sub. Ramal do Roberto - Ramal Parque Caldeirão - Km 0,65;Fim do Sub. Ramal do Roberto - Km 0,37;IRANDUBA ;RMM;0,37;;km;"  3°13'6.33""S";" 60°12'59.25""W";"  3°13'1.60""S";" 60°12'49.06""W";Ok;;;;;;;;;;;;;;;;;;;;;;;;;;;;;;;;;LEITO NATURAL;;;A VISITAR;;;;R$ 925.000,00;
 RMIRA ;838;SUB. RAMAL BEIJA FLOR;ESTRADA;PRIMÁRIO;RAMAL PARQUE MINAS GERAIS;RAMAL PARQUE MINAS GERAIS - KM 0,55 ;Início do Sub. Ramal Beija Flor - Ramal Parque Minas Gerais - Km 0,55;Fim do Sub. Ramal Beija Flor - Km 0,31;IRANDUBA ;RMM;0,31;;km;"  3°12'27.49""S";" 60°11'34.03""W";"  3°12'27.75""S";" 60°11'24.23""W";Ok;;;;;;;;;;;;;;;;;;;;;;;;;;;;;;;;;LEITO NATURAL;;;A VISITAR;;;;R$ 775.000,00;
 RMIRA ;839;SUB. RAMAL MONTE OREBE;ESTRADA;PRIMÁRIO;RAMAL DO AÇUTUBA;RAMAL DO AÇUTUBA - KM 6,64;Início do Sub. Ramal Monte Orebe - Ramal Açutuba - Km 6,64;Fim do Sub. Ramal Monte Orebe - Km 1,51;IRANDUBA ;RMM;1,51;;km;"  3° 7'7.38""S";" 60°20'3.77""W";"  3° 7'46.47""S";" 60°20'15.76""W";Ok;;;;;;;;;;;;;;;;;;;;;;;;;;;;;;;;;LEITO NATURAL;;;A VISITAR;;;;R$ 3.775.000,00;
 RMIRA ;840;SUB. RAMAL DO ANGELO ;ESTRADA;PRIMÁRIO;RAMAL DO AÇUTUBA;RAMAL DO AÇUTUBA - KM 7,30;Início do Sub. Ramal do Angelo - Ramal Açutuba - Km 7,30;Fim do Sub. Ramal do Angelo - Km 1,34;IRANDUBA ;RMM;1,34;;km;"  3° 6'58.97""S";" 60°20'22.12""W";"  3° 6'23.21""S";" 60°20'26.80""W";Ok;;;;;;;;;;;;;;;;;;;;;;;;;;;;;;;;;LEITO NATURAL;;;A VISITAR;;;;R$ 3.350.000,00;
 RMIRA ;841;SUB. RAMAL SERRA BAIXA ;ESTRADA;PRIMÁRIO;RAMAL DO AÇUTUBA;RAMAL DO AÇUTUBA - KM 5,80;Início do Sub. Ramal Serra Baixa - Ramal do Açutuba - Km 5,80;Fim do Sub. Ramal Serra Baixa - Km 2,37;IRANDUBA ;RMM;2,37;;km;"  3° 7'15.06""S";" 60°19'39.02""W";"  3° 6'14.83""S";" 60°19'40.30""W";Ok;;;;;;;;;;;;;;;;;;;;;;;;;;;;;;;;;LEITO NATURAL;;;A VISITAR;;;;R$ 5.925.000,00;
 RMIRA ;842;SUB. RAMAL PEDREIRA;ESTRADA;PRIMÁRIO;RAMAL DO AÇUTUBA;RAMAL DO AÇUTUBA - KM 5,19;Início do Sub. Ramal Pedreira - Ramal do Açutuba - Km 5,19 ;Fim do Sub. Ramal Pedreira - Km 2,30;IRANDUBA ;RMM;2,30;;km;"  3° 7'21.38""S";" 60°19'20.16""W";"  3° 6'34.47""S";" 60°18'24.91""W";Ok;;;;;;;;;;;;;;;;;;;;;;;;;;;;;;;;;LEITO NATURAL;;;A VISITAR;;;;R$ 5.750.000,00;
 RMIRA ;843;SUB. RAMAL DO BIRIBAZAL ;ESTRADA;PRIMÁRIO;RAMAL DO AÇUTUBA;RAMAL DO AÇUTUBA - KM 5,73;Início do Sub. Ramal do Biribazal - Ramal do Açutuba - Km 5,73;Fim do Sub. Ramal do Biribazal - Km 0,99;IRANDUBA ;RMM;0,99;;km;"  3° 7'16.31""S";" 60°19'37.11""W";"  3° 7'46.72""S";" 60°19'44.62""W";Ok;;;;;;;;;;;;;;;;;;;;;;;;;;;;;;;;;LEITO NATURAL;;;A VISITAR;;;;R$ 2.475.000,00;
 RMIRA ;844;SUB. RAMAL SÃO MIGUEL ;ESTRADA;PRIMÁRIO;RAMAL DO AÇUTUBA;RAMAL DO AÇUTUBA - KM 6,53;Início do Sub. Ramal São Miguel - Ramal do Açutuba - Km 6,53;Fim do Sub. Ramal São Miguel - Km 1,67;IRANDUBA ;RMM;1,67;;km;"  3° 7'9.92""S";" 60°20'0.73""W";"  3° 6'19.72""S";" 60°19'55.47""W";Ok;;;;;;;;;;;;;;;;;;;;;;;;;;;;;;;;;LEITO NATURAL;;;A VISITAR;;;;R$ 4.175.000,00;
 RMIRA ;845;SUB. RAMAL SÃO JOSE;ESTRADA;PRIMÁRIO;RAMAL DO AÇUTUBA;RAMAL DO AÇUTUBA - KM 8,19;Início do Sub. Ramal São Jose - Ramal do Açutuba - Km 8,19;Fim do Sub. Ramal São Jose - Km 0,85;IRANDUBA ;RMM;0,85;;km;"  3° 6'45.89""S";" 60°20'46.74""W";"  3° 7'13.48""S";" 60°20'48.07""W";Ok;;;;;;;;;;;;;;;;;;;;;;;;;;;;;;;;;LEITO NATURAL;;;A VISITAR;;;;R$ 2.125.000,00;
 RMIRA ;846;SUB. RAMAL SERRA BAIXA 2;ESTRADA;PRIMÁRIO;RAMAL DO AÇUTUBA;RAMAL DO AÇUTUBA - KM 8,0;Início do Sub. Ramal Serra Baixa 2 - Ramal do Açutuba - Km 8;Fim do Sub. Ramal Serra Baixa 2 - Km 0,56;IRANDUBA ;RMM;0,56;;km;"  3° 6'48.27""S";" 60°20'41.79""W";"  3° 7'1.15""S";" 60°20'39.15""W";Ok;;;;;;;;;;;;;;;;;;;;;;;;;;;;;;;;;LEITO NATURAL;;;A VISITAR;;;;R$ 1.400.000,00;
 RMIRA ;847;SUB. RAMAL SERRA BAIXA 3;ESTRADA;PRIMÁRIO;RAMAL DO AÇUTUBA;RAMAL DO AÇUTUBA - KM 8,18;Início do Sub. Ramal Serra Baixa 3 - Ramal do Açutuba - Km 8,18;Fim do Sub. Ramal Serra Baixa 3 - Km 0,27;IRANDUBA ;RMM;0,27;;km;"  3° 6'45.53""S";" 60°20'46.25""W";"  3° 6'37.10""S";" 60°20'45.49""W";Ok;;;;;;;;;;;;;;;;;;;;;;;;;;;;;;;;;LEITO NATURAL;;;A VISITAR;;;;R$ 675.000,00;
 RMIRA ;848;SUB. RAMAL SERRA BAIXA 4;ESTRADA;PRIMÁRIO;RAMAL DO AÇUTUBA;RAMAL DO AÇUTUBA - KM 9,29;Início do Sub. Ramal Serra Baixa 3 - Ramal do Açutuba - Km 9,29;Fim do Sub. Ramal Serra Baixa 4 - Km 1,71;IRANDUBA ;RMM;1,71;;km;"  3° 6'37.99""S";" 60°21'14.11""W";"  3° 7'17.85""S";" 60°21'51.51""W";Ok;;;;;;;;;;;;;;;;;;;;;;;;;;;;;;;;;LEITO NATURAL;;;A VISITAR;;;;R$ 4.275.000,00;
 RMIRA ;849;SUB. RAMAL S.I;ESTRADA;PRIMÁRIO;RAMAL DO AÇUTUBA;RAMAL DO AÇUTUBA - KM 10,9;Início do Sub. Ramal S.I - Ramal do Açutuba - Km 10,9;Fim do Sub. Ramal S.I - Km 2,14;IRANDUBA ;RMM;2,14;;km;"  3° 5'52.91""S";" 60°21'24.64""W";"  3° 5'47.48""S";" 60°22'31.01""W";Ok;;;;;;;;;;;;;;;;;;;;;;;;;;;;;;;;;LEITO NATURAL;;;A VISITAR;;;;R$ 5.350.000,00;
 RMIRA ;850;RAMAL CABEÇA DO BODE;ESTRADA;PRIMÁRIO;AM-151;AM-151 - KM 9,57;Início do Ramal Cabeça do Bode - Am-151 - Km 9,57;Fim do Ramal Cabeça do Bode - Km 2,23;IRANDUBA ;RMM;2,23;;km;"  3°16'17.25""S";" 60°10'24.71""W";"  3°16'12.23""S";" 60° 9'22.92""W";Ok;;;;;;;;;;;;;;;;;;;;;;;;;;;;;;;;;LEITO NATURAL;;;A VISITAR;;;;R$ 5.575.000,00;
 RMIRA ;851;SUB. RAMAL CHISA;ESTRADA;PRIMÁRIO;RAMAL CABEÇA DO BODE;RAMAL CABEÇA DO BODE - KM 0,33;Início do Sub. Ramal Chisa - Ramal Cabeça do Bode - Km 0,33;Fim do Sub. Ramal Chisa - Km 1,42;IRANDUBA ;RMM;1,42;;km;"  3°16'24.07""S";" 60°10'17.07""W";"  3°16'2.82""S";" 60° 9'41.66""W";Ok;;;;;;;;;;;;;;;;;;;;;;;;;;;;;;;;;LEITO NATURAL;;;A VISITAR;;;;R$ 3.550.000,00;
 RMIRA ;852;RAMAL DO BINDÁ;ESTRADA;PRIMÁRIO;AM-151;AM-151 - KM 7,4;Início do Ramal do Bindá - Am-151 - Km 7,4;Fim do Ramal do Bindá - Am-151 - Km 1,36;IRANDUBA ;RMM;1,36;;km;"  3°15'30.57""S";" 60° 9'40.52""W";"  3°15'43.42""S";" 60° 8'59.44""W";Ok;;;;;;;;;;;;;;;;;;;;;;;;;;;;;;;;;LEITO NATURAL;;;A VISITAR;;;;R$ 3.400.000,00;
 RMIRA ;853;RAMAL MANOEL GARCIA;ESTRADA;PRIMÁRIO;AM-151;AM-151 - KM 7,29;Início do Ramal Manoel Garcia - Am-151 - Km 7,29;Fim do Ramal Manoel Garcia - Am-151 - Km 1;IRANDUBA ;RMM;1,00;;km;"  3°15'23.56""S";" 60° 9'39.77""W";"  3°15'40.05""S";" 60° 9'18.20""W";Ok;;;;;;;;;;;;;;;;;;;;;;;;;;;;;;;;;LEITO NATURAL;;;A VISITAR;;;;R$ 2.500.000,00;
 RMIRA ;854;RAMAL OITO DE OUTUBRO;ESTRADA;PRIMÁRIO;AM-151;AM-151 - KM 6,59;Início do Ramal Oito de Outubro - Am-151 - Km 6,59;Fim do  Ramal Oito de Outubro - Am-151 - Km 1,77;IRANDUBA ;RMM;1,77;;km;"  3°15'3.76""S";" 60° 9'41.51""W";"  3°14'52.55""S";" 60°10'35.17""W";Ok;;;;;;;;;;;;;;;;;;;;;;;;;;;;;;;;;LEITO NATURAL;;;A VISITAR;;;;R$ 4.425.000,00;
 RMIRA ;855;RAMAL PIC BELA VISTA;ESTRADA;PRIMÁRIO;AM-151;AM-151 - KM 5,34;Início do Ramal Pic Bela Vista - Am-151 - Km 5,34;Fim do Ramal Pic Bela Vista - Am-151 - Km 4;IRANDUBA ;RMM;4,00;;km;"  3°14'30.24""S";" 60°10'4.12""W";"  3°13'21.28""S";" 60°10'58.48""W";Ok;;;;;;;;;;;;;;;;;;;;;;;;;;;;;;;;;LEITO NATURAL;;;A VISITAR;;;;R$ 10.000.000,00;
 RMIRA ;856;RAMAL FÉ EM DEUS;ESTRADA;PRIMÁRIO;AM-151;AM-151 - KM 3,82;Início do Ramal Fé em Deus - Am-151 - Km 3,82;Fim do Ramal Fé em Deus - Am-151 - Km 0,38;IRANDUBA ;RMM;0,38;;km;"  3°13'47.72""S";" 60° 9'52.45""W";"  3°13'48.51""S";" 60° 9'40.42""W";Ok;;;;;;;;;;;;;;;;;;;;;;;;;;;;;;;;;LEITO NATURAL;;;A VISITAR;;;;R$ 950.000,00;
 RMIRA ;857;SUB. RAMAL MORADA DO SOL ;ESTRADA;PRIMÁRIO;RAMAL LINDO AMANHECER;RAMAL LINDO AMANHECER - KM 3,25;Início do Sub. Ramal Morada do Sol - Ramal Lindo Amanhercer - Km 3,25 ;Fim do Sub. Ramal Morada do Sol - Km 4,92;IRANDUBA ;RMM;4,92;;km;"  3°11'44.60""S";" 60°17'1.80""W";"  3°11'31.91""S";" 60°14'27.09""W";Ok;;;;;;;;;;;;;;;;;;;;;;;;;;;;;;;;;LEITO NATURAL;;;A VISITAR;;;;R$ 12.300.000,00;
 RMIRA ;858;SUB. RAMAL DAS OLIVEIRAS;ESTRADA;PRIMÁRIO;SUB. RAMAL MORADA DO SOL ;SUB. RAMAL MORADA DO SOL - KM 1,75;Início do Sub. Ramal das Oliveiras - Sub. Ramal Morada do Sol - Km 1,75;Fim do Sub. Ramal das Oliveiras - Km 0,90;IRANDUBA ;RMM;0,90;;km;"  3°11'39.86""S";" 60°16'5.20""W";"  3°12'6.86""S";" 60°15'55.61""W";Ok;;;;;;;;;;;;;;;;;;;;;;;;;;;;;;;;;LEITO NATURAL;;;A VISITAR;;;;R$ 2.250.000,00;
 RMIRA ;859;SUB. RAMAL DA VITÓRIA;ESTRADA;PRIMÁRIO;SUB. RAMAL MORADA DO SOL ;SUB. RAMAL MORADA DO SOL - KM 1,97;Início do Sub. Ramal da Vitória - Sub. Ramal Morada do Sol - Km 1,97;Fim o Sub. Ramal da Vitória - Km 0,82;IRANDUBA ;RMM;0,82;;km;"  3°11'39.00""S";" 60°15'58.18""W";"  3°12'4.15""S";" 60°15'49.03""W";Ok;;;;;;;;;;;;;;;;;;;;;;;;;;;;;;;;;LEITO NATURAL;;;A VISITAR;;;;R$ 2.050.000,00;
 RMIRA ;860;SUB. RAMAL BOA ESPERANÇA;ESTRADA;PRIMÁRIO;SUB. RAMAL MORADA DO SOL ;SUB. RAMAL MORADA DO SOL - KM 3,62;Início do Sub. Ramal Boa Esperança - Sub. Ramal Morada do Sol - Km 3,62;Fim do Sub. Ramal Boa Esperança - Km 2,1;IRANDUBA ;RMM;2,10;;km;"  3°11'27.56""S";" 60°15'8.98""W";"  3°11'9.65""S";" 60°14'17.84""W";Ok;;;;;;;;;;;;;;;;;;;;;;;;;;;;;;;;;LEITO NATURAL;;;A VISITAR;;;;R$ 5.250.000,00;
 RMIRA ;861;SUB. RAMAL DO MASTRUZ;ESTRADA;PRIMÁRIO;SUB. RAMAL MORADA DO SOL ;SUB. RAMAL MORADA DO SOL - KM 3,1;Início do Sub. Ramal do Mastruz - Sub. Ramal Morada do Sol - Km 3,1;Fim do Sub. Ramal do Mastruz - Km 1,92;IRANDUBA ;RMM;1,92;;km;"  3°11'27.81""S";" 60°15'26.88""W";"  3°11'8.29""S";" 60°14'55.72""W";Ok;;;;;;;;;;;;;;;;;;;;;;;;;;;;;;;;;LEITO NATURAL;;;A VISITAR;;;;R$ 4.800.000,00;
 RMIRA ;862;SUB. RAMAL DEUS PROVERÁ;ESTRADA;PRIMÁRIO;SUB. RAMAL BOA ESPERANÇA;SUB. RAMAL BOA ESPERANÇA - KM 1,45;Início do Sub. Ramal Deus Proverá - Sub. Ramal Boa Esperança - Km 1,45;Fim do Sub. Ramal Deus Proverá - Km 0,59;IRANDUBA ;RMM;0,59;;km;"  3°11'4.48""S";" 60°14'32.86""W";"  3°10'50.57""S";" 60°14'45.91""W";Ok;;;;;;;;;;;;;;;;;;;;;;;;;;;;;;;;;LEITO NATURAL;;;A VISITAR;;;;R$ 1.475.000,00;
 RMIRA ;863;SUB. RAMAL DO BARROSO;ESTRADA;PRIMÁRIO;SUB. RAMAL DA CREUZA 2;SUB. RAMAL DA CREUZA 2 - KM 0,41 ;Início do Sub. Ramal do Barroso - Sub. Ramal Creuza 2 - Km 0,41;Fim do Sub. Ramal do Barroso - Km 18,3;IRANDUBA ;RMM;18,30;;km;"  3°15'6.57""S";" 60° 7'58.48""W";"  3°14'17.85""S";" 60° 0'6.83""W";Ok;;;;;;;;;;;;;;;;;;;;;;;;;;;;;;;;;LEITO NATURAL;;;A VISITAR;;;;R$ 45.750.000,00;
 RMIRA ;864;SUB. RAMAL DA CREUZA 2;ESTRADA;PRIMÁRIO;RAMAL DA CREUZA;RAMAL DA CREUZA - KM 3,76;Início do Sub. Ramal da Creuza 2 - Ramal da Creuza - Km 3,76;Fim do Sub. Ramal da Creuza 2 - Km 2,97;IRANDUBA ;RMM;2,97;;km;"  3°14'54.06""S";" 60° 8'3.00""W";"  3°16'15.87""S";" 60° 7'26.32""W";Ok;;;;;;;;;;;;;;;;;;;;;;;;;;;;;;;;;LEITO NATURAL;;;A VISITAR;;;;R$ 7.425.000,00;
 RMIRA ;865;SUB. RAMAL SÃO JOSE DO UMIRITUBA;ESTRADA;PRIMÁRIO;RAMAL DO JANAUARI;RAMAL DO JANAUARI - KM 14,2;Início do Sub. Ramal Jose do Umirituba - Ramal do Janauari - Km 14,2;Fim do Sub. Ramal  Jose do Umirituba - Km 4,25;IRANDUBA ;RMM;4,25;;km;"  3°14'6.73""S";" 60° 4'29.02""W";"  3°13'54.19""S";" 60° 2'44.76""W";Ok;;;;;;;;;;;;;;;;;;;;;;;;;;;;;;;;;LEITO NATURAL;;;A VISITAR;;;;R$ 10.625.000,00;
 RMITA ;866;SUB. RAMAL DA COMUNIDADE DO BOM JARDIM;ESTRADA;PRIMÁRIO;RAMAL DA SUDAM;RAMAL DA SUDAM - KM 18,5;Início do Sub. Ramal da Comunidade do Bom Jardim - Ramal da Sudam 2 - Km 18,5;Fim do Sub. Ramal da Comunidade do Bom Jardim - Km 3,97;ITACOATIARA;RMM;3,97;;km;"  3°11'17.08""S";" 58°44'27.27""W";"  3°12'10.35""S";" 58°46'6.20""W";Ok;;;;;;;;;;;;;;;;;;;;;;;;;;;;;;;;;LEITO NATURAL;;;A VISITAR;;;;R$ 9.925.000,00;
 RMITA ;867;ESTRADA DO JACAREZINHO;ESTRADA;PRIMÁRIO;AM-010 ;AM-010 - KM 260,3;Início da Estrada do Jacarezinho - Am-010 - Km 260,3;Fim da Estrada do Jacarezinho - Am-010 - Km 2,47;ITACOATIARA;RMM;2,47;;km;"  3° 5'46.41""S";" 58°27'22.59""W";"  3° 4'57.52""S";" 58°26'36.69""W";Ok;;;;;;;;;;;;;;;;;;;;;;;;;;;;;;;;;LEITO NATURAL;;;A VISITAR;;;;R$ 6.175.000,00;
 RMITA ;868;SUB. RAMAL DA COMUNIDADE SÃO FRANCISCO DO JAMANÃ;ESTRADA;PRIMÁRIO;SUB. RAMAL DA JAMANÃ;SUB. RAMAL DA JAMANÃ - KM 1,78;Início do Sub. Ramal da Comunidade São Francisco do Jamanã - Sub. Ramal da Jamanã - Km 1,78;Fim do Sub. Ramal da Comunidade São Francisco do Jamanã - Km 1,41;ITACOATIARA;RMM;1,41;;km;"  3° 6'53.49""S";" 58°29'9.91""W";"  3° 6'15.10""S";" 58°29'27.04""W";Ok;;;;;;;;;;;;;;;;;;;;;;;;;;;;;;;;;LEITO NATURAL;;;A VISITAR;;;;R$ 3.525.000,00;
 RMITA ;869;SUB. RAMAL S.I;ESTRADA;PRIMÁRIO;SUB. RAMAL DA JAMANÃ;SUB. RAMAL DA JAMANÃ - KM 6,49;Início do Sub. Ramal S.I - Sub. Ramal da Jamanã - Km 6,49;Fim do Sub. Ramal S.I - Km 2,98;ITACOATIARA;RMM;2,98;;km;"  3° 6'34.44""S";" 58°31'19.35""W";"  3° 7'10.58""S";" 58°30'16.22""W";Ok;;;;;;;;;;;;;;;;;;;;;;;;;;;;;;;;;LEITO NATURAL;;;A VISITAR;;;;R$ 7.450.000,00;
 RMITA ;870;SUB. RAMAL S.I 2;ESTRADA;PRIMÁRIO;RAMAL DO RONDON l;RAMAL DO RONDON l - KM 6,79;Início do Sub. Ramal S.I - Ramal do Rondon l - Km 6,79;Fim do Sub. Ramal S.I 2 - Km 4,81;ITACOATIARA;RMM;4,81;;km;"  3° 5'32.01""S";" 58°32'13.77""W";"  3° 7'8.92""S";" 58°33'14.83""W";Ok;;;;;;;;;;;;;;;;;;;;;;;;;;;;;;;;;LEITO NATURAL;;;A VISITAR;;;;R$ 12.025.000,00;
 RMITM ;871;ESTRADA SANTO DUMONT ;ESTRADA;PRIMÁRIO;-;-;Início da Estrada Santo Dumont - Km 00;Fim da Estrada Santo Dumont - Km 19,4;ITAMARATI;INTERIOR;19,40;;km;"  6°24'50.52""S";" 68°15'39.37""W";"  6°17'53.38""S";" 68°12'41.45""W";Ok;;;;;;;;;;;;;;;;;;;;;;;;;;;;;;;;;LEITO NATURAL;;;A VISITAR;;;;R$ 48.500.000,00;
 RMUAR ;872;ESTRADA S.I;ESTRADA;PRIMÁRIO;AM-249;AM-249 - KM 2,47;Início da Estrada S.I - Am-249 - Km 2,47;Fim da Estrada S.I - Km 3,86;UARINI;INTERIOR;3,86;;km;"  2°58'48.87""S";" 65°10'46.38""W";"  2°57'19.54""S";" 65°10'54.78""W";Ok;;;;;;;;;;;;;;;;;;;;;;;;;;;;;;;;;LEITO NATURAL;;;A VISITAR;;;;R$ 9.650.000,00;
 RMUAR ;873;ESTRADA S.I 2;ESTRADA;PRIMÁRIO;AM-249;AM-249 - KM 10,6;Início da Estrada S.I 2 - Am-249 - Km 10,6;Fim da Estrada S.I 2 - Km 3,22;UARINI;INTERIOR;3,22;;km;"  2°57'49.18""S";" 65°14'22.56""W";"  2°56'33.67""S";" 65°13'27.60""W";Ok;;;;;;;;;;;;;;;;;;;;;;;;;;;;;;;;;LEITO NATURAL;;;A VISITAR;;;;R$ 8.050.000,00;
 RMUAR ;874;ESTRADA S.I 3;ESTRADA;PRIMÁRIO;AM-249;AM-249 - KM 12,5;Início da Estrada S.I 3 - Am-249 - Km 12,5;Fim da Estrada S.I 3 - Km 3,14;UARINI;INTERIOR;3,14;;km;"  2°56'49.29""S";" 65°14'35.43""W";"  2°56'1.94""S";" 65°14'31.23""W";Ok;;;;;;;;;;;;;;;;;;;;;;;;;;;;;;;;;LEITO NATURAL;;;A VISITAR;;;;R$ 7.850.000,00;
 RMUAR ;875;ESTRADA S.I 4;ESTRADA;PRIMÁRIO;-;-;Inicio da Estrada S.I 4 - Km 00;Fim da Estrada S.I 4 - Km 2,18;UARINI;INTERIOR;2,18;;km;"  3° 1'43.76""S";" 65° 2'57.67""W";"  3° 1'6.14""S";" 65° 3'50.80""W";Ok;;;;;;;;;;;;;;;;;;;;;;;;;;;;;;;;;LEITO NATURAL;;;A VISITAR;;;;R$ 5.450.000,00;
 RMUAR ;876;ESTRADA S.I 5;ESTRADA;PRIMÁRIO;-;-;Inicio da Estrada S.I 5 - Km 00;Fim da Estrada S.I 5 - Km 4,37;UARINI;INTERIOR;4,37;;km;"  3° 1'55.67""S";" 65° 2'47.00""W";"  3° 4'0.80""S";" 65° 3'24.12""W";Ok;;;;;;;;;;;;;;;;;;;;;;;;;;;;;;;;;LEITO NATURAL;;;A VISITAR;;;;R$ 10.925.000,00;
 RMUCA ;877;ESTRADA URUCARÁ - MARAJAZINHO;ESTRADA;PRIMÁRIO;ESTRADA GILBRTO MESTRINHO ;ESTRADA GILBRTO MESTRINHO - KM 0,34 ;Início da Estrada Urucará - Marajazinho - Estrada Gilberto Mestrinho - Km 0,34;Fim da Estrada Urucará - Marajazinho - Km 33,8;URUCARÁ;INTERIOR;33,80;;km;"  2°32'8.75""S";" 57°44'49.54""W";"  2°27'19.23""S";" 57°39'25.89""W";Ok;;;;;;;;;;;;;;;;;;;;;;;;;;;;;;;;;LEITO NATURAL;;;A VISITAR;;;;R$ 84.500.000,00;
 RMTON ;878;RAMAL DA COMUNIDADE SÃO FELIX;ESTRADA;PRIMÁRIO;-;-;Início do Ramal da Comunidade São Felix - Km 00;Fim do Ramal da Comunidade São Felix - Km 5,23;TONANTINS;INTERIOR;5,23;;km;"  2°51'14.49""S";" 67°46'33.75""W";"  2°49'23.83""S";" 67°48'3.10""W";Ok;;;;;;;;;;;;;;;;;;;;;;;;;;;;;;;;;LEITO NATURAL;;;A VISITAR;;;;R$ 13.075.000,00;
 RMTON ;879;RAMAL S.I;ESTRADA;PRIMÁRIO;RAMAL DA COMUNIDADE SÃO FELIX;RAMAL DA COMUNIDADE SÃO FELIX - KM 0,60 ;Início do Ramal S.I - Ramal da Comunidade São Felix - Km 0,60;Fim do Ramal S.I - Km 4,22;TONANTINS;INTERIOR;4,22;;km;"  2°50'59.33""S";" 67°46'42.86""W";"  2°49'45.06""S";" 67°45'18.78""W";Ok;;;;;;;;;;;;;;;;;;;;;;;;;;;;;;;;;LEITO NATURAL;;;A VISITAR;;;;R$ 10.550.000,00;
 RMTON ;880;SUB. RAMAL S.I ;ESTRADA;PRIMÁRIO;RAMAL S.I;RAMAL S.I - KM 2,20;Início do Sub. Ramal S.I - Ramal S.I - Km 2,20;Fim do Sub. Ramal S.I  Km 2,1;TONANTINS;INTERIOR;2,10;;km;"  2°49'57.54""S";" 67°46'16.01""W";"  2°48'59.55""S";" 67°46'25.09""W";Ok;;;;;;;;;;;;;;;;;;;;;;;;;;;;;;;;;LEITO NATURAL;;;A VISITAR;;;;R$ 5.250.000,00;
 RMTON ;881;ESTRADA DA COMUNIDADE CANAVIAL ;ESTRADA;PRIMÁRIO;-;-;Início da Estrada da Comunidade Canavial - Km 00;Fim da Estrada da Comunidade Canavial - Km 1,68;TONANTINS;INTERIOR;1,68;;km;"  2°45'46.39""S";" 67°38'26.89""W";"  2°45'25.13""S";" 67°37'39.29""W";Ok;;;;;;;;;;;;;;;;;;;;;;;;;;;;;;;;;LEITO NATURAL;;;A VISITAR;;;;R$ 4.200.000,00;
 RMTON ;882;ESTRADA DA COMUNIDADE SÃO SEBASTIÃO ;ESTRADA;PRIMÁRIO;-;-;Início da Estrada da Comunidade São Sebastião - Km 00;Fim da Estrada da Comunidade São Sebastião - Km 3,6;TONANTINS;INTERIOR;3,60;;km;"  2°45'18.25""S";" 67°37'24.61""W";"  2°45'17.29""S";" 67°35'34.36""W";Ok;;;;;;;;;;;;;;;;;;;;;;;;;;;;;;;;;LEITO NATURAL;;;A VISITAR;;;;R$ 9.000.000,00;
 RMTON ;883;RAMAL DA COMUNIDADE SANTA LUZIA ;ESTRADA;PRIMÁRIO;-;-;Início do Ramal da Comunidade Sanata Luzia - Km 00;Fim do Ramal da Comunidade Santa Luzia - Km 1,57;TONANTINS;INTERIOR;1,57;;km;"  2°44'56.49""S";" 67°35'4.70""W";"  2°44'9.01""S";" 67°35'12.33""W";Ok;;;;;;;;;;;;;;;;;;;;;;;;;;;;;;;;;LEITO NATURAL;;;A VISITAR;;;;R$ 3.925.000,00;
 RMTON ;884;RAMAL S.I 2;ESTRADA;PRIMÁRIO;-;-;Início do Ramal S.I 2 - Km 00;Fim do Ramal S.I 2 - Km 2,14;TONANTINS;INTERIOR;2,14;;km;"  2°52'8.42""S";" 67°48'3.21""W";"  2°51'58.13""S";" 67°48'57.11""W";Ok;;;;;;;;;;;;;;;;;;;;;;;;;;;;;;;;;LEITO NATURAL;;;A VISITAR;;;;R$ 5.350.000,00;
 RMTON ;885;RAMAL S.I 3;ESTRADA;PRIMÁRIO;-;-;Início do Ramal S.I 3 - Km 00;Fim do Ramal S.I 3 - Km 3,71;TONANTINS;INTERIOR;3,71;;km;"  2°52'10.63""S";" 67°48'25.72""W";"  2°52'6.77""S";" 67°49'37.98""W";Ok;;;;;;;;;;;;;;;;;;;;;;;;;;;;;;;;;LEITO NATURAL;;;A VISITAR;;;;R$ 9.275.000,00;
 RMTON ;886;RAMAL S.I 4;ESTRADA;PRIMÁRIO;-;-;Início do Ramal S.I 4 - Km 00;Fim do Ramal S.I 4 - Km 1,64;TONANTINS;INTERIOR;1,64;;km;"  2°51'49.42""S";" 67°47'51.94""W";"  2°51'1.76""S";" 67°47'50.57""W";Ok;;;;;;;;;;;;;;;;;;;;;;;;;;;;;;;;;LEITO NATURAL;;;A VISITAR;;;;R$ 4.100.000,00;
 RMTAP ;887;ESTRADA S.I ;;PRIMÁRIO;AM-366;AM-366 - KM 80,6;Início da Estrada S.I - Am-366 - Km 80,6;Fim da Estrada S.I - Km 2,79;TAPAUÁ;INTERIOR;2,79;;km;"  5°40'42.29""S";" 63° 8'48.82""W";"  5°42'2.00""S";" 63° 9'24.70""W";Ok;;;;;;;;;;;;;;;;;;;;;;;;;;;;;;;;;LEITO NATURAL;;;A VISITAR;;;;R$ 6.975.000,00;
 RMTAP ;888;SUB. RAMAL S.I ;;PRIMÁRIO;ESTRADA S.I ;ESTRADA S.I - KM 2,79;Início do Sub. Ramal S.I - Estrada S.I - Km 2,79;Fim do Sub. Ramal S.I  - Km 10,2;TAPAUÁ;INTERIOR;10,20;;km;"  5°41'50.91""S";" 63°10'47.71""W";"  5°45'33.15""S";" 63° 8'44.00""W";Ok;;;;;;;;;;;;;;;;;;;;;;;;;;;;;;;;;LEITO NATURAL;;;A VISITAR;;;;R$ 25.500.000,00;
 RMTAP ;889;SUB. RAMAL S.I 2;;PRIMÁRIO;SUB. RAMAL S.I ;SUB. RAMAL S.I - KM 2,52;Início do Sub. Ramal S.I 2 - Sub. Ramal S.I Km 2,52;Fim do Sub. Ramal S.I 2 - Km 5,32;TAPAUÁ;INTERIOR;5,32;;km;"  5°42'2.25""S";" 63° 9'27.08""W";"  5°43'31.15""S";" 63°11'15.69""W";Ok;;;;;;;;;;;;;;;;;;;;;;;;;;;;;;;;;LEITO NATURAL;;;A VISITAR;;;;R$ 13.300.000,00;
 RMTAP ;890;SUB. RAMAL S.I 3;;PRIMÁRIO;SUB. RAMAL S.I ;SUB. RAMAL S.I - KM 7,98;Início do Sub. Ramal S.I 3 - Sub. Ramal S.I Km 7,98;Fim do Sub. Ramal 3 - Km 6,21;TAPAUÁ;INTERIOR;6,21;;km;"  5°44'23.98""S";" 63° 8'48.15""W";"  5°45'45.71""S";" 63°11'20.47""W";Ok;;;;;;;;;;;;;;;;;;;;;;;;;;;;;;;;;LEITO NATURAL;;;A VISITAR;;;;R$ 15.525.000,00;
 RMSSU ;891;RAMAL S.I;;PRIMÁRIO;AM-363;AM-363 - KM 4,36;Início do Ramal S.I - Am-363 - Km 4,36;Fim do Ramal S.I - Km 2,89;SÃO SEBASTIÃO DO UATUMÃ ;INTERIOR;2,89;;km;"  2°32'6.01""S";" 57°52'38.65""W";"  2°31'51.91""S";" 57°54'5.60""W";Ok;;;;;;;;;;;;;;;;;;;;;;;;;;;;;;;;;LEITO NATURAL;;;A VISITAR;;;;R$ 7.225.000,00;
 RMSSU ;892;RAMAL S.I 2;;PRIMÁRIO;AM-363;AM-363 - KM 5,3;Início do Ramal S.I 2 - Am-363 - Km 5,3;Fim do Ramal S.I 2 - Km 3,36;SÃO SEBASTIÃO DO UATUMÃ ;INTERIOR;3,36;;km;"  2°31'33.27""S";" 57°52'42.97""W";"  2°31'8.36""S";" 57°51'4.95""W";Ok;;;;;;;;;;;;;;;;;;;;;;;;;;;;;;;;;LEITO NATURAL;;;A VISITAR;;;;R$ 8.400.000,00;
 RMSIN ;893;RAMAL DO CRISPIM;;PRIMÁRIO;AM-170;AM-170 - KM 5,80;Início do Ramal do Crispim - Am-170 - Km 5,80;Fim do Ramal do Crispim - Km 1,1;SANTA ISABEL DO RIO NEGRO;INTERIOR;1,10;;km;"  0°22'23.87""S";" 65° 1'55.92""W";"  0°21'59.53""S";" 65° 1'38.49""W";Ok;;;;;;;;;;;;;;;;;;;;;;;;;;;;;;;;;LEITO NATURAL;;;A VISITAR;;;;R$ 2.750.000,00;
 RMRPE ;894;SUB. RAMAL SETE ;;PRIMÁRIO;RAMAL DO MANAPOLIS;RAMAL DO MANAPOLIS - KM 11,8;Início do Sub. Ramal Sete - Ramal do Manapolis - Km 11,8;Fim do Sub. Ramal Sete - Km 13,4;RIO PRETO DA EVA ;RMM;13,40;;km;"  2°54'50.16""S";" 59°28'1.38""W";"  2°56'51.13""S";" 59°23'33.36""W";Ok;;;;;;;;;;;;;;;;;;;;;;;;;;;;;;;;;LEITO NATURAL;;;A VISITAR;;;;R$ 33.500.000,00;
 RMRPE ;895;SUB. RAMAL S.I;;PRIMÁRIO;RAMAL DO MANAPOLIS;RAMAL DO MANAPOLIS - KM 12,1;Início do Sub. Ramal S.I - Ramal do Manapolis - Km 12,1;Fim do Sub. Ramal S.I - Km 3,64;RIO PRETO DA EVA ;RMM;3,64;;km;"  2°54'55.38""S";" 59°28'5.64""W";"  2°54'30.12""S";" 59°29'57.67""W";Ok;;;;;;;;;;;;;;;;;;;;;;;;;;;;;;;;;LEITO NATURAL;;;A VISITAR;;;;R$ 9.100.000,00;
 RMRPE ;896;SUB. RAMAL S.I 2;;PRIMÁRIO;RAMAL DO MANAPOLIS;RAMAL DO MANAPOLIS - KM 13,81;Início do Sub. Ramal S.I 2 - Ramal do Manapolis - Km 13,81;Fim do Sub. Ramal S.I 2 - Km 2;RIO PRETO DA EVA ;RMM;2,00;;km;"  2°55'44.97""S";" 59°28'30.34""W";"  2°56'35.16""S";" 59°27'48.85""W";Ok;;;;;;;;;;;;;;;;;;;;;;;;;;;;;;;;;LEITO NATURAL;;;A VISITAR;;;;R$ 5.000.000,00;
 RMRPE ;897;SUB. RAMAL S.I 3;;PRIMÁRIO;RAMAL DO MANAPOLIS;RAMAL DO MANAPOLIS - KM 15,89;Início do Sub. Ramal S.I 3 - Ramal do Manapolis - Km 15,89;Fim do Sub. Ramal S.I 3 - Km 4,47;RIO PRETO DA EVA ;RMM;4,47;;km;"  2°56'33.34""S";" 59°29'17.50""W";"  2°54'44.19""S";" 59°30'37.61""W";Ok;;;;;;;;;;;;;;;;;;;;;;;;;;;;;;;;;LEITO NATURAL;;;A VISITAR;;;;R$ 11.175.000,00;
 RMRPE ;898;SUB. RAMAL S.I 4;;PRIMÁRIO;RAMAL DO MANAPOLIS;RAMAL DO MANAPOLIS - KM 15,90;Início do Sub. Ramal S.I 4 - Ramal do Manapolis - Km 15,90;Fim do Sub. Ramal S.I 4 - Km 1,98;RIO PRETO DA EVA ;RMM;1,98;;km;"  2°56'33.97""S";" 59°29'17.54""W";"  2°57'29.03""S";" 59°28'49.64""W";Ok;;;;;;;;;;;;;;;;;;;;;;;;;;;;;;;;;LEITO NATURAL;;;A VISITAR;;;;R$ 4.950.000,00;
 RMRPE ;899;SUB. RAMAL S.I 5;;PRIMÁRIO;RAMAL ASA BRANCA;RAMAL ASA BRANCA - KM 2,15;Início do Sub. Ramal S.I 5 - Ramal Asa Branca - Km 2,15;Fim do Sub. Ramal S.I 5 - Km 7,87;RIO PRETO DA EVA ;RMM;7,87;;km;"  2°46'29.48""S";" 59°29'32.93""W";"  2°45'40.32""S";" 59°32'23.23""W";Ok;;;;;;;;;;;;;;;;;;;;;;;;;;;;;;;;;LEITO NATURAL;;;A VISITAR;;;;R$ 19.675.000,00;
 RMRPE ;900;SUB. RAMAL S.I 6;;PRIMÁRIO;RAMAL ASA BRANCA;RAMAL ASA BRANCA - KM 6,79;Início do Sub. Ramal S.I 6 - Ramal Asa Branca - Km 6,79;Fim do Sub. Ramal S.I 6 - Km 6,38;RIO PRETO DA EVA ;RMM;6,38;;km;"  2°48'15.75""S";" 59°30'35.05""W";"  2°50'58.98""S";" 59°32'12.92""W";Ok;;;;;;;;;;;;;;;;;;;;;;;;;;;;;;;;;LEITO NATURAL;;;A VISITAR;;;;R$ 15.950.000,00;
 RMPRF ;901;SUB. RAMAL S.I ;;PRIMÁRIO;RAMAL DO URUBUÍ ;RAMAL DO URUBUÍ - KM 4,45;Início do Sub. Ramal S.I - Ramal do Urubuí - Km 4,45;Fim do Sub. Ramal S.I - Km 7,43;PRESIDENTE FIGUEIREDO;RMM;7,43;;km;"  2° 3'10.91""S";" 60° 3'42.47""W";"  2° 5'47.47""S";" 60° 1'22.44""W";Ok;;;;;;;;;;;;;;;;;;;;;;;;;;;;;;;;;LEITO NATURAL;;;A VISITAR;;;;R$ 18.575.000,00;
 RMPRF ;902;SUB. RAMAL S.I 2 ;;PRIMÁRIO;RAMAL DO URUBUÍ ;RAMAL DO URUBUÍ - KM 5,97;Início do Sub. Ramal S.I 2 - Ramal do Urubuí - Km 5,97;Fim do Sub. Ramal S.I 2 - Km 4,45;PRESIDENTE FIGUEIREDO;RMM;4,45;;km;"  2° 2'42.27""S";" 60° 4'21.72""W";"  2° 0'59.54""S";" 60° 4'51.88""W";Ok;;;;;;;;;;;;;;;;;;;;;;;;;;;;;;;;;LEITO NATURAL;;;A VISITAR;;;;R$ 11.125.000,00;
 RMPRF ;903;SUB. RAMAL S.I 3;;PRIMÁRIO;RAMAL DA COMUNIDADE MARUAGA ;RAMAL DA COMUNIDADE MARUAGA - KM 2;Início do Sub. Ramal S.I 3 - Ramal da Comunidade Maruaga - Km 2;Fim do Sub. Ramal S.I 3 - Km 6,84;PRESIDENTE FIGUEIREDO;RMM;6,84;;km;"  2° 1'42.25""S";" 59°58'28.52""W";"  1°59'38.37""S";" 59°56'25.75""W";Ok;;;;;;;;;;;;;;;;;;;;;;;;;;;;;;;;;LEITO NATURAL;;;A VISITAR;;;;R$ 17.100.000,00;
 RMPRF ;904;SUB. RAMAL DO ALDEMO;;PRIMÁRIO;RAMAL DA BOA ESPERANÇA ;RAMAL DA BOA ESPERANÇA - KM 7,81;Início do Sub. Ramal do Aldemo - Ramal da Boa Esperança - Km 7,81;Fim do Sub. Ramal do Aldemo - Km 13,6;PRESIDENTE FIGUEIREDO;RMM;13,60;;km;"  1°54'48.93""S";" 60° 0'3.84""W";"  1°59'27.06""S";" 59°55'46.58""W";Ok;;;;;;;;;;;;;;;;;;;;;;;;;;;;;;;;;LEITO NATURAL;;;A VISITAR;;;;R$ 34.000.000,00;
 RMPUN ;905;SUB. RAMAL DA SUCURIJU ;;PRIMÁRIO;ESTRADA MACUTI ;ESTRADA MACUTI - KM 2,53;Início do Sub. Ramal da Sucuriju - Estrada macuti - Km 2,53;Fim do Sub. Ramal da Sururiju - Km  2,62;PAUINI;INTERIOR;2,62;;km;"  7°41'47.26""S";" 67° 1'8.27""W";"  7°40'36.00""S";" 67° 1'23.45""W";Ok;;;;;;;;;;;;;;;;;;;;;;;;;;;;;;;;;LEITO NATURAL;;;A VISITAR;;;;R$ 6.550.000,00;
 RMMRA ;906;RAMAL S.I;;PRIMÁRIO;-;-;Início do Ramal S.I - Km 00;Fim do Ramal S.I - Km 4,89;MARAÃ;INTERIOR;4,89;;km;"  1°50'47.11""S";" 65°35'8.18""W";"  1°49'39.00""S";" 65°33'3.73""W";Ok;;;;;;;;;;;;;;;;;;;;;;;;;;;;;;;;;LEITO NATURAL;;;A VISITAR;;;;R$ 12.225.000,00;
